Feature,Mean Absolute SHAP
categorical__r_case_number_13000349MM10A,3.2254133568469
numeric__end,1.0575286183521344
numeric__start,0.024602540845831983
categorical__c_charge_desc_Fighting/Baiting Animals,0.004931918745195565
categorical__in_custody_2015-06-12,0.002258266572212714
categorical__out_custody_2013-08-05,0.0005633737387987253
categorical__in_custody_2014-10-09,0.000517984316273692
categorical__out_custody_2014-09-19,0.0004792150409224741
categorical__c_case_number_13005158CF10A,0.00040496503372851
categorical__c_case_number_12018175CF10A,0.00038252099676944396
categorical__r_case_number_16002624CF10A,0.00038199309997908617
categorical__r_case_number_15010863CF10A,0.00038034528048713854
categorical__c_case_number_13000013CF10A,0.00038034514280427316
categorical__c_case_number_12018695CF10A,0.00037546552469585183
categorical__r_case_number_16002338MM10A,0.0003650449826144647
categorical__c_case_number_13006713MO10A,0.00036092268308558404
categorical__r_case_number_15007079CF10A,0.0003567171309607783
categorical__out_custody_2013-01-05,0.000346335937864031
categorical__c_case_number_13007122MM10A,0.0003460060776853741
categorical__in_custody_2015-02-21,0.00034476604590421905
categorical__r_case_number_15010505MM10A,0.0003345416041194796
categorical__c_case_number_13015856CF10A,0.0003333044956274195
categorical__c_case_number_13003543CF10A,0.0003313812928642549
categorical__r_case_number_15027878TC40A,0.00032878193561472734
categorical__c_case_number_13004726MM10A,0.00032813247684345016
categorical__r_case_number_16002152MM10A,0.0003234660530894002
categorical__r_case_number_15006848CF10A,0.00032324167375079023
categorical__r_case_number_16000485MM30A,0.0003169968188223951
categorical__r_case_number_15013032CF10A,0.00031626673035541097
categorical__c_case_number_13010873CF10A,0.00031355791307703174
categorical__r_case_number_15015534TC20A,0.0003100669644309545
categorical__r_case_number_15010350MM10A,0.00030859786937221644
categorical__c_case_number_13002159MM10A,0.00030382836415868223
categorical__r_case_number_16000286MM20A,0.00030040535295223234
categorical__c_case_number_13007298MM10A,0.0002946532432307726
categorical__c_case_number_13001778CF10A,0.0002923400067550171
categorical__r_case_number_15007181CF10A,0.00029070152723782955
categorical__c_case_number_13001272CF10A,0.00028349114465601837
categorical__c_charge_desc_Unlawful Use Of Police Badges,0.0002789433051032806
categorical__r_case_number_16000978CF10A,0.00027410726857264453
categorical__r_case_number_15003101CF10A,0.0002696919637575729
categorical__r_case_number_15042467TC30A,0.0002632286580480324
categorical__r_case_number_15013125MM10A,0.00026292114519442755
categorical__r_case_number_16000938MM40A,0.0002597120317229876
categorical__c_case_number_13006615CF10A,0.00025672250731141377
categorical__r_case_number_15012141MM10A,0.00025669022424948065
categorical__c_case_number_13006281CF10A,0.0002543832318291016
categorical__c_case_number_13008289TC10A,0.0002468952366547487
categorical__r_case_number_16002819CF10A,0.00024360358488792157
categorical__r_case_number_15009605MM10A,0.00024081019500909407
categorical__r_case_number_16000990CF10A,0.0002314059039333492
categorical__r_case_number_15009884MM10A,0.00022456549791305115
categorical__c_case_number_13000126CF10A,0.0002226953186967379
categorical__c_case_number_12011014CF10A,0.00021654916904539185
categorical__c_case_number_13007508MM10A,0.00021193095013166279
categorical__in_custody_2014-11-30,0.0002013312791299539
categorical__c_case_number_13014181CF10A,0.000194662722078972
categorical__r_case_number_15008901CF10A,0.00019233943893407423
categorical__r_case_number_15012384CF10A,0.00018547830910540597
categorical__c_case_number_12017246CF10A,0.0001841887677378253
categorical__c_case_number_13001667CF10A,0.00017760334136249388
categorical__r_case_number_15009989CF10A,0.0001773915101507392
categorical__c_charge_desc_Robbery W/Firearm,0.00017210580095822973
categorical__c_case_number_13001810CF10A,0.00017164966715301446
categorical__r_case_number_15011185TC40A,0.00017008621815366176
categorical__c_case_number_13000789CF10A,0.0001688277590967401
categorical__r_case_number_15014297CF10A,0.00016596303401912143
categorical__c_case_number_13000050MM10A,0.0001637529918157576
categorical__r_case_number_15016323CF10A,0.0001632317635444018
categorical__c_case_number_13001604CF10A,0.00015953447102819105
categorical__c_case_number_13013430CF10A,0.00015948203091741442
categorical__r_case_number_15012989CF10A,0.00015910656157726728
categorical__r_case_number_15010212MM10A,0.00015619706019918218
categorical__c_case_number_12015976CF10A,0.0001548840318026123
categorical__in_custody_2013-09-29,0.0001545298789381009
categorical__c_case_number_13003621CF10A,0.00015400351907037335
categorical__r_case_number_16000010MM30A,0.0001473735296349284
categorical__c_case_number_13005960CF10A,0.0001473026419982067
categorical__c_case_number_13000961CF10A,0.00014594787159619298
categorical__r_case_number_15011802MM10A,0.00014310925682903058
categorical__out_custody_2015-06-23,0.00013981571390022927
categorical__r_case_number_15002305MM40A,0.00013914960429530686
categorical__c_case_number_13005582MM10A,0.0001364116432672595
categorical__in_custody_2013-05-31,0.00013411210266184694
categorical__c_case_number_13018352MM10A,0.0001338470802381975
categorical__c_case_number_13002034CF10A,0.0001334568565767851
categorical__r_case_number_15012587MM10A,0.00012866487383840773
categorical__c_charge_desc_Tresspass in Structure or Conveyance,0.00012732884403191414
categorical__r_case_number_16000353CF10A,0.00012665172007474704
categorical__c_case_number_13001202CF10A,0.0001189425077041285
categorical__c_case_number_11019445CF10A,0.0001110034934283689
categorical__c_case_number_13000826CF10A,0.00011085084398119389
categorical__r_case_number_16000357CF10A,0.0001009402633537593
categorical__c_charge_desc_Burglary Conveyance Unoccup,9.883226839571542e-05
categorical__c_case_number_12015061CF10A,9.878890082883422e-05
categorical__c_case_number_13000765MM10A,9.65811492693248e-05
categorical__r_case_number_16002870MM10A,9.223852702129609e-05
categorical__r_case_number_15013112MM10A,9.001839323299206e-05
categorical__c_case_number_13005638CF10A,8.895041991278446e-05
categorical__r_case_number_16002864CF10A,8.685331478963685e-05
categorical__c_case_number_13003151CF10A,8.410083299758765e-05
categorical__r_case_number_15002706MM20A,8.390351429184952e-05
categorical__c_case_number_13005177CF10A,8.332715504190404e-05
categorical__c_case_number_13005732CF10A,8.253642036028933e-05
categorical__r_case_number_15006087MM10A,8.181838082664905e-05
categorical__in_custody_2015-05-15,7.940985692750069e-05
categorical__c_charge_desc_Grand Theft In The 3Rd Degree,7.884069579119798e-05
categorical__out_custody_2013-10-23,7.763210300564215e-05
categorical__c_case_number_13007094CF10A,7.56290240056054e-05
categorical__out_custody_2015-07-03,7.433856048153138e-05
categorical__r_case_number_15007826CF10A,7.17737912681689e-05
categorical__c_charge_desc_Attempt Burglary (Struct),7.097077460134995e-05
categorical__c_case_number_13008137MM10A,6.737709639867637e-05
categorical__out_custody_2014-07-19,6.0217096812572624e-05
categorical__c_case_number_13010359CF10A,5.9653092902070015e-05
categorical__c_case_number_13007596CF10A,5.7699174714948405e-05
categorical__r_case_number_15035132TC20A,5.008683430121235e-05
categorical__out_custody_2013-09-05,4.176994087182503e-05
categorical__c_case_number_13017254CF10A,3.340262586676233e-05
categorical__r_case_number_16001489MM40A,2.9919251712810334e-05
numeric__age,4.695318208310558e-18
categorical__r_case_number_14013036CF10A,0.0
categorical__r_case_number_14013415CF10A,0.0
categorical__r_case_number_14012867CF10A,0.0
categorical__r_case_number_14013034MM10A,0.0
categorical__r_case_number_14012952CF10A,0.0
categorical__r_case_number_14012868MM10A,0.0
categorical__r_case_number_14013516CF10A,0.0
categorical__r_case_number_14012934MM10A,0.0
categorical__r_case_number_14013453CF10A,0.0
categorical__r_case_number_14013504CF10A,0.0
categorical__r_case_number_14013457MM10A,0.0
categorical__r_case_number_14012918CF10A,0.0
categorical__r_case_number_14013412CF10A,0.0
categorical__r_case_number_14013163CF10A,0.0
categorical__r_case_number_14013174CF10A,0.0
categorical__r_case_number_14013152CF10A,0.0
categorical__r_case_number_14013141CF10A,0.0
categorical__r_case_number_14013182CF10A,0.0
categorical__r_case_number_14013233CF10A,0.0
categorical__r_case_number_14013119CF10A,0.0
categorical__r_case_number_14013106TC10A,0.0
categorical__r_case_number_14013251MM10A,0.0
categorical__r_case_number_14013070MM10A,0.0
categorical__r_case_number_14013106MM10A,0.0
categorical__r_case_number_14013096CF10A,0.0
categorical__r_case_number_14013080CF10A,0.0
categorical__r_case_number_14013325MM10A,0.0
categorical__r_case_number_14013332CF10A,0.0
categorical__r_case_number_14013348TC10A,0.0
categorical__r_case_number_14013357CF10A,0.0
categorical__r_case_number_14013062MM10A,0.0
categorical__r_case_number_14013394MM10A,0.0
categorical__r_case_number_14013041MM10A,0.0
categorical__r_case_number_14013253CF10A,0.0
categorical__r_case_number_14011594MM10A,0.0
categorical__r_case_number_14011609TC20A,0.0
categorical__r_case_number_14011610MM10A,0.0
categorical__r_case_number_14011621CF10A,0.0
categorical__r_case_number_14011625CF10A,0.0
categorical__r_case_number_14011636MM10A,0.0
categorical__r_case_number_14011659MM10A,0.0
categorical__r_case_number_14011706MM10A,0.0
categorical__r_case_number_14011779MM10A,0.0
categorical__r_case_number_14012559TC10A,0.0
categorical__r_case_number_14011842MM10A,0.0
categorical__r_case_number_14011846CF10A,0.0
categorical__r_case_number_14011929MU10A,0.0
categorical__r_case_number_14011963MM10A,0.0
categorical__r_case_number_14011964MM10A,0.0
categorical__r_case_number_14011974CF10A,0.0
categorical__r_case_number_14011978CF10A,0.0
categorical__r_case_number_14012031CF10A,0.0
categorical__r_case_number_14012031MM10A,0.0
categorical__r_case_number_14011838CF10A,0.0
categorical__r_case_number_14011104CF10A,0.0
categorical__r_case_number_14011170MM10A,0.0
categorical__r_case_number_14011209TC30A,0.0
categorical__r_case_number_14011224MM10A,0.0
categorical__r_case_number_14011272CF10A,0.0
categorical__r_case_number_14011300MM10A,0.0
categorical__r_case_number_14011319CF10A,0.0
categorical__r_case_number_14011327CF10A,0.0
categorical__r_case_number_14011345MM10A,0.0
categorical__r_case_number_14011577CF10A,0.0
categorical__r_case_number_14011385CF10A,0.0
categorical__r_case_number_14011400MM10A,0.0
categorical__r_case_number_14011444CF10A,0.0
categorical__r_case_number_14011467CF10A,0.0
categorical__r_case_number_14011491MM10A,0.0
categorical__r_case_number_14011500MM10A,0.0
categorical__r_case_number_14011520MM10A,0.0
categorical__r_case_number_14011545CF10A,0.0
categorical__r_case_number_14011551CF10A,0.0
categorical__r_case_number_14011574CF10A,0.0
categorical__r_case_number_14011379CF10A,0.0
categorical__r_case_number_14012562CF10A,0.0
categorical__r_case_number_14012594MM10A,0.0
categorical__r_case_number_14012622MM10A,0.0
categorical__r_case_number_14012625MM10A,0.0
categorical__r_case_number_14012656CF10A,0.0
categorical__r_case_number_14012657CF10A,0.0
categorical__r_case_number_14012666TC10A,0.0
categorical__r_case_number_14012673CF10A,0.0
categorical__r_case_number_14012675MM10A,0.0
categorical__r_case_number_14012035MM10A,0.0
categorical__r_case_number_14012733CF10A,0.0
categorical__r_case_number_14012760TC40A,0.0
categorical__r_case_number_14012776CF10A,0.0
categorical__r_case_number_14012795MM10A,0.0
categorical__r_case_number_14012805TC10A,0.0
categorical__r_case_number_14012827MM10A,0.0
categorical__r_case_number_14012837CF10A,0.0
categorical__r_case_number_14012839CF10A,0.0
categorical__r_case_number_14012841MM10A,0.0
categorical__r_case_number_14012850MM10A,0.0
categorical__r_case_number_14012699MM10A,0.0
categorical__r_case_number_14012043CF10A,0.0
categorical__r_case_number_14012048TC10A,0.0
categorical__r_case_number_14012053MM10A,0.0
categorical__r_case_number_14012056MM10A,0.0
categorical__r_case_number_14012110MM10A,0.0
categorical__r_case_number_14012121CF10A,0.0
categorical__r_case_number_14012126CF10A,0.0
categorical__r_case_number_14012240MM10A,0.0
categorical__r_case_number_14012285CF10A,0.0
categorical__r_case_number_14013542MM10A,0.0
categorical__r_case_number_14012287MM10A,0.0
categorical__r_case_number_14012292CF10A,0.0
categorical__r_case_number_14012344MM10A,0.0
categorical__r_case_number_14012348MU10A,0.0
categorical__r_case_number_14012369CF10A,0.0
categorical__r_case_number_14012415CF10A,0.0
categorical__r_case_number_14012438MO10A,0.0
categorical__r_case_number_14012503MM10A,0.0
categorical__r_case_number_14012506MM10A,0.0
categorical__r_case_number_14012521CF10A,0.0
categorical__r_case_number_14012286MM10A,0.0
categorical__r_case_number_14015745MM10A,0.0
categorical__r_case_number_14015752MM10A,0.0
categorical__r_case_number_14015761CF10A,0.0
categorical__r_case_number_14015797CF10A,0.0
categorical__r_case_number_14015800MO10A,0.0
categorical__r_case_number_14015839CF10A,0.0
categorical__r_case_number_14015841TC10A,0.0
categorical__r_case_number_14015878CF10A,0.0
categorical__r_case_number_14015883CF10A,0.0
categorical__r_case_number_14011159CF10A,0.0
categorical__r_case_number_14015904MU10A,0.0
categorical__r_case_number_14015923TC10A,0.0
categorical__r_case_number_14015947CF10A,0.0
categorical__r_case_number_14015961CF10A,0.0
categorical__r_case_number_14015969CF10A,0.0
categorical__r_case_number_14015983CF10A,0.0
categorical__r_case_number_14016007CF10A,0.0
categorical__r_case_number_14016045MM10A,0.0
categorical__r_case_number_14016052MM10A,0.0
categorical__r_case_number_14016117CF10A,0.0
categorical__r_case_number_14015889MM10A,0.0
categorical__r_case_number_14015383CF10A,0.0
categorical__r_case_number_14015400CF10A,0.0
categorical__r_case_number_14015442CF10A,0.0
categorical__r_case_number_14015498MM10A,0.0
categorical__r_case_number_14015524CF10A,0.0
categorical__r_case_number_14015555CF10A,0.0
categorical__r_case_number_14015556CF10A,0.0
categorical__r_case_number_14015557CF10A,0.0
categorical__r_case_number_14015560TC10A,0.0
categorical__r_case_number_14015569CF10A,0.0
categorical__r_case_number_14015738MM10A,0.0
categorical__r_case_number_14015603MM10A,0.0
categorical__r_case_number_14015607CF10A,0.0
categorical__r_case_number_14015651MM10A,0.0
categorical__r_case_number_14015665MM10A,0.0
categorical__r_case_number_14015676MM10A,0.0
categorical__r_case_number_14015680CF10A,0.0
categorical__r_case_number_14015690CF10A,0.0
categorical__r_case_number_14015704CF10A,0.0
categorical__r_case_number_14015720MM10A,0.0
categorical__r_case_number_14015730TC10A,0.0
categorical__r_case_number_14015569MM10A,0.0
categorical__r_case_number_14016632CF10A,0.0
categorical__r_case_number_14016669MM10A,0.0
categorical__r_case_number_14016686CF10A,0.0
categorical__r_case_number_14016704MM10A,0.0
categorical__r_case_number_14016710MM10A,0.0
categorical__r_case_number_14016711MM10A,0.0
categorical__r_case_number_14016731CF10A,0.0
categorical__r_case_number_14016732TC20A,0.0
categorical__r_case_number_14016748MM10A,0.0
categorical__r_case_number_14016766MM10A,0.0
categorical__r_case_number_14016123MM10A,0.0
categorical__r_case_number_14016785CF10A,0.0
categorical__r_case_number_14016831MM10A,0.0
categorical__r_case_number_14016868TC20A,0.0
categorical__r_case_number_14016894CF10A,0.0
categorical__r_case_number_14016921TC10A,0.0
categorical__r_case_number_14016936TC10A,0.0
categorical__r_case_number_14016939CF10A,0.0
categorical__r_case_number_14016948CF10A,0.0
categorical__r_case_number_14017016CF10A,0.0
categorical__r_case_number_14017070CF10A,0.0
categorical__r_case_number_14016781MM10A,0.0
categorical__r_case_number_14016144MM10A,0.0
categorical__r_case_number_14016162CF10A,0.0
categorical__r_case_number_14016163CF10A,0.0
categorical__r_case_number_14016182CF10A,0.0
categorical__r_case_number_14016192MM10A,0.0
categorical__r_case_number_14016260CF10A,0.0
categorical__r_case_number_14016290MM10A,0.0
categorical__r_case_number_14016297CF10A,0.0
categorical__r_case_number_14016354MM10A,0.0
categorical__r_case_number_14016431CF10A,0.0
categorical__r_case_number_14016630MM10A,0.0
categorical__r_case_number_14016441CF10A,0.0
categorical__r_case_number_14016448MM10A,0.0
categorical__r_case_number_14016453CF10A,0.0
categorical__r_case_number_14016455CF10A,0.0
categorical__r_case_number_14016477MM10A,0.0
categorical__r_case_number_14016480MM10A,0.0
categorical__r_case_number_14016516TC20A,0.0
categorical__r_case_number_14016518CF10A,0.0
categorical__r_case_number_14016590CF10A,0.0
categorical__r_case_number_14016591CF10A,0.0
categorical__r_case_number_14016435CF10A,0.0
categorical__r_case_number_14013966CF10A,0.0
categorical__r_case_number_14014012CF10A,0.0
categorical__r_case_number_14014014MM10A,0.0
categorical__r_case_number_14014056CF10A,0.0
categorical__r_case_number_14014058CF10A,0.0
categorical__r_case_number_14014087MM10A,0.0
categorical__r_case_number_14014095MM10A,0.0
categorical__r_case_number_14014114CF10A,0.0
categorical__r_case_number_14014121CF10A,0.0
categorical__r_case_number_14015375MM10A,0.0
categorical__r_case_number_14014186MM10A,0.0
categorical__r_case_number_14014210MM10A,0.0
categorical__r_case_number_14014226MO10A,0.0
categorical__r_case_number_14014273CF10A,0.0
categorical__r_case_number_14014277MM10A,0.0
categorical__r_case_number_14014299CF10A,0.0
categorical__r_case_number_14014314CF10A,0.0
categorical__r_case_number_14014315CF10A,0.0
categorical__r_case_number_14014337CF10A,0.0
categorical__r_case_number_14014348CF10A,0.0
categorical__r_case_number_14014149CF10A,0.0
categorical__r_case_number_14013545CF10A,0.0
categorical__r_case_number_14013568MM10A,0.0
categorical__r_case_number_14013569MM10A,0.0
categorical__r_case_number_14013682CF10A,0.0
categorical__r_case_number_14013683CF10A,0.0
categorical__r_case_number_14013695CF10A,0.0
categorical__r_case_number_14013705MM10A,0.0
categorical__r_case_number_14013717CF10A,0.0
categorical__r_case_number_14013735CF10A,0.0
categorical__r_case_number_14013741CF10A,0.0
categorical__r_case_number_14013947CF10A,0.0
categorical__r_case_number_14013814CF10A,0.0
categorical__r_case_number_14013845MM10A,0.0
categorical__r_case_number_14013846MM10A,0.0
categorical__r_case_number_14013847CF10A,0.0
categorical__r_case_number_14013852CF10A,0.0
categorical__r_case_number_14013861CF10A,0.0
categorical__r_case_number_14013867MM10A,0.0
categorical__r_case_number_14013908MM10A,0.0
categorical__r_case_number_14013919MM10A,0.0
categorical__r_case_number_14013930MM10A,0.0
categorical__r_case_number_14013764MM10A,0.0
categorical__r_case_number_14014910CF10A,0.0
categorical__r_case_number_14014938MM10A,0.0
categorical__r_case_number_14015035CF10A,0.0
categorical__r_case_number_14015039CF10A,0.0
categorical__r_case_number_14015078CF10A,0.0
categorical__r_case_number_14015095MM10A,0.0
categorical__r_case_number_14015133CF10A,0.0
categorical__r_case_number_14015144MM10A,0.0
categorical__r_case_number_14015156MM10A,0.0
categorical__r_case_number_14015161CF10A,0.0
categorical__r_case_number_14014357MU10A,0.0
categorical__r_case_number_14015168CF10A,0.0
categorical__r_case_number_14015173MM10A,0.0
categorical__r_case_number_14015178MM10A,0.0
categorical__r_case_number_14015184MO10A,0.0
categorical__r_case_number_14015199MM10A,0.0
categorical__r_case_number_14015209CF10A,0.0
categorical__r_case_number_14015304MM10A,0.0
categorical__r_case_number_14015324CF10A,0.0
categorical__r_case_number_14015348CF10A,0.0
categorical__r_case_number_14015363CF10A,0.0
categorical__r_case_number_14015162CF10A,0.0
categorical__r_case_number_14014420TC40A,0.0
categorical__r_case_number_14014444CF10A,0.0
categorical__r_case_number_14014445CF10A,0.0
categorical__r_case_number_14014451CF10A,0.0
categorical__r_case_number_14014460CF10A,0.0
categorical__r_case_number_14014480CF10A,0.0
categorical__r_case_number_14014516MM10A,0.0
categorical__r_case_number_14014539MM10A,0.0
categorical__r_case_number_14014573CF10A,0.0
categorical__r_case_number_14014629CF10A,0.0
categorical__r_case_number_14014887CF10A,0.0
categorical__r_case_number_14014698CF10A,0.0
categorical__r_case_number_14014711MM10A,0.0
categorical__r_case_number_14014725MM10A,0.0
categorical__r_case_number_14014768CF10A,0.0
categorical__r_case_number_14014776MO10A,0.0
categorical__r_case_number_14014788CF10A,0.0
categorical__r_case_number_14014804CF10A,0.0
categorical__r_case_number_14014824MM10A,0.0
categorical__r_case_number_14014846MM10A,0.0
categorical__r_case_number_14014862MM10A,0.0
categorical__r_case_number_14014639MM10A,0.0
categorical__r_case_number_14006153CF10A,0.0
categorical__r_case_number_14006164CF10A,0.0
categorical__r_case_number_14006182CF10A,0.0
categorical__r_case_number_14006188MM10A,0.0
categorical__r_case_number_14006200CF10A,0.0
categorical__r_case_number_14006223CF10A,0.0
categorical__r_case_number_14006224CF10A,0.0
categorical__r_case_number_14006277CF10A,0.0
categorical__r_case_number_14006299MM10A,0.0
categorical__r_case_number_14006322CF10A,0.0
categorical__r_case_number_14010521MM10A,0.0
categorical__r_case_number_14006428MM10A,0.0
categorical__r_case_number_14006453TC30A,0.0
categorical__r_case_number_14006511MO10A,0.0
categorical__r_case_number_14006519MM10A,0.0
categorical__r_case_number_14006531CF10A,0.0
categorical__r_case_number_14006552MM10A,0.0
categorical__r_case_number_14006576MM10A,0.0
categorical__r_case_number_14006651CF10A,0.0
categorical__r_case_number_14006654MM10A,0.0
categorical__r_case_number_14006666CF10A,0.0
categorical__r_case_number_14006324TC10A,0.0
categorical__r_case_number_14005752CF10A,0.0
categorical__r_case_number_14005763CF10A,0.0
categorical__r_case_number_14005767CF10A,0.0
categorical__r_case_number_14005774MM10A,0.0
categorical__r_case_number_14005800MO10A,0.0
categorical__r_case_number_14005801CF10A,0.0
categorical__r_case_number_14005818MM10A,0.0
categorical__r_case_number_14005828MM10A,0.0
categorical__r_case_number_14005855TC20A,0.0
categorical__r_case_number_14005893CF10A,0.0
categorical__r_case_number_14006119MM10A,0.0
categorical__r_case_number_14005909TC10A,0.0
categorical__r_case_number_14005915CF10A,0.0
categorical__r_case_number_14005925MM10A,0.0
categorical__r_case_number_14005961CF10A,0.0
categorical__r_case_number_14005994MU10A,0.0
categorical__r_case_number_14006014CF10A,0.0
categorical__r_case_number_14006021CF10A,0.0
categorical__r_case_number_14006024MM10A,0.0
categorical__r_case_number_14006029MM10A,0.0
categorical__r_case_number_14006035MM10A,0.0
categorical__r_case_number_14005908CF10A,0.0
categorical__r_case_number_14007189TC10A,0.0
categorical__r_case_number_14007250CF10A,0.0
categorical__r_case_number_14007256MM10A,0.0
categorical__r_case_number_14007283TC20A,0.0
categorical__r_case_number_14007285MM10A,0.0
categorical__r_case_number_14007318MM10A,0.0
categorical__r_case_number_14007343MM10A,0.0
categorical__r_case_number_14007346CF10A,0.0
categorical__r_case_number_14007361CF10A,0.0
categorical__r_case_number_14007370CF10A,0.0
categorical__r_case_number_14006688CF10A,0.0
categorical__r_case_number_14007384MM10A,0.0
categorical__r_case_number_14007386MM10A,0.0
categorical__r_case_number_14007413MM10A,0.0
categorical__r_case_number_14007414MM10A,0.0
categorical__r_case_number_14007443CF10A,0.0
categorical__r_case_number_14007461CF10A,0.0
categorical__r_case_number_14007463MM10A,0.0
categorical__r_case_number_14007482CF10A,0.0
categorical__r_case_number_14007529CF10A,0.0
categorical__r_case_number_14007544tc40a,0.0
categorical__r_case_number_14007372MM10A,0.0
categorical__r_case_number_14006699CF10A,0.0
categorical__r_case_number_14006749MM10A,0.0
categorical__r_case_number_14006769CF10A,0.0
categorical__r_case_number_14006802MM10A,0.0
categorical__r_case_number_14006813CF10A,0.0
categorical__r_case_number_14006825MM10A,0.0
categorical__r_case_number_14006837CF10A,0.0
categorical__r_case_number_14006894MM10A,0.0
categorical__r_case_number_14006904TC10A,0.0
categorical__r_case_number_14006946CF10A,0.0
categorical__r_case_number_14007148CF10A,0.0
categorical__r_case_number_14006976TC10A,0.0
categorical__r_case_number_14006980MM10A,0.0
categorical__r_case_number_14006983CF10A,0.0
categorical__r_case_number_14007040MM10A,0.0
categorical__r_case_number_14007078CF10A,0.0
categorical__r_case_number_14007110MM10A,0.0
categorical__r_case_number_14007121MM10A,0.0
categorical__r_case_number_14007126MM10A,0.0
categorical__r_case_number_14007130MM10A,0.0
categorical__r_case_number_14007140CF10A,0.0
categorical__r_case_number_14006960MM10A,0.0
categorical__r_case_number_14004435MM10A,0.0
categorical__r_case_number_14004438MM10A,0.0
categorical__r_case_number_14004481MM10A,0.0
categorical__r_case_number_14004485CF10A,0.0
categorical__r_case_number_14004491MM40A,0.0
categorical__r_case_number_14004494CF10A,0.0
categorical__r_case_number_14004500CF10A,0.0
categorical__r_case_number_14004521MM10A,0.0
categorical__r_case_number_14004524CF10A,0.0
categorical__r_case_number_14004526MM10A,0.0
categorical__r_case_number_14005731MM10A,0.0
categorical__r_case_number_14004545MM40A,0.0
categorical__r_case_number_14004546CF10A,0.0
categorical__r_case_number_14004555MM40A,0.0
categorical__r_case_number_14004583CF10A,0.0
categorical__r_case_number_14004594MM10A,0.0
categorical__r_case_number_14004616MM10A,0.0
categorical__r_case_number_14004638CF10A,0.0
categorical__r_case_number_14004640MM10A,0.0
categorical__r_case_number_14004642MM10A,0.0
categorical__r_case_number_14004656CF10A,0.0
categorical__r_case_number_14004531CF10A,0.0
categorical__r_case_number_14003946CF10A,0.0
categorical__r_case_number_14003988MU10A,0.0
categorical__r_case_number_14003990CF10A,0.0
categorical__r_case_number_14004026CF10A,0.0
categorical__r_case_number_14004048MM10A,0.0
categorical__r_case_number_14004055MM10A,0.0
categorical__r_case_number_14004088CF10A,0.0
categorical__r_case_number_14004097CF10A,0.0
categorical__r_case_number_14004145TC10A,0.0
categorical__r_case_number_14004154CF10A,0.0
categorical__r_case_number_14004416MM10A,0.0
categorical__r_case_number_14004242CF10A,0.0
categorical__r_case_number_14004251CF10A,0.0
categorical__r_case_number_14004255MM10A,0.0
categorical__r_case_number_14004267CF10A,0.0
categorical__r_case_number_14004278CF10A,0.0
categorical__r_case_number_14004315MM40A,0.0
categorical__r_case_number_14004320CF10A,0.0
categorical__r_case_number_14004341CF10A,0.0
categorical__r_case_number_14004398MM40A,0.0
categorical__r_case_number_14004413MM10A,0.0
categorical__r_case_number_14004204MM40A,0.0
categorical__r_case_number_14005305MM10A,0.0
categorical__r_case_number_14005314MM10A,0.0
categorical__r_case_number_14005318TC10A,0.0
categorical__r_case_number_14005322MM10A,0.0
categorical__r_case_number_14005345CF10A,0.0
categorical__r_case_number_14005363CF10A,0.0
categorical__r_case_number_14005373CF10A,0.0
categorical__r_case_number_14005374MM10A,0.0
categorical__r_case_number_14005379MM10A,0.0
categorical__r_case_number_14005411MM10A,0.0
categorical__r_case_number_14004663CF10A,0.0
categorical__r_case_number_14005598MM10A,0.0
categorical__r_case_number_14005610CF10A,0.0
categorical__r_case_number_14005611CF10A,0.0
categorical__r_case_number_14005616CF10A,0.0
categorical__r_case_number_14005627TC20A,0.0
categorical__r_case_number_14005642MM10A,0.0
categorical__r_case_number_14005658TC10A,0.0
categorical__r_case_number_14005713TC10A,0.0
categorical__r_case_number_14005723CF10A,0.0
categorical__r_case_number_14005727MM10A,0.0
categorical__r_case_number_14005559MM10A,0.0
categorical__r_case_number_14004668MM40A,0.0
categorical__r_case_number_14004691TC10A,0.0
categorical__r_case_number_14004697TC10A,0.0
categorical__r_case_number_14004699TC10A,0.0
categorical__r_case_number_14004715CF10A,0.0
categorical__r_case_number_14004730CF10A,0.0
categorical__r_case_number_14004736CF10A,0.0
categorical__r_case_number_14004767MM40A,0.0
categorical__r_case_number_14004829MM10A,0.0
categorical__r_case_number_14004839MM40A,0.0
categorical__r_case_number_14005304TC10A,0.0
categorical__r_case_number_14004876CF10A,0.0
categorical__r_case_number_14004876MM10A,0.0
categorical__r_case_number_14004910MM10A,0.0
categorical__r_case_number_14004954CF10A,0.0
categorical__r_case_number_14004969MM10A,0.0
categorical__r_case_number_14004990MM10A,0.0
categorical__r_case_number_14004993MM10A,0.0
categorical__r_case_number_14005041TC10A,0.0
categorical__r_case_number_14005121CF10A,0.0
categorical__r_case_number_14005187CF10A,0.0
categorical__r_case_number_14005216MM10A,0.0
categorical__r_case_number_14004843MM10A,0.0
categorical__r_case_number_14009532CF10A,0.0
categorical__r_case_number_14009538CF10A,0.0
categorical__r_case_number_14009571MM10A,0.0
categorical__r_case_number_14009581MM10A,0.0
categorical__r_case_number_14009604CF10A,0.0
categorical__r_case_number_14009653CF10A,0.0
categorical__r_case_number_14009656CF10A,0.0
categorical__r_case_number_14009684CF10A,0.0
categorical__r_case_number_14009691CF10A,0.0
categorical__r_case_number_14009712TC10A,0.0
categorical__r_case_number_14007605TC10A,0.0
categorical__r_case_number_14009764CF10A,0.0
categorical__r_case_number_14009784CF10A,0.0
categorical__r_case_number_14009816TC10A,0.0
categorical__r_case_number_14009819CF10A,0.0
categorical__r_case_number_14009823CF10A,0.0
categorical__r_case_number_14009892CF10A,0.0
categorical__r_case_number_14009921MM10A,0.0
categorical__r_case_number_14009941CF10A,0.0
categorical__r_case_number_14009957MM10A,0.0
categorical__r_case_number_14009986CF10A,0.0
categorical__r_case_number_14009724CF10A,0.0
categorical__r_case_number_14009121CF10A,0.0
categorical__r_case_number_14009139CF10A,0.0
categorical__r_case_number_14009182CF10A,0.0
categorical__r_case_number_14009241TC10A,0.0
categorical__r_case_number_14009256MM10A,0.0
categorical__r_case_number_14009261CF10A,0.0
categorical__r_case_number_14009273MM10A,0.0
categorical__r_case_number_14009324CF10A,0.0
categorical__r_case_number_14009359CF10A,0.0
categorical__r_case_number_14009364MM10A,0.0
categorical__r_case_number_14009508MM10A,0.0
categorical__r_case_number_14009439CF10A,0.0
categorical__r_case_number_14009442CF10A,0.0
categorical__r_case_number_14009443CF10A,0.0
categorical__r_case_number_14009456MM10A,0.0
categorical__r_case_number_14009458CF10A,0.0
categorical__r_case_number_14009468CF10A,0.0
categorical__r_case_number_14009472MM10A,0.0
categorical__r_case_number_14009484CF10A,0.0
categorical__r_case_number_14009496CF10A,0.0
categorical__r_case_number_14009506TC10A,0.0
categorical__r_case_number_14009393CF10A,0.0
categorical__r_case_number_14010603CF10A,0.0
categorical__r_case_number_14010614CF10A,0.0
categorical__r_case_number_14010642TC20A,0.0
categorical__r_case_number_14010658MM10A,0.0
categorical__r_case_number_14010706CF10A,0.0
categorical__r_case_number_14010732MM10A,0.0
categorical__r_case_number_14010778MM10A,0.0
categorical__r_case_number_14010781TC10A,0.0
categorical__r_case_number_14010807TC10A,0.0
categorical__r_case_number_14010810CF10A,0.0
categorical__r_case_number_14009996CF10A,0.0
categorical__r_case_number_14010835CF10A,0.0
categorical__r_case_number_14010849MM10A,0.0
categorical__r_case_number_14010875MM10A,0.0
categorical__r_case_number_14010954MM10A,0.0
categorical__r_case_number_14010971MM10A,0.0
categorical__r_case_number_14010974CF10A,0.0
categorical__r_case_number_14011034MM10A,0.0
categorical__r_case_number_14011074CF10A,0.0
categorical__r_case_number_14011102CF10A,0.0
categorical__r_case_number_14011102MM10A,0.0
categorical__r_case_number_14010813CF10A,0.0
categorical__r_case_number_14009996MM10A,0.0
categorical__r_case_number_14010056CF10A,0.0
categorical__r_case_number_14010088CF10A,0.0
categorical__r_case_number_14010110CF10A,0.0
categorical__r_case_number_14010121CF10A,0.0
categorical__r_case_number_14010128CF10A,0.0
categorical__r_case_number_14010145CF10A,0.0
categorical__r_case_number_14010176MM10A,0.0
categorical__r_case_number_14010207MM10A,0.0
categorical__r_case_number_14010208CF10A,0.0
categorical__r_case_number_14010555CF10A,0.0
categorical__r_case_number_14010265CF10A,0.0
categorical__r_case_number_14010283CF10A,0.0
categorical__r_case_number_14010333CF10A,0.0
categorical__r_case_number_14010336CF10A,0.0
categorical__r_case_number_14010379TC10A,0.0
categorical__r_case_number_14010384MM10A,0.0
categorical__r_case_number_14010414TC40A,0.0
categorical__r_case_number_14010471TC20A,0.0
categorical__r_case_number_14010475TC10A,0.0
categorical__r_case_number_14017075CF10A,0.0
categorical__r_case_number_14010539MO10A,0.0
categorical__r_case_number_14010211MM10A,0.0
categorical__r_case_number_14007973MU10A,0.0
categorical__r_case_number_14007990MM10A,0.0
categorical__r_case_number_14008015MM10A,0.0
categorical__r_case_number_14008023CF10A,0.0
categorical__r_case_number_14008037CF10A,0.0
categorical__r_case_number_14008042CF10A,0.0
categorical__r_case_number_14008045MM10A,0.0
categorical__r_case_number_14008058CF10A,0.0
categorical__r_case_number_14008075CF10A,0.0
categorical__r_case_number_14008092CF10A,0.0
categorical__r_case_number_14009090CF10A,0.0
categorical__r_case_number_14008135TC10A,0.0
categorical__r_case_number_14008136TC10A,0.0
categorical__r_case_number_14008137TC10A,0.0
categorical__r_case_number_14008177CF10A,0.0
categorical__r_case_number_14008206MU10A,0.0
categorical__r_case_number_14008230CF10A,0.0
categorical__r_case_number_14008243MM10A,0.0
categorical__r_case_number_14008267MM10A,0.0
categorical__r_case_number_14008303CF10A,0.0
categorical__r_case_number_14008350CF10A,0.0
categorical__r_case_number_14008132MM10A,0.0
categorical__r_case_number_14007619MM10A,0.0
categorical__r_case_number_14007637CF10A,0.0
categorical__r_case_number_14007646CF10A,0.0
categorical__r_case_number_14007656CF10A,0.0
categorical__r_case_number_14007680MM10A,0.0
categorical__r_case_number_14007694CF10A,0.0
categorical__r_case_number_14007703CF10A,0.0
categorical__r_case_number_14007704CF10A,0.0
categorical__r_case_number_14007731MM10A,0.0
categorical__r_case_number_14007738CF10A,0.0
categorical__r_case_number_14007960MM10A,0.0
categorical__r_case_number_14007775MM10A,0.0
categorical__r_case_number_14007788CF10A,0.0
categorical__r_case_number_14007817CF10A,0.0
categorical__r_case_number_14007834CF10A,0.0
categorical__r_case_number_14007863MM10A,0.0
categorical__r_case_number_14007879MM10A,0.0
categorical__r_case_number_14007895MM10A,0.0
categorical__r_case_number_14007896TC10A,0.0
categorical__r_case_number_14007903CF10A,0.0
categorical__r_case_number_14007947MM10A,0.0
categorical__r_case_number_14007756CF10A,0.0
categorical__r_case_number_14008870CF10A,0.0
categorical__r_case_number_14008889CF10A,0.0
categorical__r_case_number_14008891CF10A,0.0
categorical__r_case_number_14008926CF10A,0.0
categorical__r_case_number_14008961CF10A,0.0
categorical__r_case_number_14008974MM10A,0.0
categorical__r_case_number_14008977CF10A,0.0
categorical__r_case_number_14008977MM10A,0.0
categorical__r_case_number_14008981MM10A,0.0
categorical__r_case_number_14009004MM10A,0.0
categorical__r_case_number_14008360MM10A,0.0
categorical__r_case_number_14009016CF10A,0.0
categorical__r_case_number_14009027CF10A,0.0
categorical__r_case_number_14009039MM10A,0.0
categorical__r_case_number_14009051MM10A,0.0
categorical__r_case_number_14009053MM10A,0.0
categorical__r_case_number_14009075MM10A,0.0
categorical__r_case_number_14009079CF10A,0.0
categorical__r_case_number_14009086CF10A,0.0
categorical__r_case_number_14009088TC10A,0.0
categorical__r_case_number_14009089MM10A,0.0
categorical__r_case_number_14009008CF10A,0.0
categorical__r_case_number_14008415MM10A,0.0
categorical__r_case_number_14008442MM10A,0.0
categorical__r_case_number_14008472MM10A,0.0
categorical__r_case_number_14008489MM10A,0.0
categorical__r_case_number_14008511CF10A,0.0
categorical__r_case_number_14008544MO10A,0.0
categorical__r_case_number_14008578CF10A,0.0
categorical__r_case_number_14008606MU10A,0.0
categorical__r_case_number_14008615MM10A,0.0
categorical__r_case_number_14008620MM10A,0.0
categorical__r_case_number_14008855MM10A,0.0
categorical__r_case_number_14008633CF10A,0.0
categorical__r_case_number_14008670MM10A,0.0
categorical__r_case_number_14008675MM10A,0.0
categorical__r_case_number_14008719MM10A,0.0
categorical__r_case_number_14008723MM10A,0.0
categorical__r_case_number_14008725MM10A,0.0
categorical__r_case_number_14008733TC10A,0.0
categorical__r_case_number_14008741TC10A,0.0
categorical__r_case_number_14008753CF10A,0.0
categorical__r_case_number_14008814CF10A,0.0
categorical__r_case_number_14008832MM10A,0.0
categorical__r_case_number_14008632CF10A,0.0
categorical__r_case_number_15002657CF10A,0.0
categorical__r_case_number_15002660MM40A,0.0
categorical__r_case_number_15002675TC30A,0.0
categorical__r_case_number_15002685MM10A,0.0
categorical__r_case_number_15002688CF10A,0.0
categorical__r_case_number_15002708MM10A,0.0
categorical__r_case_number_15002716CF10A,0.0
categorical__r_case_number_15002732CF10A,0.0
categorical__r_case_number_15002735MM10A,0.0
categorical__r_case_number_14018696TC10A,0.0
categorical__r_case_number_15002792CF10A,0.0
categorical__r_case_number_15002806CF10A,0.0
categorical__r_case_number_15002824MM20A,0.0
categorical__r_case_number_15002826MM40A,0.0
categorical__r_case_number_15002890CF10A,0.0
categorical__r_case_number_15002891MM10A,0.0
categorical__r_case_number_15002897CF10A,0.0
categorical__r_case_number_15002907CF10A,0.0
categorical__r_case_number_15002954CF10A,0.0
categorical__r_case_number_15002990MM40A,0.0
categorical__r_case_number_15002748CF10A,0.0
categorical__r_case_number_15002222CF10A,0.0
categorical__r_case_number_15002228MM10A,0.0
categorical__r_case_number_15002271CF10A,0.0
categorical__r_case_number_15002279MM10A,0.0
categorical__r_case_number_15002291MM10A,0.0
categorical__r_case_number_15002314MM10A,0.0
categorical__r_case_number_15002318CF10A,0.0
categorical__r_case_number_15002327MM10A,0.0
categorical__r_case_number_15002349MM10A,0.0
categorical__r_case_number_15002656CF10A,0.0
categorical__r_case_number_15002401CF10A,0.0
categorical__r_case_number_15002423CF10A,0.0
categorical__r_case_number_15002512MM10A,0.0
categorical__r_case_number_15002537CF10A,0.0
categorical__r_case_number_15002538CF10A,0.0
categorical__r_case_number_15002572MM10A,0.0
categorical__r_case_number_15002581MM20A,0.0
categorical__r_case_number_15002582CF10A,0.0
categorical__r_case_number_15002584CF10A,0.0
categorical__r_case_number_15002622MM10A,0.0
categorical__r_case_number_15002360MM10A,0.0
categorical__r_case_number_15003386CF10A,0.0
categorical__r_case_number_15003406CF10A,0.0
categorical__r_case_number_15003423CF10A,0.0
categorical__r_case_number_15003539CF10A,0.0
categorical__r_case_number_15003543MO40A,0.0
categorical__r_case_number_15003548MM10A,0.0
categorical__r_case_number_15003574TC30A,0.0
categorical__r_case_number_15003603CF10A,0.0
categorical__r_case_number_15003635CF10A,0.0
categorical__r_case_number_15003003CF10A,0.0
categorical__r_case_number_15003659TC10A,0.0
categorical__r_case_number_15003660MO10A,0.0
categorical__r_case_number_15003672MM10A,0.0
categorical__r_case_number_15003695MM10A,0.0
categorical__r_case_number_15003737MO10A,0.0
categorical__r_case_number_15003740CF10A,0.0
categorical__r_case_number_15003741MM10A,0.0
categorical__r_case_number_15003768CF10A,0.0
categorical__r_case_number_15003771MM40A,0.0
categorical__r_case_number_15003807CF10A,0.0
categorical__r_case_number_15003641CF10A,0.0
categorical__r_case_number_15003009CF10A,0.0
categorical__r_case_number_15003041MM10A,0.0
categorical__r_case_number_15003059MM10A,0.0
categorical__r_case_number_15003080MM10A,0.0
categorical__r_case_number_15003086MM10A,0.0
categorical__r_case_number_15003118CF10A,0.0
categorical__r_case_number_15003126MM40A,0.0
categorical__r_case_number_15003130CF10A,0.0
categorical__r_case_number_15003138MM20A,0.0
categorical__r_case_number_15003139CF10A,0.0
categorical__r_case_number_15003380MM40A,0.0
categorical__r_case_number_15003183MM10A,0.0
categorical__r_case_number_15003184CF10A,0.0
categorical__r_case_number_15003186MM10A,0.0
categorical__r_case_number_15003227CF10A,0.0
categorical__r_case_number_15003282MM10A,0.0
categorical__r_case_number_15003284CF10A,0.0
categorical__r_case_number_15003293CF10A,0.0
categorical__r_case_number_15003309CF10A,0.0
categorical__r_case_number_15003313MM10A,0.0
categorical__r_case_number_15003369CF10A,0.0
categorical__r_case_number_15003176CF10A,0.0
categorical__r_case_number_15001465MM10A,0.0
categorical__r_case_number_15001477CF10A,0.0
categorical__r_case_number_15001487MM20A,0.0
categorical__r_case_number_15001500MM10A,0.0
categorical__r_case_number_15001535CF10A,0.0
categorical__r_case_number_15001555MO10A,0.0
categorical__r_case_number_15001563MM20A,0.0
categorical__r_case_number_15001566MM10A,0.0
categorical__r_case_number_15001567CF10A,0.0
categorical__r_case_number_15002210MM10A,0.0
categorical__r_case_number_15001623MM10A,0.0
categorical__r_case_number_15001632MM20A,0.0
categorical__r_case_number_15001634CF10A,0.0
categorical__r_case_number_15001640TC10A,0.0
categorical__r_case_number_15001657CF10A,0.0
categorical__r_case_number_15001664MM10A,0.0
categorical__r_case_number_15001666CF10A,0.0
categorical__r_case_number_15001673MM10A,0.0
categorical__r_case_number_15001673MM20A,0.0
categorical__r_case_number_15001674MM20A,0.0
categorical__r_case_number_15001621MM30A,0.0
categorical__r_case_number_15001303MM30A,0.0
categorical__r_case_number_15001305MM10A,0.0
categorical__r_case_number_15001313CF10A,0.0
categorical__r_case_number_15001315CF10A,0.0
categorical__r_case_number_15001316MM40A,0.0
categorical__r_case_number_15001319MM20A,0.0
categorical__r_case_number_15001319MU10A,0.0
categorical__r_case_number_15001323MM20A,0.0
categorical__r_case_number_15001340CF10A,0.0
categorical__r_case_number_15001462TC10A,0.0
categorical__r_case_number_15001346MM10A,0.0
categorical__r_case_number_15001366CF10A,0.0
categorical__r_case_number_15001370MM10A,0.0
categorical__r_case_number_15001375CF10A,0.0
categorical__r_case_number_15001387CF10A,0.0
categorical__r_case_number_15001432CF10A,0.0
categorical__r_case_number_15001443CF10A,0.0
categorical__r_case_number_15001448CF10A,0.0
categorical__r_case_number_15001459MM30A,0.0
categorical__r_case_number_15001461CF10A,0.0
categorical__r_case_number_15001342CF10A,0.0
categorical__r_case_number_15001926CF10A,0.0
categorical__r_case_number_15001940MM40A,0.0
categorical__r_case_number_15001965CF10A,0.0
categorical__r_case_number_15001970CF10A,0.0
categorical__r_case_number_15001974MM10A,0.0
categorical__r_case_number_15002014MM30A,0.0
categorical__r_case_number_15002030MM10A,0.0
categorical__r_case_number_15002041CF10A,0.0
categorical__r_case_number_15002042MM10A,0.0
categorical__r_case_number_15001682MM10A,0.0
categorical__r_case_number_15002055MM10A,0.0
categorical__r_case_number_15002117MM10A,0.0
categorical__r_case_number_15002126CF10A,0.0
categorical__r_case_number_15002141CF10A,0.0
categorical__r_case_number_15002142MM10A,0.0
categorical__r_case_number_15002154MM10A,0.0
categorical__r_case_number_15002157MM10A,0.0
categorical__r_case_number_15002200MM40A,0.0
categorical__r_case_number_15002201MM40A,0.0
categorical__r_case_number_15002208MM40A,0.0
categorical__r_case_number_15002047CF10A,0.0
categorical__r_case_number_15001685CF10A,0.0
categorical__r_case_number_15001688MM20A,0.0
categorical__r_case_number_15001693MM30A,0.0
categorical__r_case_number_15001695CF10A,0.0
categorical__r_case_number_15001695MM20A,0.0
categorical__r_case_number_15001709CF10A,0.0
categorical__r_case_number_15001716MM30A,0.0
categorical__r_case_number_15001744MM40A,0.0
categorical__r_case_number_15001766MM10A,0.0
categorical__r_case_number_15001768MM20A,0.0
categorical__r_case_number_15001917CF10A,0.0
categorical__r_case_number_15001771CF10A,0.0
categorical__r_case_number_15001776MM30A,0.0
categorical__r_case_number_15001799CF10A,0.0
categorical__r_case_number_15001806MM10A,0.0
categorical__r_case_number_15001818MM40A,0.0
categorical__r_case_number_15001853TC10A,0.0
categorical__r_case_number_15001889CF10A,0.0
categorical__r_case_number_15001896CF10A,0.0
categorical__r_case_number_15001911MU10A,0.0
categorical__r_case_number_15001912TC10A,0.0
categorical__r_case_number_15001770MM30A,0.0
categorical__r_case_number_15005902MM10A,0.0
categorical__r_case_number_15005910MM10A,0.0
categorical__r_case_number_15005910TC30A,0.0
categorical__r_case_number_15005911CF10A,0.0
categorical__r_case_number_15005940MM10A,0.0
categorical__r_case_number_15005973CF10A,0.0
categorical__r_case_number_15005982CF10A,0.0
categorical__r_case_number_15006033MM10A,0.0
categorical__r_case_number_15006122CF10A,0.0
categorical__r_case_number_15003811MM10A,0.0
categorical__r_case_number_15006130MM10A,0.0
categorical__r_case_number_15006136CF10A,0.0
categorical__r_case_number_15006137TC10A,0.0
categorical__r_case_number_15006177CF10A,0.0
categorical__r_case_number_15006193CF10A,0.0
categorical__r_case_number_15006231CF10A,0.0
categorical__r_case_number_15006266MM10A,0.0
categorical__r_case_number_15006291CF10A,0.0
categorical__r_case_number_15006389CF10A,0.0
categorical__r_case_number_15006398CF10A,0.0
categorical__r_case_number_15006127TC30A,0.0
categorical__r_case_number_15005451CF10A,0.0
categorical__r_case_number_15005468CF10A,0.0
categorical__r_case_number_15005498MM10A,0.0
categorical__r_case_number_15005539TC20A,0.0
categorical__r_case_number_15005560CF10A,0.0
categorical__r_case_number_15005564CF10A,0.0
categorical__r_case_number_15005574MM10A,0.0
categorical__r_case_number_15005595CF10A,0.0
categorical__r_case_number_15005596MM10A,0.0
categorical__r_case_number_15005890CF10A,0.0
categorical__r_case_number_15005652CF10A,0.0
categorical__r_case_number_15005663CF10A,0.0
categorical__r_case_number_15005753CF10A,0.0
categorical__r_case_number_15005775MM10A,0.0
categorical__r_case_number_15005806MM10A,0.0
categorical__r_case_number_15005809MM10A,0.0
categorical__r_case_number_15005827MM10A,0.0
categorical__r_case_number_15005832CF10A,0.0
categorical__r_case_number_15005860CF10A,0.0
categorical__r_case_number_15005873MM10A,0.0
categorical__r_case_number_15005640CF10A,0.0
categorical__r_case_number_15006968MM10A,0.0
categorical__r_case_number_15007000MM10A,0.0
categorical__r_case_number_15007004CF10A,0.0
categorical__r_case_number_15007005CF10A,0.0
categorical__r_case_number_15007021CF10A,0.0
categorical__r_case_number_15007043CF10A,0.0
categorical__r_case_number_15007083MM10A,0.0
categorical__r_case_number_15007090CF10A,0.0
categorical__r_case_number_15007098MM10A,0.0
categorical__r_case_number_15006414CF10A,0.0
categorical__r_case_number_15007122CF10A,0.0
categorical__r_case_number_15007127CF10A,0.0
categorical__r_case_number_15007140CF10A,0.0
categorical__r_case_number_15007141CF10A,0.0
categorical__r_case_number_15007157CF10A,0.0
categorical__r_case_number_15007202CF10A,0.0
categorical__r_case_number_15007216TC10A,0.0
categorical__r_case_number_15007224MU10A,0.0
categorical__r_case_number_15007243MM10A,0.0
categorical__r_case_number_15007244MM10A,0.0
categorical__r_case_number_15007109MM10A,0.0
categorical__r_case_number_15006442CF10A,0.0
categorical__r_case_number_15006450CF10A,0.0
categorical__r_case_number_15006500MM10A,0.0
categorical__r_case_number_15006502CF10A,0.0
categorical__r_case_number_15006522TC30A,0.0
categorical__r_case_number_15006535CF10A,0.0
categorical__r_case_number_15006625TC10A,0.0
categorical__r_case_number_15006657MM10A,0.0
categorical__r_case_number_15006682MM10A,0.0
categorical__r_case_number_15006693MM10A,0.0
categorical__r_case_number_15006960TC20A,0.0
categorical__r_case_number_15006709CF10A,0.0
categorical__r_case_number_15006750CF10A,0.0
categorical__r_case_number_15006763CF10A,0.0
categorical__r_case_number_15006778MM10A,0.0
categorical__r_case_number_15006794MM10A,0.0
categorical__r_case_number_15006825MM10A,0.0
categorical__r_case_number_15006865MM10A,0.0
categorical__r_case_number_15006897CF10A,0.0
categorical__r_case_number_15006918CF10A,0.0
categorical__r_case_number_15006946MM10A,0.0
categorical__r_case_number_15006706CF10A,0.0
categorical__r_case_number_15004190TC10A,0.0
categorical__r_case_number_15004191CF10A,0.0
categorical__r_case_number_15004226MM10A,0.0
categorical__r_case_number_15004229MM10A,0.0
categorical__r_case_number_15004321MM10A,0.0
categorical__r_case_number_15004355TC10A,0.0
categorical__r_case_number_15004362TC10A,0.0
categorical__r_case_number_15004373CF10A,0.0
categorical__r_case_number_15004378MM10A,0.0
categorical__r_case_number_15005447MM10A,0.0
categorical__r_case_number_15004405CF10A,0.0
categorical__r_case_number_15004409MM40A,0.0
categorical__r_case_number_15004413CF10A,0.0
categorical__r_case_number_15004413MM10A,0.0
categorical__r_case_number_15004417MM10A,0.0
categorical__r_case_number_15004418CF10A,0.0
categorical__r_case_number_15004454CF10A,0.0
categorical__r_case_number_15004458CF10A,0.0
categorical__r_case_number_15004464MM10A,0.0
categorical__r_case_number_15004465MM10A,0.0
categorical__r_case_number_15004400MM10A,0.0
categorical__r_case_number_15003835MM10A,0.0
categorical__r_case_number_15003853CF10A,0.0
categorical__r_case_number_15003895MM40A,0.0
categorical__r_case_number_15003898CF10A,0.0
categorical__r_case_number_15003914CF10A,0.0
categorical__r_case_number_15003919CF10A,0.0
categorical__r_case_number_15003939CF10A,0.0
categorical__r_case_number_15003957CF10A,0.0
categorical__r_case_number_15003989MM40A,0.0
categorical__r_case_number_15004018CF10A,0.0
categorical__r_case_number_15004185TC10A,0.0
categorical__r_case_number_15004068MM10A,0.0
categorical__r_case_number_15004071CF10A,0.0
categorical__r_case_number_15004089CF10A,0.0
categorical__r_case_number_15004095CF10A,0.0
categorical__r_case_number_15004096CF10A,0.0
categorical__r_case_number_15004103CF10A,0.0
categorical__r_case_number_15004103MM40A,0.0
categorical__r_case_number_15004121MU10A,0.0
categorical__r_case_number_15004135MM10A,0.0
categorical__r_case_number_15004166MM10A,0.0
categorical__r_case_number_15004061CF10A,0.0
categorical__r_case_number_15004925MM10A,0.0
categorical__r_case_number_15004949TC30A,0.0
categorical__r_case_number_15004954CF10A,0.0
categorical__r_case_number_15004991CF10A,0.0
categorical__r_case_number_15004997CF10A,0.0
categorical__r_case_number_15005087CF10A,0.0
categorical__r_case_number_15005096CF10A,0.0
categorical__r_case_number_15005103CF10A,0.0
categorical__r_case_number_15005125CF10A,0.0
categorical__r_case_number_15004489CF10A,0.0
categorical__r_case_number_15005158MM10A,0.0
categorical__r_case_number_15005164CF10A,0.0
categorical__r_case_number_15005193MM10A,0.0
categorical__r_case_number_15005201CF10A,0.0
categorical__r_case_number_15005244MM10A,0.0
categorical__r_case_number_15005294CF10A,0.0
categorical__r_case_number_15005307TC10A,0.0
categorical__r_case_number_15005368MM10A,0.0
categorical__r_case_number_15005379CF10A,0.0
categorical__r_case_number_15005384CF10A,0.0
categorical__r_case_number_15005133MM10A,0.0
categorical__r_case_number_15004497CF10A,0.0
categorical__r_case_number_15004500MM40A,0.0
categorical__r_case_number_15004511CF10A,0.0
categorical__r_case_number_15004516MM40A,0.0
categorical__r_case_number_15004530CF10A,0.0
categorical__r_case_number_15004532MM10A,0.0
categorical__r_case_number_15004534MM10A,0.0
categorical__r_case_number_15004547MM10A,0.0
categorical__r_case_number_15004555CF10A,0.0
categorical__r_case_number_15004556CF10A,0.0
categorical__r_case_number_15004897CF10A,0.0
categorical__r_case_number_15004611CF10A,0.0
categorical__r_case_number_15004622CF10A,0.0
categorical__r_case_number_15004671MM10A,0.0
categorical__r_case_number_15004672MM10A,0.0
categorical__r_case_number_15004682MM10A,0.0
categorical__r_case_number_15004725CF10A,0.0
categorical__r_case_number_15004731CF10A,0.0
categorical__r_case_number_15004783CF10A,0.0
categorical__r_case_number_15004823CF10A,0.0
categorical__r_case_number_15004896MM10A,0.0
categorical__r_case_number_15004610CF10A,0.0
categorical__r_case_number_14035649TC10A,0.0
categorical__r_case_number_14035910MU10A,0.0
categorical__r_case_number_14036190TC10A,0.0
categorical__r_case_number_14036220TC10A,0.0
categorical__r_case_number_14037109TC10A,0.0
categorical__r_case_number_14037237TC20A,0.0
categorical__r_case_number_14038076TC20A,0.0
categorical__r_case_number_14038308TC30A,0.0
categorical__r_case_number_14038792MU10A,0.0
categorical__r_case_number_15001302MM30A,0.0
categorical__r_case_number_14039355TC30A,0.0
categorical__r_case_number_14039682TC30A,0.0
categorical__r_case_number_14039702TC40A,0.0
categorical__r_case_number_14040107TC10A,0.0
categorical__r_case_number_14040154TC10A,0.0
categorical__r_case_number_14041157MU10A,0.0
categorical__r_case_number_14041158TC10A,0.0
categorical__r_case_number_14041490TC20A,0.0
categorical__r_case_number_14042031TC20A,0.0
categorical__r_case_number_14042147TC10A,0.0
categorical__r_case_number_14039239TC40A,0.0
categorical__r_case_number_14029700TC10A,0.0
categorical__r_case_number_14029738MU10A,0.0
categorical__r_case_number_14029973MU10A,0.0
categorical__r_case_number_14030011TC40A,0.0
categorical__r_case_number_14030120TC40A,0.0
categorical__r_case_number_14030804MU10A,0.0
categorical__r_case_number_14030871TC10A,0.0
categorical__r_case_number_14031416TC30A,0.0
categorical__r_case_number_14031520TC20A,0.0
categorical__r_case_number_14035639TC10A,0.0
categorical__r_case_number_14032270TC20A,0.0
categorical__r_case_number_14033277TC30A,0.0
categorical__r_case_number_14033290TC10A,0.0
categorical__r_case_number_14033403TC40A,0.0
categorical__r_case_number_14033442TC30A,0.0
categorical__r_case_number_14033790TC10A,0.0
categorical__r_case_number_14034191TC10A,0.0
categorical__r_case_number_14034419TC10A,0.0
categorical__r_case_number_14034426TC10A,0.0
categorical__r_case_number_14034506TC30A,0.0
categorical__r_case_number_14032194TC40A,0.0
categorical__r_case_number_14047176TC40A,0.0
categorical__r_case_number_14048601TC40A,0.0
categorical__r_case_number_14049511TC30A,0.0
categorical__r_case_number_14049843TC20A,0.0
categorical__r_case_number_14049928TC30A,0.0
categorical__r_case_number_14050547TC20A,0.0
categorical__r_case_number_14050829TC40A,0.0
categorical__r_case_number_14051468TC40A,0.0
categorical__r_case_number_14052181TC20A,0.0
categorical__r_case_number_14042223TC30A,0.0
categorical__r_case_number_14052731TC30A,0.0
categorical__r_case_number_14052956TC40A,0.0
categorical__r_case_number_14053053TC20A,0.0
categorical__r_case_number_14053639TC40A,0.0
categorical__r_case_number_14053678TC30A,0.0
categorical__r_case_number_14053818TC20A,0.0
categorical__r_case_number_14054085TC30A,0.0
categorical__r_case_number_14055230TC40A,0.0
categorical__r_case_number_14057265TC30A,0.0
categorical__r_case_number_14058273TC40A,0.0
categorical__r_case_number_14052588TC30A,0.0
categorical__r_case_number_14042225TC30A,0.0
categorical__r_case_number_14042548TC10A,0.0
categorical__r_case_number_14042752MU10A,0.0
categorical__r_case_number_14042970TC10A,0.0
categorical__r_case_number_14043173MU10A,0.0
categorical__r_case_number_14043861TC10A,0.0
categorical__r_case_number_14044073TC20A,0.0
categorical__r_case_number_14044078TC30A,0.0
categorical__r_case_number_14044450TC20A,0.0
categorical__r_case_number_14044638MU10A,0.0
categorical__r_case_number_14046590TC40A,0.0
categorical__r_case_number_14045445TC20A,0.0
categorical__r_case_number_14045583TC10A,0.0
categorical__r_case_number_14045605TC10A,0.0
categorical__r_case_number_14045617TC10A,0.0
categorical__r_case_number_14045663TC40A,0.0
categorical__r_case_number_14045932TC40A,0.0
categorical__r_case_number_14045945TC40A,0.0
categorical__r_case_number_14045966TC30A,0.0
categorical__r_case_number_14046347TC30A,0.0
categorical__r_case_number_14046546TC30A,0.0
categorical__r_case_number_14045320MU10A,0.0
categorical__r_case_number_14017714TC10A,0.0
categorical__r_case_number_14017883MM10A,0.0
categorical__r_case_number_14017897TC10A,0.0
categorical__r_case_number_14017898TC10A,0.0
categorical__r_case_number_14017909TC10A,0.0
categorical__r_case_number_14017920MM10A,0.0
categorical__r_case_number_14017939MM10A,0.0
categorical__r_case_number_14017951MM10A,0.0
categorical__r_case_number_14017959MM10A,0.0
categorical__r_case_number_14029458TC10A,0.0
categorical__r_case_number_14018078MM10A,0.0
categorical__r_case_number_14018095TC10A,0.0
categorical__r_case_number_14018115MM10A,0.0
categorical__r_case_number_14018144MM10A,0.0
categorical__r_case_number_14018163MM10A,0.0
categorical__r_case_number_14018201MM10A,0.0
categorical__r_case_number_14018210MM10A,0.0
categorical__r_case_number_14018223MO10A,0.0
categorical__r_case_number_14018546MU10A,0.0
categorical__r_case_number_14003906MM40A,0.0
categorical__r_case_number_14018073MM10A,0.0
categorical__r_case_number_14017084MM10A,0.0
categorical__r_case_number_14017095CF10A,0.0
categorical__r_case_number_14017107MM10A,0.0
categorical__r_case_number_14017148MM10A,0.0
categorical__r_case_number_14017154CF10A,0.0
categorical__r_case_number_14017164CF10A,0.0
categorical__r_case_number_14017192CF10A,0.0
categorical__r_case_number_14017212CF10A,0.0
categorical__r_case_number_14017217MM10A,0.0
categorical__r_case_number_14017658MO10A,0.0
categorical__r_case_number_14017255MM10A,0.0
categorical__r_case_number_14017258MM10A,0.0
categorical__r_case_number_14017262MM10A,0.0
categorical__r_case_number_14017279MM10A,0.0
categorical__r_case_number_14017393MM10A,0.0
categorical__r_case_number_14017397MM10A,0.0
categorical__r_case_number_14017412MM10A,0.0
categorical__r_case_number_14017501MM10A,0.0
categorical__r_case_number_14017550MM10A,0.0
categorical__r_case_number_14017556MM10A,0.0
categorical__r_case_number_14017228MM10A,0.0
categorical__r_case_number_14024391TC20A,0.0
categorical__r_case_number_14024720TC10A,0.0
categorical__r_case_number_14025151TC10A,0.0
categorical__r_case_number_14025176TC10A,0.0
categorical__r_case_number_14025354MU10A,0.0
categorical__r_case_number_14025652TC10A,0.0
categorical__r_case_number_14025687TC20A,0.0
categorical__r_case_number_14026033TC20A,0.0
categorical__r_case_number_14026277TC10A,0.0
categorical__r_case_number_14018960TC30A,0.0
categorical__r_case_number_14026951TC30A,0.0
categorical__r_case_number_14027296TC10A,0.0
categorical__r_case_number_14027518TC20A,0.0
categorical__r_case_number_14028483TC10A,0.0
categorical__r_case_number_14028595MU10A,0.0
categorical__r_case_number_14028596TC10A,0.0
categorical__r_case_number_14028599TC30A,0.0
categorical__r_case_number_14028645TC10A,0.0
categorical__r_case_number_14028850TC40A,0.0
categorical__r_case_number_14029234TC10A,0.0
categorical__r_case_number_14026291TC10A,0.0
categorical__r_case_number_14019338TC40A,0.0
categorical__r_case_number_14019677TC10A,0.0
categorical__r_case_number_14019915TC20A,0.0
categorical__r_case_number_14020066TC10A,0.0
categorical__r_case_number_14020723TC10A,0.0
categorical__r_case_number_14020954TC10A,0.0
categorical__r_case_number_14020961TC20A,0.0
categorical__r_case_number_14020966TC10A,0.0
categorical__r_case_number_14020971TC10A,0.0
categorical__r_case_number_14021030TC10A,0.0
categorical__r_case_number_14024216TC40A,0.0
categorical__r_case_number_14021626TC10A,0.0
categorical__r_case_number_14022064TC20A,0.0
categorical__r_case_number_14022773TC20A,0.0
categorical__r_case_number_14022957TC20A,0.0
categorical__r_case_number_14023192TC20A,0.0
categorical__r_case_number_14023342TC10A,0.0
categorical__r_case_number_14023470TC40A,0.0
categorical__r_case_number_14023689TC20A,0.0
categorical__r_case_number_14023774TC10A,0.0
categorical__r_case_number_14024174TC10A,0.0
categorical__r_case_number_14021382MU10A,0.0
categorical__r_case_number_15000454CF10A,0.0
categorical__r_case_number_15000485CF10A,0.0
categorical__r_case_number_15000490MM10A,0.0
categorical__r_case_number_15000495CF10A,0.0
categorical__r_case_number_15000536MM10A,0.0
categorical__r_case_number_15000555MM20A,0.0
categorical__r_case_number_15000565MM30A,0.0
categorical__r_case_number_15000567MM20A,0.0
categorical__r_case_number_15000583MM10A,0.0
categorical__r_case_number_14058359TC20A,0.0
categorical__r_case_number_15000596CF10A,0.0
categorical__r_case_number_15000602CF10A,0.0
categorical__r_case_number_15000613CF10A,0.0
categorical__r_case_number_15000626CF10A,0.0
categorical__r_case_number_15000635MM10A,0.0
categorical__r_case_number_15000662MM20A,0.0
categorical__r_case_number_15000662MM40A,0.0
categorical__r_case_number_15000667CF10A,0.0
categorical__r_case_number_15000669TC10A,0.0
categorical__r_case_number_15000677MM30A,0.0
categorical__r_case_number_15000593CF10A,0.0
categorical__r_case_number_15000287CF10A,0.0
categorical__r_case_number_15000289MM20A,0.0
categorical__r_case_number_15000294MM40A,0.0
categorical__r_case_number_15000312CF10A,0.0
categorical__r_case_number_15000314MM10A,0.0
categorical__r_case_number_15000317MM10A,0.0
categorical__r_case_number_15000319MM10A,0.0
categorical__r_case_number_15000322MM30A,0.0
categorical__r_case_number_15000331MM30A,0.0
categorical__r_case_number_15000453MM20A,0.0
categorical__r_case_number_15000359CF10A,0.0
categorical__r_case_number_15000359MM10A,0.0
categorical__r_case_number_15000362MM10A,0.0
categorical__r_case_number_15000369MM20A,0.0
categorical__r_case_number_15000397CF10A,0.0
categorical__r_case_number_15000407CF10A,0.0
categorical__r_case_number_15000418MM20A,0.0
categorical__r_case_number_15000420CF10A,0.0
categorical__r_case_number_15000436TC30A,0.0
categorical__r_case_number_15000440MM10A,0.0
categorical__r_case_number_15000335CF10A,0.0
categorical__r_case_number_15001016MM20A,0.0
categorical__r_case_number_15001019CF10A,0.0
categorical__r_case_number_15001028MM40A,0.0
categorical__r_case_number_15001039TC40A,0.0
categorical__r_case_number_15001088MM10A,0.0
categorical__r_case_number_15001138MM10A,0.0
categorical__r_case_number_15001163MM40A,0.0
categorical__r_case_number_15001180MM10A,0.0
categorical__r_case_number_15001191MM20A,0.0
categorical__r_case_number_15000686MM40A,0.0
categorical__r_case_number_15001199MM30A,0.0
categorical__r_case_number_15001200MM20A,0.0
categorical__r_case_number_15001201CF10A,0.0
categorical__r_case_number_15001201MO10A,0.0
categorical__r_case_number_15001260MM30A,0.0
categorical__r_case_number_15001275CF10A,0.0
categorical__r_case_number_15001275MM10A,0.0
categorical__r_case_number_15001282MM20A,0.0
categorical__r_case_number_15001292CF10A,0.0
categorical__r_case_number_15001298MM40A,0.0
categorical__r_case_number_15001198CF10A,0.0
categorical__r_case_number_15000692MM10A,0.0
categorical__r_case_number_15000717MM40A,0.0
categorical__r_case_number_15000722CF10A,0.0
categorical__r_case_number_15000773CF10A,0.0
categorical__r_case_number_15000796MM10A,0.0
categorical__r_case_number_15000813MM30A,0.0
categorical__r_case_number_15000828CF10A,0.0
categorical__r_case_number_15000830CF10A,0.0
categorical__r_case_number_15000836CF10A,0.0
categorical__r_case_number_15000864CF10A,0.0
categorical__r_case_number_15001013CF10A,0.0
categorical__r_case_number_15000891CF10A,0.0
categorical__r_case_number_15000894MM10A,0.0
categorical__r_case_number_15000900MM10A,0.0
categorical__r_case_number_15000909CF10A,0.0
categorical__r_case_number_15000912CF10A,0.0
categorical__r_case_number_15000931CF10A,0.0
categorical__r_case_number_15000945CF10A,0.0
categorical__r_case_number_15000954MM20A,0.0
categorical__r_case_number_15000996CF10A,0.0
categorical__r_case_number_15000998CF10A,0.0
categorical__r_case_number_15000870CF10A,0.0
categorical__r_case_number_14074373TC40A,0.0
categorical__r_case_number_14074377TC40A,0.0
categorical__r_case_number_14074516TC20A,0.0
categorical__r_case_number_14075171TC40A,0.0
categorical__r_case_number_14075727TC40A,0.0
categorical__r_case_number_14076163TC30A,0.0
categorical__r_case_number_14077252TC30A,0.0
categorical__r_case_number_14077767TC20A,0.0
categorical__r_case_number_14079313TC30A,0.0
categorical__r_case_number_15000284CF10A,0.0
categorical__r_case_number_14079658TC30A,0.0
categorical__r_case_number_14080267TC30A,0.0
categorical__r_case_number_14080845TC20A,0.0
categorical__r_case_number_14081187TC20A,0.0
categorical__r_case_number_14081792TC30A,0.0
categorical__r_case_number_14082899TC40A,0.0
categorical__r_case_number_14083273TC30A,0.0
categorical__r_case_number_14083327TC40A,0.0
categorical__r_case_number_14084283TC40A,0.0
categorical__r_case_number_14084371TC20A,0.0
categorical__r_case_number_14079316TC30A,0.0
categorical__r_case_number_14059679TC20A,0.0
categorical__r_case_number_14060125TC30A,0.0
categorical__r_case_number_14063481TC40A,0.0
categorical__r_case_number_14064363TC40A,0.0
categorical__r_case_number_14064655TC20A,0.0
categorical__r_case_number_14066428TC20A,0.0
categorical__r_case_number_14067085TC40A,0.0
categorical__r_case_number_14067545TC40A,0.0
categorical__r_case_number_14067890TC20A,0.0
categorical__r_case_number_14068249TC40A,0.0
categorical__r_case_number_14073509TC20A,0.0
categorical__r_case_number_14069099TC30A,0.0
categorical__r_case_number_14069325TC30A,0.0
categorical__r_case_number_14070864TC20A,0.0
categorical__r_case_number_14071119TC40A,0.0
categorical__r_case_number_14072201TC30A,0.0
categorical__r_case_number_14072299TC40A,0.0
categorical__r_case_number_14072995TC30A,0.0
categorical__r_case_number_14073058TC20A,0.0
categorical__r_case_number_14073481TC30A,0.0
categorical__r_case_number_14073493TC40A,0.0
categorical__r_case_number_14068881TC20A,0.0
categorical__r_case_number_15000096CF10A,0.0
categorical__r_case_number_15000099CF10A,0.0
categorical__r_case_number_15000105CF10A,0.0
categorical__r_case_number_15000109CF10A,0.0
categorical__r_case_number_15000114MM20A,0.0
categorical__r_case_number_15000118MM10A,0.0
categorical__r_case_number_15000122MM20A,0.0
categorical__r_case_number_15000126MM30A,0.0
categorical__r_case_number_15000140CF10A,0.0
categorical__r_case_number_14084373TC30A,0.0
categorical__r_case_number_15000148MM10A,0.0
categorical__r_case_number_15000176CF10A,0.0
categorical__r_case_number_15000207MM10A,0.0
categorical__r_case_number_15000209MM30A,0.0
categorical__r_case_number_15000217MM10A,0.0
categorical__r_case_number_15000238MM30A,0.0
categorical__r_case_number_15000242MM20A,0.0
categorical__r_case_number_15000247MM30A,0.0
categorical__r_case_number_15000261MM10A,0.0
categorical__r_case_number_15000266MM40A,0.0
categorical__r_case_number_15000144MM30A,0.0
categorical__r_case_number_14084473TC30A,0.0
categorical__r_case_number_14086152TC30A,0.0
categorical__r_case_number_14086476TC20A,0.0
categorical__r_case_number_14086991TC20A,0.0
categorical__r_case_number_14088029TC30A,0.0
categorical__r_case_number_14088049TC30A,0.0
categorical__r_case_number_14088580TC30A,0.0
categorical__r_case_number_14090929TC30A,0.0
categorical__r_case_number_14092364TC30A,0.0
categorical__r_case_number_14096127TC30A,0.0
categorical__r_case_number_15000095MM10A,0.0
categorical__r_case_number_14099063TC30A,0.0
categorical__r_case_number_14100546TC30A,0.0
categorical__r_case_number_14100610TC30A,0.0
categorical__r_case_number_14100611TC30A,0.0
categorical__r_case_number_15000014MM40A,0.0
categorical__r_case_number_15000038MM40A,0.0
categorical__r_case_number_15000050CF10A,0.0
categorical__r_case_number_15000051MM40A,0.0
categorical__r_case_number_15000064MM20A,0.0
categorical__r_case_number_15000064MM30A,0.0
categorical__r_case_number_14097534TC30A,0.0
categorical__c_charge_desc_Reckless Driving,0.0
categorical__c_charge_desc_Refuse Submit Blood/Breath Test,0.0
categorical__c_charge_desc_Resist Officer w/Violence,0.0
categorical__c_charge_desc_Resist/Obstruct W/O Violence,0.0
categorical__c_charge_desc_Restraining Order Dating Viol,0.0
categorical__c_charge_desc_Retail Theft $300 1st Offense,0.0
categorical__c_charge_desc_Retail Theft $300 2nd Offense,0.0
categorical__c_charge_desc_Ride Tri-Rail Without Paying,0.0
categorical__c_charge_desc_Robbery / No Weapon,0.0
categorical__r_case_number_14003333MM40A,0.0
categorical__c_charge_desc_Robbery Sudd Snatch No Weapon,0.0
categorical__c_charge_desc_Robbery W/Deadly Weapon,0.0
categorical__c_charge_desc_Sale/Del Cannabis At/Near Scho,0.0
categorical__c_charge_desc_Sale/Del Counterfeit Cont Subs,0.0
categorical__c_charge_desc_Sel Etc/Pos/w/Int Contrft Schd,0.0
categorical__c_charge_desc_Sel/Pur/Mfr/Del Control Substa,0.0
categorical__c_charge_desc_Sell Cannabis,0.0
categorical__c_charge_desc_Sell Conterfeit Cont Substance,0.0
categorical__c_charge_desc_Sell or Offer for Sale Counterfeit Goods,0.0
categorical__c_charge_desc_Sell/Man/Del Pos/w/int Heroin,0.0
categorical__c_charge_desc_Robbery / Weapon,0.0
categorical__c_charge_desc_Possession of Alcohol Under 21,0.0
categorical__c_charge_desc_Possession of Benzylpiperazine,0.0
categorical__c_charge_desc_Possession of Cannabis,0.0
categorical__c_charge_desc_Possession of Cocaine,0.0
categorical__c_charge_desc_Possession of Codeine,0.0
categorical__c_charge_desc_Possession of Ethylone,0.0
categorical__c_charge_desc_Possession of Hydrocodone,0.0
categorical__c_charge_desc_Possession of Hydromorphone,0.0
categorical__c_charge_desc_Possession of LSD,0.0
categorical__c_charge_desc_Possession of Methadone,0.0
categorical__c_charge_desc_Purchasing Of Alprazolam,0.0
categorical__c_charge_desc_Possession of Oxycodone,0.0
categorical__c_charge_desc_Possession of XLR11,0.0
categorical__c_charge_desc_Present Proof of Invalid Insur,0.0
categorical__c_charge_desc_Principal In The First Degree,0.0
categorical__c_charge_desc_Prostitution/Lewd Act Assignation,0.0
categorical__c_charge_desc_Prostitution/Lewdness/Assign,0.0
categorical__c_charge_desc_Prowling/Loitering,0.0
categorical__c_charge_desc_Purchase Cannabis,0.0
categorical__c_charge_desc_Purchase Of Cocaine,0.0
categorical__c_charge_desc_Purchase/P/W/Int Cannabis,0.0
categorical__c_charge_desc_Possession of Morphine,0.0
categorical__c_charge_desc_Threat Public Servant,0.0
categorical__c_charge_desc_Throw Deadly Missile Into Veh,0.0
categorical__c_charge_desc_Throw In Occupied Dwell,0.0
categorical__c_charge_desc_Throw Missile Into Pub/Priv Dw,0.0
categorical__c_charge_desc_Traff In Cocaine <400g>150 Kil,0.0
categorical__c_charge_desc_Traffic Counterfeit Cred Cards,0.0
categorical__c_charge_desc_Traffick Amphetamine 28g><200g,0.0
categorical__c_charge_desc_Traffick Hydrocodone   4g><14g,0.0
categorical__c_charge_desc_Traffick Oxycodone     4g><14g,0.0
categorical__c_charge_desc_Trans/Harm/Material to a Minor,0.0
categorical__c_charge_desc_Sex Batt Faml/Cust Vict 12-17Y,0.0
categorical__c_charge_desc_Trespass Other Struct/Conve,0.0
categorical__c_charge_desc_Trespass Private Property,0.0
categorical__c_charge_desc_Trespass Struct/Convey Occupy,0.0
categorical__c_charge_desc_Trespass Struct/Conveyance,0.0
categorical__c_charge_desc_Trespass Structure w/Dang Weap,0.0
categorical__c_charge_desc_Trespass Structure/Conveyance,0.0
categorical__c_charge_desc_Trespassing/Construction Site,0.0
categorical__c_charge_desc_Tresspass Struct/Conveyance,0.0
categorical__c_charge_desc_Unauth C/P/S Sounds>1000/Audio,0.0
categorical__c_charge_desc_Unauth Poss ID Card or DL,0.0
categorical__c_charge_desc_Trespass On School Grounds,0.0
categorical__c_charge_desc_Sex Offender Fail Comply W/Law,0.0
categorical__c_charge_desc_Sexual Battery / Vict 12 Yrs +,0.0
categorical__c_charge_desc_Shoot In Occupied Dwell,0.0
categorical__c_charge_desc_Shoot Into Vehicle,0.0
categorical__c_charge_desc_Simulation of Legal Process,0.0
categorical__c_charge_desc_Solic to Commit Battery,0.0
categorical__c_charge_desc_Solicit Deliver Cocaine,0.0
categorical__c_charge_desc_Solicit To Deliver Cocaine,0.0
categorical__c_charge_desc_Solicitation On Felony 3 Deg,0.0
categorical__c_charge_desc_Soliciting For Prostitution,0.0
categorical__c_charge_desc_Theft,0.0
categorical__c_charge_desc_Stalking,0.0
categorical__c_charge_desc_Stalking (Aggravated),0.0
categorical__c_charge_desc_Strong Armed  Robbery,0.0
categorical__c_charge_desc_Structuring Transactions,0.0
categorical__c_charge_desc_Susp Drivers Lic 1st Offense,0.0
categorical__c_charge_desc_Tamper With Victim,0.0
categorical__c_charge_desc_Tamper With Witness,0.0
categorical__c_charge_desc_Tamper With Witness/Victim/CI,0.0
categorical__c_charge_desc_Tampering With Physical Evidence,0.0
categorical__c_charge_desc_Tampering with a Victim,0.0
categorical__c_charge_desc_Sound Articles Over 100,0.0
categorical__c_charge_desc_Offn Against Intellectual Prop,0.0
categorical__c_charge_desc_Open Carrying Of Weapon,0.0
categorical__c_charge_desc_Oper Motorcycle W/O Valid DL,0.0
categorical__c_charge_desc_Operating W/O Valid License,0.0
categorical__c_charge_desc_Opert With Susp DL 2ND Offense,0.0
categorical__c_charge_desc_Opert With Susp DL 2nd Offens,0.0
categorical__c_charge_desc_PL/Unlaw Use Credit Card,0.0
categorical__c_charge_desc_Petit Theft,0.0
categorical__c_charge_desc_Petit Theft $100- $300,0.0
categorical__c_charge_desc_Pos Cannabis For Consideration,0.0
categorical__c_charge_desc_Possession Of Phentermine,0.0
categorical__c_charge_desc_Pos Methylenedioxymethcath W/I/D/S,0.0
"categorical__c_charge_desc_Poss 3,4 MDMA (Ecstasy)",0.0
categorical__c_charge_desc_Poss Alprazolam W/int Sell/Del,0.0
categorical__c_charge_desc_Poss Anti-Shoplifting Device,0.0
categorical__c_charge_desc_Poss Cntrft Contr Sub w/Intent,0.0
categorical__c_charge_desc_Poss Cocaine/Intent To Del/Sel,0.0
categorical__c_charge_desc_Poss Contr Subst W/o Prescript,0.0
categorical__c_charge_desc_Poss Counterfeit Payment Inst,0.0
categorical__c_charge_desc_Poss Drugs W/O A Prescription,0.0
categorical__c_charge_desc_Poss F/Arm Delinq,0.0
categorical__c_charge_desc_Pos Cannabis W/Intent Sel/Del,0.0
categorical__c_charge_desc_Lewd or Lascivious Molestation,0.0
categorical__c_charge_desc_Lewd/Lasc Battery Pers 12+/<16,0.0
categorical__c_charge_desc_Lewd/Lasc Exhib Presence <16yr,0.0
categorical__c_charge_desc_Lewd/Lasciv Molest Elder Persn,0.0
categorical__c_charge_desc_Lewdness Violation,0.0
categorical__c_charge_desc_License Suspended Revoked,0.0
categorical__c_charge_desc_Live on Earnings of Prostitute,0.0
categorical__c_charge_desc_Lve/Scen/Acc/Veh/Prop/Damage,0.0
categorical__c_charge_desc_Manslaughter W/Weapon/Firearm,0.0
categorical__c_charge_desc_Manufacture Cannabis,0.0
categorical__c_charge_desc_Offer Agree Secure/Lewd Act,0.0
categorical__c_charge_desc_Money Launder 100K or More Dols,0.0
categorical__c_charge_desc_Murder In 2nd Degree W/firearm,0.0
categorical__c_charge_desc_Murder in 2nd Degree,0.0
categorical__c_charge_desc_Murder in the First Degree,0.0
categorical__c_charge_desc_Neglect Child / Bodily Harm,0.0
categorical__c_charge_desc_Neglect Child / No Bodily Harm,0.0
categorical__c_charge_desc_Obstruct Fire Equipment,0.0
categorical__c_charge_desc_Obstruct Officer W/Violence,0.0
categorical__c_charge_desc_Obtain Control Substance By Fraud,0.0
categorical__c_charge_desc_Offer Agree Secure For Lewd Act,0.0
categorical__c_charge_desc_Misuse Of 911 Or E911 System,0.0
categorical__c_charge_desc_Possess Controlled Substance,0.0
categorical__c_charge_desc_Possess Drug Paraphernalia,0.0
categorical__c_charge_desc_Possess Tobacco Product Under 18,0.0
categorical__c_charge_desc_Possess Weapon On School Prop,0.0
categorical__c_charge_desc_Possess w/I/Utter Forged Bills,0.0
categorical__c_charge_desc_Possession Burglary Tools,0.0
categorical__c_charge_desc_Possession Child Pornography,0.0
categorical__c_charge_desc_Possession Firearm School Prop,0.0
"categorical__c_charge_desc_Possession Of 3,4Methylenediox",0.0
categorical__c_charge_desc_Possession Of Alprazolam,0.0
categorical__c_charge_desc_Poss Firearm W/Altered ID#,0.0
categorical__c_charge_desc_Possession Of Anabolic Steroid,0.0
categorical__c_charge_desc_Possession Of Buprenorphine,0.0
categorical__c_charge_desc_Possession Of Carisoprodol,0.0
categorical__c_charge_desc_Possession Of Clonazepam,0.0
categorical__c_charge_desc_Possession Of Cocaine,0.0
categorical__c_charge_desc_Possession Of Diazepam,0.0
categorical__c_charge_desc_Possession Of Fentanyl,0.0
categorical__c_charge_desc_Possession Of Heroin,0.0
categorical__c_charge_desc_Possession Of Lorazepam,0.0
categorical__c_charge_desc_Possession Of Methamphetamine,0.0
categorical__c_charge_desc_Possession Of Amphetamine,0.0
categorical__c_charge_desc_Poss Meth/Diox/Meth/Amp (MDMA),0.0
"categorical__c_charge_desc_Poss Of 1,4-Butanediol",0.0
categorical__c_charge_desc_Poss Of Controlled Substance,0.0
categorical__c_charge_desc_Poss Of RX Without RX,0.0
categorical__c_charge_desc_Poss Oxycodone W/Int/Sell/Del,0.0
categorical__c_charge_desc_Poss Pyrrolidinovalerophenone,0.0
categorical__c_charge_desc_Poss Similitude of Drivers Lic,0.0
categorical__c_charge_desc_Poss Tetrahydrocannabinols,0.0
categorical__c_charge_desc_Poss Unlaw Issue Driver Licenc,0.0
categorical__c_charge_desc_Poss Unlaw Issue Id,0.0
categorical__c_charge_desc_Possess Cannabis/20 Grams Or Less,0.0
categorical__c_charge_desc_Poss of Cocaine W/I/D/S 1000FT Park,0.0
categorical__c_charge_desc_Poss of Firearm by Convic Felo,0.0
categorical__c_charge_desc_Poss of Methylethcathinone,0.0
categorical__c_charge_desc_Poss of Vessel w/Altered ID NO,0.0
categorical__c_charge_desc_Poss/Sell/Del/Man Amobarbital,0.0
categorical__c_charge_desc_Poss/Sell/Deliver Clonazepam,0.0
categorical__c_charge_desc_Poss/pur/sell/deliver Cocaine,0.0
"categorical__c_charge_desc_Poss3,4 Methylenedioxymethcath",0.0
categorical__c_charge_desc_Posses/Disply Susp/Revk/Frd DL,0.0
categorical__c_charge_desc_Possess Cannabis 1000FTSch,0.0
categorical__c_charge_desc_Poss Wep Conv Felon,0.0
categorical__r_case_number_13005797CF10A,0.0
categorical__r_case_number_13005810CF10A,0.0
categorical__r_case_number_13005814CF10A,0.0
categorical__r_case_number_13005835CF10A,0.0
categorical__r_case_number_13005843MO10A,0.0
categorical__r_case_number_13005848MM10A,0.0
categorical__r_case_number_13005853CF10A,0.0
categorical__r_case_number_13005901CF10A,0.0
categorical__r_case_number_13005926CF10A,0.0
categorical__r_case_number_13005940CF10A,0.0
categorical__c_charge_desc_Unauthorized Interf w/Railroad,0.0
categorical__r_case_number_13005979CF10A,0.0
categorical__r_case_number_13006046MM10A,0.0
categorical__r_case_number_13006154CF10A,0.0
categorical__r_case_number_13006158CF10A,0.0
categorical__r_case_number_13006170CF10A,0.0
categorical__r_case_number_13006172CF10A,0.0
categorical__r_case_number_13006180MO10A,0.0
categorical__r_case_number_13006197CF10A,0.0
categorical__r_case_number_13006238CF10A,0.0
categorical__r_case_number_13006243CF10A,0.0
categorical__r_case_number_13005952CF10A,0.0
categorical__r_case_number_13005077CF10A,0.0
categorical__r_case_number_13005139MM10A,0.0
categorical__r_case_number_13005155CF10A,0.0
categorical__r_case_number_13005201MM10A,0.0
categorical__r_case_number_13005242CF10A,0.0
categorical__r_case_number_13005251CF10A,0.0
categorical__r_case_number_13005285CF10A,0.0
categorical__r_case_number_13005289CF10A,0.0
categorical__r_case_number_13005328CF10A,0.0
categorical__r_case_number_13005340CF10A,0.0
categorical__r_case_number_13005738CF10A,0.0
categorical__r_case_number_13005438MM10A,0.0
categorical__r_case_number_13005448MM10A,0.0
categorical__r_case_number_13005488CF10A,0.0
categorical__r_case_number_13005513CF10A,0.0
categorical__r_case_number_13005516CF10A,0.0
categorical__r_case_number_13005547CF10A,0.0
categorical__r_case_number_13005549CF10A,0.0
categorical__r_case_number_13005636CF10A,0.0
categorical__r_case_number_13005675MM10A,0.0
categorical__r_case_number_13005721CF10A,0.0
categorical__r_case_number_13005404CF10A,0.0
categorical__r_case_number_13007175MM10A,0.0
categorical__r_case_number_13007188MM10A,0.0
categorical__r_case_number_13007257CF10A,0.0
categorical__r_case_number_13007421CF10A,0.0
categorical__r_case_number_13007610CF10A,0.0
categorical__r_case_number_13007620MM10A,0.0
categorical__r_case_number_13007664MM10A,0.0
categorical__r_case_number_13007689CF10A,0.0
categorical__r_case_number_13007804CF10A,0.0
categorical__r_case_number_13007834CF10A,0.0
categorical__r_case_number_13006256CF10A,0.0
categorical__r_case_number_13007870MM10A,0.0
categorical__r_case_number_13007930CF10A,0.0
categorical__r_case_number_13007934CF10A,0.0
categorical__r_case_number_13008037MM10A,0.0
categorical__r_case_number_13008049MM10A,0.0
categorical__r_case_number_13008051MM10A,0.0
categorical__r_case_number_13008082CF10A,0.0
categorical__r_case_number_13008137CF10A,0.0
categorical__r_case_number_13008151CF10A,0.0
categorical__r_case_number_13008214CF10A,0.0
categorical__r_case_number_13007869CF10A,0.0
categorical__r_case_number_13006330CF10A,0.0
categorical__r_case_number_13006351CF10A,0.0
categorical__r_case_number_13006375CF10A,0.0
categorical__r_case_number_13006385CF10A,0.0
categorical__r_case_number_13006422CF10A,0.0
categorical__r_case_number_13006450CF10A,0.0
categorical__r_case_number_13006457CF10A,0.0
categorical__r_case_number_13006469CF10A,0.0
categorical__r_case_number_13006568CF10A,0.0
categorical__r_case_number_13006642CF10A,0.0
categorical__r_case_number_13007144MM10A,0.0
categorical__r_case_number_13006811CF10A,0.0
categorical__r_case_number_13006826CF10A,0.0
categorical__r_case_number_13006847MM10A,0.0
categorical__r_case_number_13006885CF10A,0.0
categorical__r_case_number_13006894MM10A,0.0
categorical__r_case_number_13006942CF10A,0.0
categorical__r_case_number_13006951MM10A,0.0
categorical__r_case_number_13006964MM10A,0.0
categorical__r_case_number_13007031MO10A,0.0
categorical__r_case_number_13007122CF10A,0.0
categorical__r_case_number_13006763CF10A,0.0
categorical__r_case_number_13000445MM20A,0.0
categorical__r_case_number_13000677MM20A,0.0
categorical__r_case_number_13000758MM30A,0.0
categorical__r_case_number_13000785MM30A,0.0
categorical__r_case_number_13001020CF10A,0.0
categorical__r_case_number_13001102CF10A,0.0
categorical__r_case_number_13001156MM20A,0.0
categorical__r_case_number_13001166MM30A,0.0
categorical__r_case_number_13001383CF10A,0.0
categorical__r_case_number_13001415MM20A,0.0
categorical__r_case_number_13004944CF10A,0.0
categorical__r_case_number_13001580MM30A,0.0
categorical__r_case_number_13001871MM10A,0.0
categorical__r_case_number_13001876CF10A,0.0
categorical__r_case_number_13001881CF10A,0.0
categorical__r_case_number_13001985CF10A,0.0
categorical__r_case_number_13002119CF10A,0.0
categorical__r_case_number_13002145CF10A,0.0
categorical__r_case_number_13002174CF10A,0.0
categorical__r_case_number_13002336CF10A,0.0
categorical__r_case_number_13002539CF10A,0.0
categorical__r_case_number_13001501MM30A,0.0
categorical__c_charge_desc_Unemployment Compensatn Fraud,0.0
categorical__c_charge_desc_Unlaw Lic Use/Disply Of Others,0.0
categorical__c_charge_desc_Unlaw LicTag/Sticker Attach,0.0
categorical__c_charge_desc_Unlaw Use False Name/Identity,0.0
categorical__c_charge_desc_Unlicensed Telemarketing,0.0
categorical__c_charge_desc_Use Of 2 Way Device To Fac Fel,0.0
categorical__c_charge_desc_Use Scanning Device to Defraud,0.0
categorical__c_charge_desc_Use of Anti-Shoplifting Device,0.0
categorical__c_charge_desc_Uttering Forged Bills,0.0
categorical__c_charge_desc_Uttering Forged Credit Card,0.0
categorical__c_charge_desc_arrest case no charge,0.0
categorical__c_charge_desc_Uttering a Forged Instrument,0.0
categorical__c_charge_desc_Video Voyeur-<24Y on Child >16,0.0
categorical__c_charge_desc_Viol Injunct Domestic Violence,0.0
categorical__c_charge_desc_Viol Injunction Protect Dom Vi,0.0
categorical__c_charge_desc_Viol Pretrial Release Dom Viol,0.0
categorical__c_charge_desc_Viol Prot Injunc Repeat Viol,0.0
categorical__c_charge_desc_Violation License Restrictions,0.0
categorical__c_charge_desc_Violation Of Boater Safety Id,0.0
categorical__c_charge_desc_Violation of Injunction Order/Stalking/Cyberstalking,0.0
categorical__c_charge_desc_Voyeurism,0.0
categorical__c_charge_desc_Uttering Worthless Check +$150,0.0
categorical__r_case_number_13003723CF10A,0.0
categorical__r_case_number_13003742MO40A,0.0
categorical__r_case_number_13003788MO10A,0.0
categorical__r_case_number_13003832CF10A,0.0
categorical__r_case_number_13003832MM10A,0.0
categorical__r_case_number_13003854CF10A,0.0
categorical__r_case_number_13003916CF10A,0.0
categorical__r_case_number_13003926MM10A,0.0
categorical__r_case_number_13004109CF10A,0.0
categorical__r_case_number_13004206MM10A,0.0
categorical__r_case_number_13002546CF10A,0.0
categorical__r_case_number_13004333CF10A,0.0
categorical__r_case_number_13004351CF10A,0.0
categorical__r_case_number_13004375CF10A,0.0
categorical__r_case_number_13004405TC20A,0.0
categorical__r_case_number_13004534CF10A,0.0
categorical__r_case_number_13004540CF10A,0.0
categorical__r_case_number_13004690CF10A,0.0
categorical__r_case_number_13004768MM10A,0.0
categorical__r_case_number_13004860CF10A,0.0
categorical__r_case_number_13004898CF10A,0.0
categorical__r_case_number_13004257CF10A,0.0
categorical__r_case_number_13002602CF10A,0.0
categorical__r_case_number_13002676CF10A,0.0
categorical__r_case_number_13002682CF10A,0.0
categorical__r_case_number_13002713MM10A,0.0
categorical__r_case_number_13002788MM40A,0.0
categorical__r_case_number_13002838CF10A,0.0
categorical__r_case_number_13002859CF10A,0.0
categorical__r_case_number_13002867MM20A,0.0
categorical__r_case_number_13002897CF10A,0.0
categorical__r_case_number_13002946CF10A,0.0
categorical__r_case_number_13003701CF10A,0.0
categorical__r_case_number_13003313CF10A,0.0
categorical__r_case_number_13003340CF10A,0.0
categorical__r_case_number_13003348CF10A,0.0
categorical__r_case_number_13003421CF10A,0.0
categorical__r_case_number_13003423CF10A,0.0
categorical__r_case_number_13003426MM40A,0.0
categorical__r_case_number_13003430MM40A,0.0
categorical__r_case_number_13003502MM40A,0.0
categorical__r_case_number_13003609CF10A,0.0
categorical__r_case_number_13003640CF10A,0.0
categorical__r_case_number_13003229MM40A,0.0
categorical__c_case_number_14017410MM10A,0.0
categorical__c_case_number_14017552MM10A,0.0
categorical__c_case_number_14017743MM10A,0.0
categorical__c_case_number_14017828MM10A,0.0
categorical__c_case_number_14018027MM10A,0.0
categorical__c_case_number_14018212TC10A,0.0
categorical__c_case_number_14018228MM10A,0.0
categorical__c_case_number_14020222MU10A,0.0
categorical__c_case_number_14020726MU10A,0.0
categorical__c_case_number_14023910MU10A,0.0
categorical__c_charge_desc_Lewd Act Presence Child 16-,0.0
categorical__c_case_number_14024699MU10A,0.0
categorical__c_case_number_14024725MU10A,0.0
categorical__c_case_number_14025752TC30A,0.0
categorical__c_case_number_14028010MU10A,0.0
categorical__c_case_number_14028826MU10A,0.0
categorical__c_case_number_14034102MU10A,0.0
categorical__c_case_number_14034104MU10A,0.0
categorical__c_case_number_14035950MU10A,0.0
categorical__c_case_number_14035960TC10A,0.0
categorical__c_case_number_14039923MU10A,0.0
categorical__c_case_number_14024676MU10A,0.0
categorical__c_case_number_14016882MM10A,0.0
categorical__c_case_number_14016883MM10A,0.0
categorical__c_case_number_14016901CF10A,0.0
categorical__c_case_number_14016934CF10A,0.0
categorical__c_case_number_14016999MM10A,0.0
categorical__c_case_number_14017003CF10A,0.0
categorical__c_case_number_14017033CF10A,0.0
categorical__c_case_number_14017039CF10A,0.0
categorical__c_case_number_14017072CF10A,0.0
categorical__c_case_number_14017086CF10A,0.0
categorical__c_case_number_14017341MM10A,0.0
categorical__c_case_number_14017157CF10A,0.0
categorical__c_case_number_14017169CF10A,0.0
categorical__c_case_number_14017187CF10A,0.0
categorical__c_case_number_14017200CF10A,0.0
categorical__c_case_number_14017201CF10A,0.0
categorical__c_case_number_14017207CF10A,0.0
categorical__c_case_number_14017227MM10A,0.0
categorical__c_case_number_14017250MM10A,0.0
categorical__c_case_number_14017277MM10A,0.0
categorical__c_case_number_14017278MM10A,0.0
categorical__c_case_number_14017146CF10A,0.0
categorical__c_case_number_98011734CF10A,0.0
categorical__c_case_number_99013179CF10A,0.0
categorical__c_charge_degree_F,0.0
categorical__c_charge_degree_M,0.0
categorical__c_charge_desc_Abuse Without Great Harm,0.0
categorical__c_charge_desc_Accessory After the Fact,0.0
categorical__c_charge_desc_Agg Assault Law Enforc Officer,0.0
categorical__c_charge_desc_Agg Assault W/int Com Fel Dome,0.0
categorical__c_charge_desc_Agg Battery Grt/Bod/Harm,0.0
categorical__c_charge_desc_Agg Fleeing and Eluding,0.0
categorical__c_case_number_14040148MU10A,0.0
"categorical__c_charge_desc_Aggr Child Abuse-Torture,Punish",0.0
categorical__c_charge_desc_Aggrav Battery w/Deadly Weapon,0.0
categorical__c_charge_desc_Aggrav Child Abuse-Agg Battery,0.0
categorical__c_charge_desc_Aggrav Child Abuse-Causes Harm,0.0
categorical__c_charge_desc_Aggrav Stalking After Injunctn,0.0
categorical__c_charge_desc_Aggravated Assault,0.0
categorical__c_charge_desc_Aggravated Assault W/Dead Weap,0.0
categorical__c_charge_desc_Aggravated Assault W/dead Weap,0.0
categorical__c_charge_desc_Aggravated Assault W/o Firearm,0.0
categorical__c_charge_desc_Aggravated Assault w/Firearm,0.0
categorical__c_charge_desc_Agg Fleeing/Eluding High Speed,0.0
categorical__c_case_number_14040293MU10A,0.0
categorical__c_case_number_14042761MU10A,0.0
categorical__c_case_number_14045338MU10A,0.0
categorical__c_case_number_14061977TC20A,0.0
categorical__c_case_number_14062113NI40A,0.0
categorical__c_case_number_14063284TC30A,0.0
categorical__c_case_number_14064088NI20A,0.0
categorical__c_case_number_14075628TC20A,0.0
categorical__c_case_number_15000853CF10A,0.0
categorical__c_case_number_15001238CF10A,0.0
categorical__c_case_number_97011469CF10A,0.0
categorical__c_case_number_15002684CF10A,0.0
categorical__c_case_number_15002693CF10A,0.0
categorical__c_case_number_15014942CF10A,0.0
categorical__c_case_number_75003147CF10A,0.0
categorical__c_case_number_87018952CF10A,0.0
categorical__c_case_number_91018509MM10A,0.0
categorical__c_case_number_92019087CF10A,0.0
categorical__c_case_number_92078761TC20A,0.0
categorical__c_case_number_94002444TC20A,0.0
categorical__c_case_number_95012273CF10A,0.0
categorical__c_case_number_15002028CF10A,0.0
categorical__c_case_number_14015802CF10A,0.0
categorical__c_case_number_14015804CF10A,0.0
categorical__c_case_number_14015814CF10A,0.0
categorical__c_case_number_14015816CF10A,0.0
categorical__c_case_number_14015819CF10A,0.0
categorical__c_case_number_14015845MM10A,0.0
categorical__c_case_number_14015864CF10A,0.0
categorical__c_case_number_14015878MM10A,0.0
categorical__c_case_number_14015879MM10A,0.0
categorical__c_case_number_14015897CF10A,0.0
categorical__c_case_number_14016879CF10A,0.0
categorical__c_case_number_14015929MM10A,0.0
categorical__c_case_number_14015943MM10A,0.0
categorical__c_case_number_14016011CF10A,0.0
categorical__c_case_number_14016019CF10A,0.0
categorical__c_case_number_14016036CF10A,0.0
categorical__c_case_number_14016048CF10A,0.0
categorical__c_case_number_14016072CF10A,0.0
categorical__c_case_number_14016074CF10A,0.0
categorical__c_case_number_14016083CF10A,0.0
categorical__c_case_number_14016104CF10A,0.0
categorical__c_case_number_14015921CF10A,0.0
categorical__c_case_number_14015405CF10A,0.0
categorical__c_case_number_14015408CF10A,0.0
categorical__c_case_number_14015429CF10A,0.0
categorical__c_case_number_14015464CF10A,0.0
categorical__c_case_number_14015466MM10A,0.0
categorical__c_case_number_14015479CF10A,0.0
categorical__c_case_number_14015489CF10A,0.0
categorical__c_case_number_14015510CF10A,0.0
categorical__c_case_number_14015523MM10A,0.0
categorical__c_case_number_14015585CF10A,0.0
categorical__c_case_number_14015774MM10A,0.0
categorical__c_case_number_14015628CF10A,0.0
categorical__c_case_number_14015633CF10A,0.0
categorical__c_case_number_14015688CF10A,0.0
categorical__c_case_number_14015702CF10A,0.0
categorical__c_case_number_14015711CF10A,0.0
categorical__c_case_number_14015712CF10A,0.0
categorical__c_case_number_14015716CF10A,0.0
categorical__c_case_number_14015717CF10A,0.0
categorical__c_case_number_14015736CF10A,0.0
categorical__c_case_number_14015737CF10A,0.0
categorical__c_case_number_14015588CF10A,0.0
categorical__c_case_number_14016488MM10A,0.0
categorical__c_case_number_14016494CF10A,0.0
categorical__c_case_number_14016502CF10A,0.0
categorical__c_case_number_14016506CF10A,0.0
categorical__c_case_number_14016511CF10A,0.0
categorical__c_case_number_14016515CF10A,0.0
categorical__c_case_number_14016534MM10A,0.0
categorical__c_case_number_14016617CF10A,0.0
categorical__c_case_number_14016640MM10A,0.0
categorical__c_case_number_14016652MM10A,0.0
categorical__c_case_number_14016114CF10A,0.0
categorical__c_case_number_14016675CF10A,0.0
categorical__c_case_number_14016695MM10A,0.0
categorical__c_case_number_14016697CF10A,0.0
categorical__c_case_number_14016711CF10A,0.0
categorical__c_case_number_14016749CF10A,0.0
categorical__c_case_number_14016767CF10A,0.0
categorical__c_case_number_14016793MU10A,0.0
categorical__c_case_number_14016818CF10A,0.0
categorical__c_case_number_14016837CF10A,0.0
categorical__c_case_number_14016868MM10A,0.0
categorical__c_case_number_14016653MM10A,0.0
categorical__c_case_number_14016147CF10A,0.0
categorical__c_case_number_14016152CF10A,0.0
categorical__c_case_number_14016166CF10A,0.0
categorical__c_case_number_14016196CF10A,0.0
categorical__c_case_number_14016241CF10A,0.0
categorical__c_case_number_14016266CF10A,0.0
categorical__c_case_number_14016268CF10A,0.0
categorical__c_case_number_14016311CF10A,0.0
categorical__c_case_number_14016313MM10A,0.0
categorical__c_case_number_14016326MM10A,0.0
categorical__c_case_number_14016475CF10A,0.0
categorical__c_case_number_14016360CF10A,0.0
categorical__c_case_number_14016368CF10A,0.0
categorical__c_case_number_14016373MM10A,0.0
categorical__c_case_number_14016429MM10A,0.0
categorical__c_case_number_14016434CF10A,0.0
categorical__c_case_number_14016444CF10A,0.0
categorical__c_case_number_14016448CF10A,0.0
categorical__c_case_number_14016454CF10A,0.0
categorical__c_case_number_14016462CF10A,0.0
categorical__c_case_number_14016473CF10A,0.0
categorical__c_case_number_14016327CF10A,0.0
categorical__c_charge_desc_Driving While License Revoked,0.0
categorical__c_charge_desc_Escape,0.0
categorical__c_charge_desc_Exhibition Weapon School Prop,0.0
categorical__c_charge_desc_Expired DL More Than 6 Months,0.0
categorical__c_charge_desc_Exploit Elderly Person 20-100K,0.0
categorical__c_charge_desc_Exposes Culpable Negligence,0.0
categorical__c_charge_desc_Extradition/Defendants,0.0
categorical__c_charge_desc_Fail Obey Driv Lic Restrictions,0.0
categorical__c_charge_desc_Fail Register Career Offender,0.0
categorical__c_charge_desc_Fail Register Vehicle,0.0
categorical__c_charge_desc_Aggravated Battery,0.0
categorical__c_charge_desc_Fail To Obey Police Officer,0.0
categorical__c_charge_desc_Fail To Redeliv Hire/Leas Prop,0.0
categorical__c_charge_desc_Fail To Redeliver Hire Prop,0.0
categorical__c_charge_desc_Fail To Secure Load,0.0
categorical__c_charge_desc_Failure To Pay Taxi Cab Charge,0.0
categorical__c_charge_desc_Failure To Return Hired Vehicle,0.0
categorical__c_charge_desc_False Bomb Report,0.0
categorical__c_charge_desc_False Imprisonment,0.0
categorical__c_charge_desc_False Motor Veh Insurance Card,0.0
categorical__c_charge_desc_False Name By Person Arrest,0.0
categorical__c_charge_desc_Fail Sex Offend Report Bylaw,0.0
categorical__c_charge_desc_Del Cannabis At/Near Park,0.0
categorical__c_charge_desc_Del Cannabis For Consideration,0.0
categorical__c_charge_desc_Del Morphine at/near Park,0.0
categorical__c_charge_desc_Del of JWH-250 2-Methox 1-Pentyl,0.0
"categorical__c_charge_desc_Deliver 3,4 Methylenediox",0.0
categorical__c_charge_desc_Deliver Alprazolam,0.0
categorical__c_charge_desc_Deliver Cannabis,0.0
categorical__c_charge_desc_Deliver Cocaine,0.0
categorical__c_charge_desc_Deliver Cocaine 1000FT Church,0.0
categorical__c_charge_desc_Deliver Cocaine 1000FT Park,0.0
categorical__c_charge_desc_Driving Under The Influence,0.0
categorical__c_charge_desc_Deliver Cocaine 1000FT Store,0.0
categorical__c_charge_desc_Delivery Of Drug Paraphernalia,0.0
categorical__c_charge_desc_Delivery of 5-Fluoro PB-22,0.0
categorical__c_charge_desc_Depriv LEO of Protect/Communic,0.0
categorical__c_charge_desc_Discharge Firearm From Vehicle,0.0
categorical__c_charge_desc_Disorderly Conduct,0.0
categorical__c_charge_desc_Disorderly Intoxication,0.0
categorical__c_charge_desc_Disrupting School Function,0.0
categorical__c_charge_desc_Drivg While Lic Suspd/Revk/Can,0.0
categorical__c_charge_desc_Driving License Suspended,0.0
categorical__c_charge_desc_Deliver Cocaine 1000FT School,0.0
categorical__c_charge_desc_Grand Theft (motor Vehicle),0.0
categorical__c_charge_desc_Grand Theft Dwell Property,0.0
categorical__c_charge_desc_Grand Theft Firearm,0.0
categorical__c_charge_desc_Grand Theft in the 1st Degree,0.0
categorical__c_charge_desc_Grand Theft in the 3rd Degree,0.0
categorical__c_charge_desc_Grand Theft of a Fire Extinquisher,0.0
categorical__c_charge_desc_Grand Theft of the 2nd Degree,0.0
categorical__c_charge_desc_Grand Theft on 65 Yr or Older,0.0
categorical__c_charge_desc_Harass Witness/Victm/Informnt,0.0
categorical__c_charge_desc_Harm Public Servant Or Family,0.0
categorical__c_charge_desc_False Ownership Info/Pawn Item,0.0
categorical__c_charge_desc_Insurance Fraud,0.0
categorical__c_charge_desc_Interfere W/Traf Cont Dev RR,0.0
categorical__c_charge_desc_Interference with Custody,0.0
categorical__c_charge_desc_Intoxicated/Safety Of Another,0.0
categorical__c_charge_desc_Introduce Contraband Into Jail,0.0
categorical__c_charge_desc_Kidnapping / Domestic Violence,0.0
categorical__c_charge_desc_Leave Acc/Attend Veh/More $50,0.0
categorical__c_charge_desc_Leave Accd/Attend Veh/Less $50,0.0
categorical__c_charge_desc_Leaving Acc/Unattended Veh,0.0
categorical__c_charge_desc_Leaving the Scene of Accident,0.0
categorical__c_charge_desc_Imperson Public Officer or Emplyee,0.0
categorical__c_charge_desc_Falsely Impersonating Officer,0.0
categorical__c_charge_desc_Fel Drive License Perm Revoke,0.0
categorical__c_charge_desc_Felon in Pos of Firearm or Amm,0.0
categorical__c_charge_desc_Felony Batt(Great Bodily Harm),0.0
categorical__c_charge_desc_Felony Battery,0.0
categorical__c_charge_desc_Felony Battery (Dom Strang),0.0
categorical__c_charge_desc_Felony Battery w/Prior Convict,0.0
categorical__c_charge_desc_Felony Committing Prostitution,0.0
categorical__c_charge_desc_Felony DUI (level 3),0.0
categorical__c_charge_desc_Felony DUI - Enhanced,0.0
categorical__c_charge_desc_Grand Theft (Motor Vehicle),0.0
categorical__c_charge_desc_Felony Petit Theft,0.0
categorical__c_charge_desc_Felony/Driving Under Influence,0.0
categorical__c_charge_desc_Flee/Elude LEO-Agg Flee Unsafe,0.0
categorical__c_charge_desc_Fleeing Or Attmp Eluding A Leo,0.0
categorical__c_charge_desc_Fleeing or Eluding a LEO,0.0
categorical__c_charge_desc_Forging Bank Bills/Promis Note,0.0
categorical__c_charge_desc_Fraud Obtain Food or Lodging,0.0
categorical__c_charge_desc_Fraudulent Use of Credit Card,0.0
categorical__c_charge_desc_Gambling/Gamb Paraphernalia,0.0
categorical__c_charge_desc_Giving False Crime Report,0.0
categorical__c_charge_desc_Felony Driving While Lic Suspd,0.0
categorical__c_charge_desc_Battery,0.0
categorical__c_charge_desc_Battery Emergency Care Provide,0.0
categorical__c_charge_desc_Battery On A Person Over 65,0.0
categorical__c_charge_desc_Battery On Fire Fighter,0.0
categorical__c_charge_desc_Battery On Parking Enfor Speci,0.0
categorical__c_charge_desc_Battery Spouse Or Girlfriend,0.0
categorical__c_charge_desc_Battery on Law Enforc Officer,0.0
categorical__c_charge_desc_Battery on a Person Over 65,0.0
categorical__c_charge_desc_Burgl Dwel/Struct/Convey Armed,0.0
categorical__c_charge_desc_Burglary Assault/Battery Armed,0.0
categorical__c_charge_desc_Defrauding Innkeeper $300/More,0.0
categorical__c_charge_desc_Burglary Conveyance Assault/Bat,0.0
categorical__c_charge_desc_Burglary Conveyance Occupied,0.0
categorical__c_charge_desc_Burglary Dwelling Armed,0.0
categorical__c_charge_desc_Burglary Dwelling Assault/Batt,0.0
categorical__c_charge_desc_Burglary Dwelling Occupied,0.0
categorical__c_charge_desc_Burglary Structure Assault/Batt,0.0
categorical__c_charge_desc_Burglary Structure Occupied,0.0
categorical__c_charge_desc_Burglary Structure Unoccup,0.0
categorical__c_charge_desc_Burglary Unoccupied Dwelling,0.0
categorical__c_charge_desc_Burglary With Assault/battery,0.0
categorical__c_charge_desc_Burglary Conveyance Armed,0.0
categorical__c_charge_desc_Aggravated Battery (Firearm),0.0
categorical__c_charge_desc_Aggravated Battery (Firearm/Actual Possession),0.0
categorical__c_charge_desc_Aggravated Battery / Pregnant,0.0
categorical__c_charge_desc_Aggravated Battery On 65/Older,0.0
categorical__c_charge_desc_Aggress/Panhandle/Beg/Solict,0.0
categorical__c_charge_desc_Aiding Escape,0.0
categorical__c_charge_desc_Alcoholic Beverage Violation-FL,0.0
categorical__c_charge_desc_Armed Trafficking in Cannabis,0.0
categorical__c_charge_desc_Arson II (Vehicle),0.0
categorical__c_charge_desc_Arson in the First Degree,0.0
categorical__c_charge_desc_Attempted Robbery Firearm,0.0
categorical__c_charge_desc_Assault Law Enforcement Officer,0.0
categorical__c_charge_desc_Att Burgl Conv Occp,0.0
categorical__c_charge_desc_Att Burgl Struc/Conv Dwel/Occp,0.0
categorical__c_charge_desc_Att Burgl Unoccupied Dwel,0.0
categorical__c_charge_desc_Att Tamper w/Physical Evidence,0.0
categorical__c_charge_desc_Attempt Armed Burglary Dwell,0.0
categorical__c_charge_desc_Attempted Burg/Convey/Unocc,0.0
categorical__c_charge_desc_Attempted Burg/struct/unocc,0.0
categorical__c_charge_desc_Attempted Deliv Control Subst,0.0
categorical__c_charge_desc_Attempted Robbery  No Weapon,0.0
categorical__c_charge_desc_Assault,0.0
categorical__c_charge_desc_Criminal Mischief,0.0
categorical__c_charge_desc_Criminal Mischief Damage <$200,0.0
categorical__c_charge_desc_Criminal Mischief>$200<$1000,0.0
categorical__c_charge_desc_Cruelty Toward Child,0.0
categorical__c_charge_desc_Cruelty to Animals,0.0
categorical__c_charge_desc_Culpable Negligence,0.0
categorical__c_charge_desc_D.U.I. Serious Bodily Injury,0.0
categorical__c_charge_desc_DOC/Cause Public Danger,0.0
categorical__c_charge_desc_DUI - Enhanced,0.0
categorical__c_charge_desc_DUI - Property Damage/Personal Injury,0.0
categorical__c_charge_desc_Carjacking w/o Deadly Weapon,0.0
categorical__c_charge_desc_DUI Level 0.15 Or Minor In Veh,0.0
categorical__c_charge_desc_DUI Property Damage/Injury,0.0
categorical__c_charge_desc_DUI- Enhanced,0.0
categorical__c_charge_desc_DUI/Property Damage/Persnl Inj,0.0
categorical__c_charge_desc_DWI w/Inj Susp Lic / Habit Off,0.0
categorical__c_charge_desc_DWLS Canceled Disqul 1st Off,0.0
categorical__c_charge_desc_DWLS Susp/Cancel Revoked,0.0
categorical__c_charge_desc_Dealing In Stolen Property,0.0
categorical__c_charge_desc_Dealing in Stolen Property,0.0
categorical__c_charge_desc_Defrauding Innkeeper,0.0
categorical__c_charge_desc_DUI Blood Alcohol Above 0.20,0.0
categorical__c_charge_desc_Carjacking with a Firearm,0.0
categorical__c_charge_desc_Carry Open/Uncov Bev In Pub,0.0
categorical__c_charge_desc_Carrying A Concealed Weapon,0.0
categorical__c_charge_desc_Carrying Concealed Firearm,0.0
categorical__c_charge_desc_Cash Item w/Intent to Defraud,0.0
categorical__c_charge_desc_Cause Anoth Phone Ring Repeat,0.0
categorical__c_charge_desc_Child Abuse,0.0
categorical__c_charge_desc_Computer Pornography,0.0
categorical__c_charge_desc_Consp Traff Oxycodone  4g><14g,0.0
categorical__c_charge_desc_Consp Traff Oxycodone 28g><30k,0.0
categorical__c_charge_desc_Criminal Attempt 3rd Deg Felon,0.0
categorical__c_charge_desc_Conspiracy to Deliver Cocaine,0.0
categorical__c_charge_desc_Consume Alcoholic Bev Pub,0.0
categorical__c_charge_desc_Contribute Delinquency Of A Minor,0.0
categorical__c_charge_desc_Corrupt Public Servant,0.0
categorical__c_charge_desc_Counterfeit Lic Plates/Sticker,0.0
categorical__c_charge_desc_Crim Attempt/Solic/Consp,0.0
categorical__c_charge_desc_Crim Attempt/Solicit/Consp,0.0
categorical__c_charge_desc_Crim Use Of Personal Id Info,0.0
categorical__c_charge_desc_Crim Use of Personal ID Info,0.0
categorical__c_charge_desc_Crimin Mischief Damage $1000+,0.0
categorical__c_charge_desc_Conspiracy Dealing Stolen Prop,0.0
categorical__r_case_number_14000335MM10A,0.0
categorical__r_case_number_14000357CF10A,0.0
categorical__r_case_number_14000372MM40A,0.0
categorical__r_case_number_14000392CF10A,0.0
categorical__r_case_number_14000408MM30A,0.0
categorical__r_case_number_14000417CF10A,0.0
categorical__r_case_number_14000418MM20A,0.0
categorical__r_case_number_14000419MM40A,0.0
categorical__r_case_number_14000433MM40A,0.0
categorical__r_case_number_13008240CF10A,0.0
categorical__r_case_number_14000486MM20A,0.0
categorical__r_case_number_14000492CF10A,0.0
categorical__r_case_number_14000493MM20A,0.0
categorical__r_case_number_14000496CF10A,0.0
categorical__r_case_number_14000501MM10A,0.0
categorical__r_case_number_14000507MM40A,0.0
categorical__r_case_number_14000528MM10A,0.0
categorical__r_case_number_14000529MM10A,0.0
categorical__r_case_number_14000536CF10A,0.0
categorical__r_case_number_14000543MO10A,0.0
categorical__r_case_number_14000468MM20A,0.0
categorical__r_case_number_13094195TC30A,0.0
categorical__r_case_number_13095157TC30A,0.0
categorical__r_case_number_13112303TC30A,0.0
categorical__r_case_number_13120650TC30A,0.0
categorical__r_case_number_13123237TC30A,0.0
categorical__r_case_number_14000029MM10A,0.0
categorical__r_case_number_14000069TC40A,0.0
categorical__r_case_number_14000114MM30A,0.0
categorical__r_case_number_14000125MM20A,0.0
categorical__r_case_number_14000143MM10A,0.0
categorical__r_case_number_14000326CF10A,0.0
categorical__r_case_number_14000165MM10A,0.0
categorical__r_case_number_14000176MM10A,0.0
categorical__r_case_number_14000195MM10A,0.0
categorical__r_case_number_14000196CF10A,0.0
categorical__r_case_number_14000199MM20A,0.0
categorical__r_case_number_14000203CF10A,0.0
categorical__r_case_number_14000226MM10A,0.0
categorical__r_case_number_14000241MM10A,0.0
categorical__r_case_number_14000303CF10A,0.0
categorical__r_case_number_14000319MM30A,0.0
categorical__r_case_number_14000150MM20A,0.0
categorical__r_case_number_14000843MM40A,0.0
categorical__r_case_number_14000857CF10A,0.0
categorical__r_case_number_14000857MM20A,0.0
categorical__r_case_number_14000865MM30A,0.0
categorical__r_case_number_14000894MM20A,0.0
categorical__r_case_number_14000907MM40A,0.0
categorical__r_case_number_14000931MM40A,0.0
categorical__r_case_number_14000933MM30A,0.0
categorical__r_case_number_14000935CF10A,0.0
categorical__r_case_number_14000938CF10A,0.0
categorical__r_case_number_14000546CF10A,0.0
categorical__r_case_number_14000954MM40A,0.0
categorical__r_case_number_14000955CF10A,0.0
categorical__r_case_number_14000959CF10A,0.0
categorical__r_case_number_14000963MM20A,0.0
categorical__r_case_number_14000997MM30A,0.0
categorical__r_case_number_14001002MM10A,0.0
categorical__r_case_number_14001003CF10A,0.0
categorical__r_case_number_14001016MM30A,0.0
categorical__r_case_number_14001039TC10A,0.0
categorical__r_case_number_14001047CF10A,0.0
categorical__r_case_number_14000942MM40A,0.0
categorical__r_case_number_14000594CF10A,0.0
categorical__r_case_number_14000627CF10A,0.0
categorical__r_case_number_14000635MM30A,0.0
categorical__r_case_number_14000645MM10A,0.0
categorical__r_case_number_14000648MM30A,0.0
categorical__r_case_number_14000650MM40A,0.0
categorical__r_case_number_14000671CF10A,0.0
categorical__r_case_number_14000700CF10A,0.0
categorical__r_case_number_14000700MO10A,0.0
categorical__r_case_number_14000709MM40A,0.0
categorical__r_case_number_14000843CF10A,0.0
categorical__r_case_number_14000733MM30A,0.0
categorical__r_case_number_14000740MM20A,0.0
categorical__r_case_number_14000744MM30A,0.0
categorical__r_case_number_14000745CF10A,0.0
categorical__r_case_number_14000757MM40A,0.0
categorical__r_case_number_14000768MM40A,0.0
categorical__r_case_number_14000770MM30A,0.0
categorical__r_case_number_14000780CF10A,0.0
categorical__r_case_number_14000807MM10A,0.0
categorical__r_case_number_14000814MM30A,0.0
categorical__r_case_number_14000727MM20A,0.0
categorical__r_case_number_13034609TC10A,0.0
categorical__r_case_number_13034964TC10A,0.0
categorical__r_case_number_13035344TC10A,0.0
categorical__r_case_number_13035481TC10A,0.0
categorical__r_case_number_13035683TC20A,0.0
categorical__r_case_number_13036235TC10A,0.0
categorical__r_case_number_13036749TC20A,0.0
categorical__r_case_number_13036773TC10A,0.0
categorical__r_case_number_13036933TC10A,0.0
categorical__r_case_number_13036967TC10A,0.0
categorical__r_case_number_13092886TC30A,0.0
categorical__r_case_number_13038248TC10A,0.0
categorical__r_case_number_13038900TC10A,0.0
categorical__r_case_number_13039021TC10A,0.0
categorical__r_case_number_13039138TC10A,0.0
categorical__r_case_number_13039168TC30A,0.0
categorical__r_case_number_13039276TC10A,0.0
categorical__r_case_number_13039311TC10A,0.0
categorical__r_case_number_13039594TC20A,0.0
categorical__r_case_number_13040414TC10A,0.0
categorical__r_case_number_13040906TC10A,0.0
categorical__r_case_number_13037318TC10A,0.0
categorical__r_case_number_13023538MM10A,0.0
categorical__r_case_number_13023543MM10A,0.0
categorical__r_case_number_13023854MM10A,0.0
categorical__r_case_number_13023858MM10A,0.0
categorical__r_case_number_13023911MM10A,0.0
categorical__r_case_number_13025122TC10A,0.0
categorical__r_case_number_13025171TC10A,0.0
categorical__r_case_number_13025307TC10A,0.0
categorical__r_case_number_13026359TC10A,0.0
categorical__r_case_number_13026777TC10A,0.0
categorical__r_case_number_13034281TC20A,0.0
categorical__r_case_number_13028305TC10A,0.0
categorical__r_case_number_13028844TC10A,0.0
categorical__r_case_number_13029176TC10A,0.0
categorical__r_case_number_13030224TC10A,0.0
categorical__r_case_number_13030232TC10A,0.0
categorical__r_case_number_13031049TC10A,0.0
categorical__r_case_number_13031238TC10A,0.0
categorical__r_case_number_13031280TC40A,0.0
categorical__r_case_number_13031378TC10A,0.0
categorical__r_case_number_13031382TC10A,0.0
categorical__r_case_number_13027767TC10A,0.0
categorical__r_case_number_13062851TC20A,0.0
categorical__r_case_number_13063596TC40A,0.0
categorical__r_case_number_13067394TC20A,0.0
categorical__r_case_number_13069404TC40A,0.0
categorical__r_case_number_13069699TC20A,0.0
categorical__r_case_number_13069708TC20A,0.0
categorical__r_case_number_13072488TC40A,0.0
categorical__r_case_number_13073100TC30A,0.0
categorical__r_case_number_13074450TC40A,0.0
categorical__r_case_number_13075116TC20A,0.0
categorical__r_case_number_13041630TC10A,0.0
categorical__r_case_number_13076094TC40A,0.0
categorical__r_case_number_13077607TC30A,0.0
categorical__r_case_number_13079490TC20A,0.0
categorical__r_case_number_13080042TC40A,0.0
categorical__r_case_number_13082690TC30A,0.0
categorical__r_case_number_13083639TC40A,0.0
categorical__r_case_number_13085435TC40A,0.0
categorical__r_case_number_13085565TC30A,0.0
categorical__r_case_number_13089776TC30A,0.0
categorical__r_case_number_13090520TC30A,0.0
categorical__r_case_number_13075632TC20A,0.0
categorical__r_case_number_13041937TC10A,0.0
categorical__r_case_number_13041941TC10A,0.0
categorical__r_case_number_13042641TC20A,0.0
categorical__r_case_number_13042735TC10A,0.0
categorical__r_case_number_13042848TC20A,0.0
categorical__r_case_number_13043617TC10A,0.0
categorical__r_case_number_13043836TC10A,0.0
categorical__r_case_number_13045063TC10A,0.0
categorical__r_case_number_13045217TC10A,0.0
categorical__r_case_number_13045599TC10A,0.0
categorical__r_case_number_13062200TC40A,0.0
categorical__r_case_number_13046641TC10A,0.0
categorical__r_case_number_13046663TC10A,0.0
categorical__r_case_number_13047821TC10A,0.0
categorical__r_case_number_13048021TC10A,0.0
categorical__r_case_number_13048874TC10A,0.0
categorical__r_case_number_13049486TC10A,0.0
categorical__r_case_number_13052541TC20A,0.0
categorical__r_case_number_13057325TC30A,0.0
categorical__r_case_number_13060867TC40A,0.0
categorical__r_case_number_13061255TC20A,0.0
categorical__r_case_number_13045764TC10A,0.0
categorical__r_case_number_14002765CF10A,0.0
categorical__r_case_number_14002766CF10A,0.0
categorical__r_case_number_14002767CF10A,0.0
categorical__r_case_number_14002778MM20A,0.0
categorical__r_case_number_14002785MM20A,0.0
categorical__r_case_number_14002838MM40A,0.0
categorical__r_case_number_14002851MM10A,0.0
categorical__r_case_number_14002851MM40A,0.0
categorical__r_case_number_14002854MM10A,0.0
categorical__r_case_number_14002861MM40A,0.0
categorical__r_case_number_14001049CF10A,0.0
categorical__r_case_number_14002878CF10A,0.0
categorical__r_case_number_14002890MM20A,0.0
categorical__r_case_number_14002904MM20A,0.0
categorical__r_case_number_14002931CF10A,0.0
categorical__r_case_number_14002995MM40A,0.0
categorical__r_case_number_14003013CF10A,0.0
categorical__r_case_number_14003046TC10A,0.0
categorical__r_case_number_14003049CF10A,0.0
categorical__r_case_number_14003050MM10A,0.0
categorical__r_case_number_14003073MM20A,0.0
categorical__r_case_number_14002871MM20A,0.0
categorical__r_case_number_14002476MM20A,0.0
categorical__r_case_number_14002480MM10A,0.0
categorical__r_case_number_14002484CF10A,0.0
categorical__r_case_number_14002488MM10A,0.0
categorical__r_case_number_14002514TC10A,0.0
categorical__r_case_number_14002519CF10A,0.0
categorical__r_case_number_14002548MM10A,0.0
categorical__r_case_number_14002563MM20A,0.0
categorical__r_case_number_14002589MM10A,0.0
categorical__r_case_number_14002596MM20A,0.0
categorical__r_case_number_14002750MM10A,0.0
categorical__r_case_number_14002631CF10A,0.0
categorical__r_case_number_14002633CF10A,0.0
categorical__r_case_number_14002640TC40A,0.0
categorical__r_case_number_14002668MM40A,0.0
categorical__r_case_number_14002675CF10A,0.0
categorical__r_case_number_14002701CF10A,0.0
categorical__r_case_number_14002721MM20A,0.0
categorical__r_case_number_14002722MM10A,0.0
categorical__r_case_number_14002736MM20A,0.0
categorical__r_case_number_14002743MM10A,0.0
categorical__r_case_number_14002599MM40A,0.0
categorical__r_case_number_14003336MM20A,0.0
categorical__r_case_number_14003431TC20A,0.0
categorical__r_case_number_14003449CF10A,0.0
categorical__r_case_number_14003456MM20A,0.0
categorical__r_case_number_14003479MM10A,0.0
categorical__r_case_number_14003492CF10A,0.0
categorical__r_case_number_14003524CF10A,0.0
categorical__r_case_number_14003589MM40A,0.0
categorical__r_case_number_14003593CF10A,0.0
categorical__r_case_number_14003599CF10A,0.0
categorical__r_case_number_14003076MM10A,0.0
categorical__r_case_number_14003643MM40A,0.0
categorical__r_case_number_14003658MM10A,0.0
categorical__r_case_number_14003688CF10A,0.0
categorical__r_case_number_14003734CF10A,0.0
categorical__r_case_number_14003780MM40A,0.0
categorical__r_case_number_14003801MM10A,0.0
categorical__r_case_number_14003828MM10A,0.0
categorical__r_case_number_14003842CF10A,0.0
categorical__r_case_number_14003851MM10A,0.0
categorical__r_case_number_14003870MM10A,0.0
categorical__r_case_number_14003601MM40A,0.0
categorical__r_case_number_14003088MM40A,0.0
categorical__r_case_number_14003094CF10A,0.0
categorical__r_case_number_14003098MM40A,0.0
categorical__r_case_number_14003102CF10A,0.0
categorical__r_case_number_14003153CF10A,0.0
categorical__r_case_number_14003153MM10A,0.0
categorical__r_case_number_14003185MM10A,0.0
categorical__r_case_number_14003185MM40A,0.0
categorical__r_case_number_14003219MM20A,0.0
categorical__r_case_number_14003224CF10A,0.0
categorical__r_case_number_15007257CF10A,0.0
categorical__r_case_number_14003266MO10A,0.0
categorical__r_case_number_14003268MM20A,0.0
categorical__r_case_number_14003275MM10A,0.0
categorical__r_case_number_14003277MM40A,0.0
categorical__r_case_number_14003290MM20A,0.0
categorical__r_case_number_14003292MM20A,0.0
categorical__r_case_number_14003293CF10A,0.0
categorical__r_case_number_14003295CF10A,0.0
categorical__r_case_number_14003320CF10A,0.0
categorical__r_case_number_14003326MM40A,0.0
categorical__r_case_number_14003232MM40A,0.0
categorical__r_case_number_14001348CF10A,0.0
categorical__r_case_number_14001353MM30A,0.0
categorical__r_case_number_14001373MM20A,0.0
categorical__r_case_number_14001373MM40A,0.0
categorical__r_case_number_14001386CF10A,0.0
categorical__r_case_number_14001392MM40A,0.0
categorical__r_case_number_14001399MM40A,0.0
categorical__r_case_number_14001406MM10A,0.0
categorical__r_case_number_14001490CF10A,0.0
categorical__r_case_number_14001493MM10A,0.0
categorical__r_case_number_14002441MM20A,0.0
categorical__r_case_number_14001503MM30A,0.0
categorical__r_case_number_14001538MM30A,0.0
categorical__r_case_number_14001553MM30A,0.0
categorical__r_case_number_14001576MM20A,0.0
categorical__r_case_number_14001577MM30A,0.0
categorical__r_case_number_14001625CF10A,0.0
categorical__r_case_number_14001650MM40A,0.0
categorical__r_case_number_14001662MM10A,0.0
categorical__r_case_number_14001664MM40A,0.0
categorical__r_case_number_14001678MM40A,0.0
categorical__r_case_number_14001495MM30A,0.0
categorical__r_case_number_14001057CF10A,0.0
categorical__r_case_number_14001105MM30A,0.0
categorical__r_case_number_14001123MM10A,0.0
categorical__r_case_number_14001135CF10A,0.0
categorical__r_case_number_14001166MM30A,0.0
categorical__r_case_number_14001168MM20A,0.0
categorical__r_case_number_14001175MM20A,0.0
categorical__r_case_number_14001206MM40A,0.0
categorical__r_case_number_14001215CF10A,0.0
categorical__r_case_number_14001219MM30A,0.0
categorical__r_case_number_14001346MM30A,0.0
categorical__r_case_number_14001258MM10A,0.0
categorical__r_case_number_14001268MM10A,0.0
categorical__r_case_number_14001282CF10A,0.0
categorical__r_case_number_14001286CF10A,0.0
categorical__r_case_number_14001290MM30A,0.0
categorical__r_case_number_14001308MM10A,0.0
categorical__r_case_number_14001309MM30A,0.0
categorical__r_case_number_14001309TC10A,0.0
categorical__r_case_number_14001331MM40A,0.0
categorical__r_case_number_14001333CF10A,0.0
categorical__r_case_number_14001250MM20A,0.0
categorical__r_case_number_14002105MM20A,0.0
categorical__r_case_number_14002113MM10A,0.0
categorical__r_case_number_14002114MM10A,0.0
categorical__r_case_number_14002119CF10A,0.0
categorical__r_case_number_14002156CF10A,0.0
categorical__r_case_number_14002161CF10A,0.0
categorical__r_case_number_14002162MM10A,0.0
categorical__r_case_number_14002167MM40A,0.0
categorical__r_case_number_14002197CF10A,0.0
categorical__r_case_number_14002224CF10A,0.0
categorical__r_case_number_14001687CF10A,0.0
categorical__r_case_number_14002243MM40A,0.0
categorical__r_case_number_14002248MM20A,0.0
categorical__r_case_number_14002273CF10A,0.0
categorical__r_case_number_14002275CF10A,0.0
categorical__r_case_number_14002283CF10A,0.0
categorical__r_case_number_14002300CF10A,0.0
categorical__r_case_number_14002332CF10A,0.0
categorical__r_case_number_14002354MM40A,0.0
categorical__r_case_number_14002358TC30A,0.0
categorical__r_case_number_14002434MM20A,0.0
categorical__r_case_number_14002227CF10A,0.0
categorical__r_case_number_14001698MM30A,0.0
categorical__r_case_number_14001702MM20A,0.0
categorical__r_case_number_14001723MM10A,0.0
categorical__r_case_number_14001734MM40A,0.0
categorical__r_case_number_14001763MM10A,0.0
categorical__r_case_number_14001771CF10A,0.0
categorical__r_case_number_14001804MM20A,0.0
categorical__r_case_number_14001842CF10A,0.0
categorical__r_case_number_14001857TC20A,0.0
categorical__r_case_number_14001864CF10A,0.0
categorical__r_case_number_14002098MM40A,0.0
categorical__r_case_number_14001885MM30A,0.0
categorical__r_case_number_14001909CF10A,0.0
categorical__r_case_number_14001920MM20A,0.0
categorical__r_case_number_14001929MM30A,0.0
categorical__r_case_number_14001987CF10A,0.0
categorical__r_case_number_14002012CF10A,0.0
categorical__r_case_number_14002044MM20A,0.0
categorical__r_case_number_14002053CF10A,0.0
categorical__r_case_number_14002064MM10A,0.0
categorical__r_case_number_14002064MM40A,0.0
categorical__r_case_number_14001868TC20A,0.0
categorical__r_case_number_13012542MM10A,0.0
categorical__r_case_number_13012665TC10A,0.0
categorical__r_case_number_13012694CF10A,0.0
categorical__r_case_number_13012698MM10A,0.0
categorical__r_case_number_13012727CF10A,0.0
categorical__r_case_number_13012756MO10A,0.0
categorical__r_case_number_13012803MM10A,0.0
categorical__r_case_number_13012805MO10A,0.0
categorical__r_case_number_13012812MO10A,0.0
categorical__r_case_number_13012841MM10A,0.0
categorical__r_case_number_13023474MM10A,0.0
categorical__r_case_number_13012901CF10A,0.0
categorical__r_case_number_13012908CF10A,0.0
categorical__r_case_number_13012935CF10A,0.0
categorical__r_case_number_13012997CF10A,0.0
categorical__r_case_number_13013025MM10A,0.0
categorical__r_case_number_13013026MM10A,0.0
categorical__r_case_number_13013032CF10A,0.0
categorical__r_case_number_13013113CF10A,0.0
categorical__r_case_number_13013120CF10A,0.0
categorical__r_case_number_13013151CF10A,0.0
categorical__r_case_number_13012890MM10A,0.0
categorical__r_case_number_13011616TC10A,0.0
categorical__r_case_number_13011732CF10A,0.0
categorical__r_case_number_13011810CF10A,0.0
categorical__r_case_number_13011822CF10A,0.0
categorical__r_case_number_13011913CF10A,0.0
categorical__r_case_number_13011940CF10A,0.0
categorical__r_case_number_13011976CF10A,0.0
categorical__r_case_number_13012000CF10A,0.0
categorical__r_case_number_13012009CF10A,0.0
categorical__r_case_number_13012011CF10A,0.0
categorical__r_case_number_13012533CF10A,0.0
categorical__r_case_number_13012068MM10A,0.0
categorical__r_case_number_13012135CF10A,0.0
categorical__r_case_number_13012193CF10A,0.0
categorical__r_case_number_13012228CF10A,0.0
categorical__r_case_number_13012246CF10A,0.0
categorical__r_case_number_13012248CF10A,0.0
categorical__r_case_number_13012253CF10A,0.0
categorical__r_case_number_13012338CF10A,0.0
categorical__r_case_number_13012437MM10A,0.0
categorical__r_case_number_13012477CF10A,0.0
categorical__r_case_number_13012015CF10A,0.0
categorical__r_case_number_13014099CF10A,0.0
categorical__r_case_number_13014105CF10A,0.0
categorical__r_case_number_13014105MM10A,0.0
categorical__r_case_number_13014135CF10A,0.0
categorical__r_case_number_13014172CF10A,0.0
categorical__r_case_number_13014216CF10A,0.0
categorical__r_case_number_13014221CF10A,0.0
categorical__r_case_number_13014230MM10A,0.0
categorical__r_case_number_13014252CF10A,0.0
categorical__r_case_number_13014268CF10A,0.0
categorical__r_case_number_13013202CF10A,0.0
categorical__r_case_number_13014298CF10A,0.0
categorical__r_case_number_13014303CF10A,0.0
categorical__r_case_number_13014307MM10A,0.0
categorical__r_case_number_13014308CF10A,0.0
categorical__r_case_number_13014322CF10A,0.0
categorical__r_case_number_13014332CF10A,0.0
categorical__r_case_number_13014334CF10A,0.0
categorical__r_case_number_13014389CF10A,0.0
categorical__r_case_number_13014396CF10A,0.0
categorical__r_case_number_13014398CF10A,0.0
categorical__r_case_number_13014286CF10A,0.0
categorical__r_case_number_13013250MM10A,0.0
categorical__r_case_number_13013253CF10A,0.0
categorical__r_case_number_13013376CF10A,0.0
categorical__r_case_number_13013440CF10A,0.0
categorical__r_case_number_13013510TC10A,0.0
categorical__r_case_number_13013513MM10A,0.0
categorical__r_case_number_13013644MM10A,0.0
categorical__r_case_number_13013645CF10A,0.0
categorical__r_case_number_13013646MM10A,0.0
categorical__r_case_number_13013687TC20A,0.0
categorical__r_case_number_13014083CF10A,0.0
categorical__r_case_number_13013833MM10A,0.0
categorical__r_case_number_13013838MM10A,0.0
categorical__r_case_number_13013848CF10A,0.0
categorical__r_case_number_13013876CF10A,0.0
categorical__r_case_number_13013877CF10A,0.0
categorical__r_case_number_13013969MM10A,0.0
categorical__r_case_number_13014026CF10A,0.0
categorical__r_case_number_13014027CF10A,0.0
categorical__r_case_number_13014056CF10A,0.0
categorical__r_case_number_13014078CF10A,0.0
categorical__r_case_number_13013709TC10A,0.0
categorical__r_case_number_13009339MM10A,0.0
categorical__r_case_number_13009341MM10A,0.0
categorical__r_case_number_13009368CF10A,0.0
categorical__r_case_number_13009482MM10A,0.0
categorical__r_case_number_13009492CF10A,0.0
categorical__r_case_number_13009545CF10A,0.0
categorical__r_case_number_13009563MM10A,0.0
categorical__r_case_number_13009581MM10A,0.0
categorical__r_case_number_13009594CF10A,0.0
categorical__r_case_number_13009605CF10A,0.0
categorical__r_case_number_13011613CF10A,0.0
categorical__r_case_number_13009759MM10A,0.0
categorical__r_case_number_13009779CF10A,0.0
categorical__r_case_number_13009787MM10A,0.0
categorical__r_case_number_13009789MM10A,0.0
categorical__r_case_number_13009850CF10A,0.0
categorical__r_case_number_13009890CF10A,0.0
categorical__r_case_number_13009901MM10A,0.0
categorical__r_case_number_13010050CF10A,0.0
categorical__r_case_number_13010127MM10A,0.0
categorical__r_case_number_13010198CF10A,0.0
categorical__r_case_number_13009632MM10A,0.0
categorical__r_case_number_13008244CF10A,0.0
categorical__r_case_number_13008467CF10A,0.0
categorical__r_case_number_13008470CF10A,0.0
categorical__r_case_number_13008504CF10A,0.0
categorical__r_case_number_13008554CF10A,0.0
categorical__r_case_number_13008617CF10A,0.0
categorical__r_case_number_13008621CF10A,0.0
categorical__r_case_number_13008638MM10A,0.0
categorical__r_case_number_13008651CF10A,0.0
categorical__r_case_number_13008652MM10A,0.0
categorical__r_case_number_13009338TC40A,0.0
categorical__r_case_number_13008901MO10A,0.0
categorical__r_case_number_13008995MM10A,0.0
categorical__r_case_number_13009010CF10A,0.0
categorical__r_case_number_13009112CF10A,0.0
categorical__r_case_number_13009113CF10A,0.0
categorical__r_case_number_13009162CF10A,0.0
categorical__r_case_number_13009191CF10A,0.0
categorical__r_case_number_13009232CF10A,0.0
categorical__r_case_number_13009318MM10A,0.0
categorical__r_case_number_13009322MM10A,0.0
categorical__r_case_number_13008664CF10A,0.0
categorical__r_case_number_13010963CF10A,0.0
categorical__r_case_number_13010984CF10A,0.0
categorical__r_case_number_13011020CF10A,0.0
categorical__r_case_number_13011045MM10A,0.0
categorical__r_case_number_13011095MM10A,0.0
categorical__r_case_number_13011104CF10A,0.0
categorical__r_case_number_13011110CF10A,0.0
categorical__r_case_number_13011122MM10A,0.0
categorical__r_case_number_13011138MM10A,0.0
categorical__r_case_number_13011151CF10A,0.0
categorical__r_case_number_13010232MM10A,0.0
categorical__r_case_number_13011245CF10A,0.0
categorical__r_case_number_13011287CF10A,0.0
categorical__r_case_number_13011307CF10A,0.0
categorical__r_case_number_13011380CF10A,0.0
categorical__r_case_number_13011384CF10A,0.0
categorical__r_case_number_13011456MM10A,0.0
categorical__r_case_number_13011471CF10A,0.0
categorical__r_case_number_13011484MM10A,0.0
categorical__r_case_number_13011511MM10A,0.0
categorical__r_case_number_13011601CF10A,0.0
categorical__r_case_number_13011202MM10A,0.0
categorical__r_case_number_13010245MM10A,0.0
categorical__r_case_number_13010275CF10A,0.0
categorical__r_case_number_13010344CF10A,0.0
categorical__r_case_number_13010418CF10A,0.0
categorical__r_case_number_13010459CF10A,0.0
categorical__r_case_number_13010472CF10A,0.0
categorical__r_case_number_13010481CF10A,0.0
categorical__r_case_number_13010500MM10A,0.0
categorical__r_case_number_13010536CF10A,0.0
categorical__r_case_number_13010623CF10A,0.0
categorical__r_case_number_13010955MM10A,0.0
categorical__r_case_number_13010684CF10A,0.0
categorical__r_case_number_13010688CF10A,0.0
categorical__r_case_number_13010702MM10A,0.0
categorical__r_case_number_13010742CF10A,0.0
categorical__r_case_number_13010754MM10A,0.0
categorical__r_case_number_13010840CF10A,0.0
categorical__r_case_number_13010855CF10A,0.0
categorical__r_case_number_13010868CF10A,0.0
categorical__r_case_number_13010880MM10A,0.0
categorical__r_case_number_13010894MM10A,0.0
categorical__r_case_number_13010646CF10A,0.0
categorical__r_case_number_13018947MM10A,0.0
categorical__r_case_number_13019033MM10A,0.0
categorical__r_case_number_13019047TC10A,0.0
categorical__r_case_number_13019079MM10A,0.0
categorical__r_case_number_13019185MM10A,0.0
categorical__r_case_number_13019400MM10A,0.0
categorical__r_case_number_13019525MM10A,0.0
categorical__r_case_number_13019691MM10A,0.0
categorical__r_case_number_13019738MM10A,0.0
categorical__r_case_number_13019750TC10A,0.0
categorical__r_case_number_13014466CF10A,0.0
categorical__r_case_number_13019782MM10A,0.0
categorical__r_case_number_13019785MM10A,0.0
categorical__r_case_number_13019794MM10A,0.0
categorical__r_case_number_13019816MM10A,0.0
categorical__r_case_number_13020003MM10A,0.0
categorical__r_case_number_13020013MM10A,0.0
categorical__r_case_number_13020074MM10A,0.0
categorical__r_case_number_13020336MM10A,0.0
categorical__r_case_number_13020368MM10A,0.0
categorical__r_case_number_13020435MM10A,0.0
categorical__r_case_number_13019770MM10A,0.0
categorical__r_case_number_13017503CF10A,0.0
categorical__r_case_number_13017564CF10A,0.0
categorical__r_case_number_13017581CF10A,0.0
categorical__r_case_number_13017586CF10A,0.0
categorical__r_case_number_13017594CF10A,0.0
categorical__r_case_number_13017649CF10A,0.0
categorical__r_case_number_13017730CF10A,0.0
categorical__r_case_number_13017786MM10A,0.0
categorical__r_case_number_13017910MM10A,0.0
categorical__r_case_number_13017920CF10A,0.0
categorical__r_case_number_13018826MM10A,0.0
categorical__r_case_number_13017941CF10A,0.0
categorical__r_case_number_13017967MM10A,0.0
categorical__r_case_number_13018035MM10A,0.0
categorical__r_case_number_13018109MM10A,0.0
categorical__r_case_number_13018329MM10A,0.0
categorical__r_case_number_13018368MM10A,0.0
categorical__r_case_number_13018606MM10A,0.0
categorical__r_case_number_13018624TC10A,0.0
categorical__r_case_number_13018704MM10A,0.0
categorical__r_case_number_13018756MM10A,0.0
categorical__r_case_number_13017924CF10A,0.0
categorical__r_case_number_13022001MM10A,0.0
categorical__r_case_number_13022157MO10A,0.0
categorical__r_case_number_13022368MM10A,0.0
categorical__r_case_number_13022403MM10A,0.0
categorical__r_case_number_13022475MM10A,0.0
categorical__r_case_number_13022505MM10A,0.0
categorical__r_case_number_13022550TC10A,0.0
categorical__r_case_number_13022555MM10A,0.0
categorical__r_case_number_13022684MM10A,0.0
categorical__r_case_number_13022709TC20A,0.0
categorical__r_case_number_13020501MM10A,0.0
categorical__r_case_number_13022834MM10A,0.0
categorical__r_case_number_13022876MM10A,0.0
categorical__r_case_number_13022984MM10A,0.0
categorical__r_case_number_13023004MM10A,0.0
categorical__r_case_number_13023008MM10A,0.0
categorical__r_case_number_13023113MM10A,0.0
categorical__r_case_number_13023229MM10A,0.0
categorical__r_case_number_13023261MM10A,0.0
categorical__r_case_number_13023400MM10A,0.0
categorical__r_case_number_13023460TC30A,0.0
categorical__r_case_number_13022826MM10A,0.0
categorical__r_case_number_13020505MM10A,0.0
categorical__r_case_number_13020626MO10A,0.0
categorical__r_case_number_13020685MM10A,0.0
categorical__r_case_number_13020739MM10A,0.0
categorical__r_case_number_13020817MM10A,0.0
categorical__r_case_number_13020940TC10A,0.0
categorical__r_case_number_13020997MM10A,0.0
categorical__r_case_number_13021018MM10A,0.0
categorical__r_case_number_13021032MM10A,0.0
categorical__r_case_number_13021107MM10A,0.0
categorical__r_case_number_13021943MM10A,0.0
categorical__r_case_number_13021228MM10A,0.0
categorical__r_case_number_13021292MM10A,0.0
categorical__r_case_number_13021296MM10A,0.0
categorical__r_case_number_13021347MM10A,0.0
categorical__r_case_number_13021361MM10A,0.0
categorical__r_case_number_13021408TC10A,0.0
categorical__r_case_number_13021595MM10A,0.0
categorical__r_case_number_13021752MM10A,0.0
categorical__r_case_number_13021861MM10A,0.0
categorical__r_case_number_13021881MM10A,0.0
categorical__r_case_number_13021172MM10A,0.0
categorical__r_case_number_13015213CF10A,0.0
categorical__r_case_number_13015295CF10A,0.0
categorical__r_case_number_13015297MM10A,0.0
categorical__r_case_number_13015302CF10A,0.0
categorical__r_case_number_13015368CF10A,0.0
categorical__r_case_number_13015405CF10A,0.0
categorical__r_case_number_13015424CF10A,0.0
categorical__r_case_number_13015491CF10A,0.0
categorical__r_case_number_13015513MM10A,0.0
categorical__r_case_number_13015631MM10A,0.0
categorical__r_case_number_13017495MM10A,0.0
categorical__r_case_number_13015667CF10A,0.0
categorical__r_case_number_13015726MM10A,0.0
categorical__r_case_number_13015727MM10A,0.0
categorical__r_case_number_13015751CF10A,0.0
categorical__r_case_number_13015755TC40A,0.0
categorical__r_case_number_13015756CF10A,0.0
categorical__r_case_number_13015785TC10A,0.0
categorical__r_case_number_13015788CF10A,0.0
categorical__r_case_number_13015805MM10A,0.0
categorical__r_case_number_13015839CF10A,0.0
categorical__r_case_number_13015640CF10A,0.0
categorical__r_case_number_13014469CF10A,0.0
categorical__r_case_number_13014528CF10A,0.0
categorical__r_case_number_13014540CF10A,0.0
categorical__r_case_number_13014563CF10A,0.0
categorical__r_case_number_13014589MM10A,0.0
categorical__r_case_number_13014626CF10A,0.0
categorical__r_case_number_13014699CF10A,0.0
categorical__r_case_number_13014700MO10A,0.0
categorical__r_case_number_13014727TC20A,0.0
categorical__r_case_number_13014757MM10A,0.0
categorical__r_case_number_13015212CF10A,0.0
categorical__r_case_number_13014886MM10A,0.0
categorical__r_case_number_13014892CF10A,0.0
categorical__r_case_number_13014916MM10A,0.0
categorical__r_case_number_13014918CF10A,0.0
categorical__r_case_number_13014961CF10A,0.0
categorical__r_case_number_13014974CF10A,0.0
categorical__r_case_number_13015001MM10A,0.0
categorical__r_case_number_13015029CF10A,0.0
categorical__r_case_number_13015080CF10A,0.0
categorical__r_case_number_13015139MM10A,0.0
categorical__r_case_number_13014874CF10A,0.0
categorical__r_case_number_13016687CF10A,0.0
categorical__r_case_number_13016711CF10A,0.0
categorical__r_case_number_13016715CF10A,0.0
categorical__r_case_number_13016717CF10A,0.0
categorical__r_case_number_13016723MM10A,0.0
categorical__r_case_number_13016772TC10A,0.0
categorical__r_case_number_13016783MM10A,0.0
categorical__r_case_number_13016793TC10A,0.0
categorical__r_case_number_13016843MM10A,0.0
categorical__r_case_number_13016858MM10A,0.0
categorical__r_case_number_13015856MM10A,0.0
categorical__r_case_number_13017065CF10A,0.0
categorical__r_case_number_13017067CF10A,0.0
categorical__r_case_number_13017181CF10A,0.0
categorical__r_case_number_13017235CF10A,0.0
categorical__r_case_number_13017258CF10A,0.0
categorical__r_case_number_13017303MM10A,0.0
categorical__r_case_number_13017330MM10A,0.0
categorical__r_case_number_13017367CF10A,0.0
categorical__r_case_number_13017368CF10A,0.0
categorical__r_case_number_13017430CF10A,0.0
categorical__r_case_number_13017008CF10A,0.0
categorical__r_case_number_13015907CF10A,0.0
categorical__r_case_number_13015952CF10A,0.0
categorical__r_case_number_13015973CF10A,0.0
categorical__r_case_number_13016040CF10A,0.0
categorical__r_case_number_13016053CF10A,0.0
categorical__r_case_number_13016062MM10A,0.0
categorical__r_case_number_13016098CF10A,0.0
categorical__r_case_number_13016228CF10A,0.0
categorical__r_case_number_13016230CF10A,0.0
categorical__r_case_number_13016276CF10A,0.0
categorical__r_case_number_13016642CF10A,0.0
categorical__r_case_number_13016425CF10A,0.0
categorical__r_case_number_13016434CF10A,0.0
categorical__r_case_number_13016450MM10A,0.0
categorical__r_case_number_13016459CF10A,0.0
categorical__r_case_number_13016466MM10A,0.0
categorical__r_case_number_13016502MM10A,0.0
categorical__r_case_number_13016503CF10A,0.0
categorical__r_case_number_13016560CF10A,0.0
categorical__r_case_number_13016582CF10A,0.0
categorical__r_case_number_13016634MM10A,0.0
categorical__r_case_number_13016373CF10A,0.0
categorical__out_custody_2013-06-05,0.0
categorical__out_custody_2013-06-07,0.0
categorical__out_custody_2013-06-08,0.0
categorical__out_custody_2013-06-09,0.0
categorical__out_custody_2013-06-10,0.0
categorical__out_custody_2013-06-11,0.0
categorical__out_custody_2013-06-12,0.0
categorical__out_custody_2013-06-13,0.0
categorical__out_custody_2013-06-14,0.0
categorical__r_case_number_15008489TC20A,0.0
categorical__out_custody_2013-06-16,0.0
categorical__out_custody_2013-06-17,0.0
categorical__out_custody_2013-06-18,0.0
categorical__out_custody_2013-06-19,0.0
categorical__out_custody_2013-06-20,0.0
categorical__out_custody_2013-06-21,0.0
categorical__out_custody_2013-06-22,0.0
categorical__out_custody_2013-06-24,0.0
categorical__out_custody_2013-06-25,0.0
categorical__out_custody_2013-06-26,0.0
categorical__out_custody_2013-06-15,0.0
categorical__out_custody_2013-05-14,0.0
categorical__out_custody_2013-05-15,0.0
categorical__out_custody_2013-05-16,0.0
categorical__out_custody_2013-05-17,0.0
categorical__out_custody_2013-05-18,0.0
categorical__out_custody_2013-05-19,0.0
categorical__out_custody_2013-05-20,0.0
categorical__out_custody_2013-05-21,0.0
categorical__out_custody_2013-05-22,0.0
categorical__out_custody_2013-05-23,0.0
categorical__out_custody_2013-06-04,0.0
categorical__out_custody_2013-05-25,0.0
categorical__out_custody_2013-05-26,0.0
categorical__out_custody_2013-05-27,0.0
categorical__out_custody_2013-05-28,0.0
categorical__out_custody_2013-05-29,0.0
categorical__out_custody_2013-05-30,0.0
categorical__out_custody_2013-05-31,0.0
categorical__out_custody_2013-06-01,0.0
categorical__out_custody_2013-06-02,0.0
categorical__out_custody_2013-06-03,0.0
categorical__out_custody_2013-05-24,0.0
categorical__out_custody_2013-07-21,0.0
categorical__out_custody_2013-07-22,0.0
categorical__out_custody_2013-07-23,0.0
categorical__out_custody_2013-07-24,0.0
categorical__out_custody_2013-07-25,0.0
categorical__out_custody_2013-07-26,0.0
categorical__out_custody_2013-07-27,0.0
categorical__out_custody_2013-07-28,0.0
categorical__out_custody_2013-07-29,0.0
categorical__out_custody_2013-06-27,0.0
categorical__out_custody_2013-07-31,0.0
categorical__out_custody_2013-08-01,0.0
categorical__out_custody_2013-08-02,0.0
categorical__out_custody_2013-08-03,0.0
categorical__out_custody_2013-08-04,0.0
categorical__out_custody_2013-08-06,0.0
categorical__out_custody_2013-08-07,0.0
categorical__out_custody_2013-08-08,0.0
categorical__out_custody_2013-08-09,0.0
categorical__out_custody_2013-08-10,0.0
categorical__out_custody_2013-07-30,0.0
categorical__out_custody_2013-06-28,0.0
categorical__out_custody_2013-06-29,0.0
categorical__out_custody_2013-06-30,0.0
categorical__out_custody_2013-07-01,0.0
categorical__out_custody_2013-07-02,0.0
categorical__out_custody_2013-07-03,0.0
categorical__out_custody_2013-07-04,0.0
categorical__out_custody_2013-07-05,0.0
categorical__out_custody_2013-07-06,0.0
categorical__out_custody_2013-07-07,0.0
categorical__out_custody_2013-07-20,0.0
categorical__out_custody_2013-07-09,0.0
categorical__out_custody_2013-07-10,0.0
categorical__out_custody_2013-07-11,0.0
categorical__out_custody_2013-07-12,0.0
categorical__out_custody_2013-07-13,0.0
categorical__out_custody_2013-07-14,0.0
categorical__out_custody_2013-07-15,0.0
categorical__out_custody_2013-07-16,0.0
categorical__out_custody_2013-07-18,0.0
categorical__out_custody_2013-07-19,0.0
categorical__out_custody_2013-07-08,0.0
categorical__out_custody_2013-03-11,0.0
categorical__out_custody_2013-03-12,0.0
categorical__out_custody_2013-03-13,0.0
categorical__out_custody_2013-03-14,0.0
categorical__out_custody_2013-03-15,0.0
categorical__out_custody_2013-03-16,0.0
categorical__out_custody_2013-03-17,0.0
categorical__out_custody_2013-03-18,0.0
categorical__out_custody_2013-03-19,0.0
categorical__out_custody_2013-05-13,0.0
categorical__out_custody_2013-03-21,0.0
categorical__out_custody_2013-03-22,0.0
categorical__out_custody_2013-03-23,0.0
categorical__out_custody_2013-03-24,0.0
categorical__out_custody_2013-03-25,0.0
categorical__out_custody_2013-03-26,0.0
categorical__out_custody_2013-03-27,0.0
categorical__out_custody_2013-03-28,0.0
categorical__out_custody_2013-03-29,0.0
categorical__out_custody_2013-03-30,0.0
categorical__out_custody_2013-03-20,0.0
categorical__out_custody_2013-02-17,0.0
categorical__out_custody_2013-02-18,0.0
categorical__out_custody_2013-02-19,0.0
categorical__out_custody_2013-02-20,0.0
categorical__out_custody_2013-02-21,0.0
categorical__out_custody_2013-02-22,0.0
categorical__out_custody_2013-02-23,0.0
categorical__out_custody_2013-02-24,0.0
categorical__out_custody_2013-02-25,0.0
categorical__out_custody_2013-02-26,0.0
categorical__out_custody_2013-03-10,0.0
categorical__out_custody_2013-02-28,0.0
categorical__out_custody_2013-03-01,0.0
categorical__out_custody_2013-03-02,0.0
categorical__out_custody_2013-03-03,0.0
categorical__out_custody_2013-03-04,0.0
categorical__out_custody_2013-03-05,0.0
categorical__out_custody_2013-03-06,0.0
categorical__out_custody_2013-03-07,0.0
categorical__out_custody_2013-03-08,0.0
categorical__out_custody_2013-03-09,0.0
categorical__out_custody_2013-02-27,0.0
categorical__out_custody_2013-04-23,0.0
categorical__out_custody_2013-04-24,0.0
categorical__out_custody_2013-04-25,0.0
categorical__out_custody_2013-04-26,0.0
categorical__out_custody_2013-04-27,0.0
categorical__out_custody_2013-04-28,0.0
categorical__out_custody_2013-04-29,0.0
categorical__out_custody_2013-04-30,0.0
categorical__out_custody_2013-05-01,0.0
categorical__out_custody_2013-03-31,0.0
categorical__out_custody_2013-05-03,0.0
categorical__out_custody_2013-05-04,0.0
categorical__out_custody_2013-05-05,0.0
categorical__out_custody_2013-05-06,0.0
categorical__out_custody_2013-05-07,0.0
categorical__out_custody_2013-05-08,0.0
categorical__out_custody_2013-05-09,0.0
categorical__out_custody_2013-05-10,0.0
categorical__out_custody_2013-05-11,0.0
categorical__out_custody_2013-05-12,0.0
categorical__out_custody_2013-05-02,0.0
categorical__out_custody_2013-04-01,0.0
categorical__out_custody_2013-04-02,0.0
categorical__out_custody_2013-04-03,0.0
categorical__out_custody_2013-04-04,0.0
categorical__out_custody_2013-04-05,0.0
categorical__out_custody_2013-04-06,0.0
categorical__out_custody_2013-04-07,0.0
categorical__out_custody_2013-04-08,0.0
categorical__out_custody_2013-04-09,0.0
categorical__out_custody_2013-04-10,0.0
categorical__out_custody_2013-04-22,0.0
categorical__out_custody_2013-04-12,0.0
categorical__out_custody_2013-04-13,0.0
categorical__out_custody_2013-04-14,0.0
categorical__out_custody_2013-04-15,0.0
categorical__out_custody_2013-04-16,0.0
categorical__out_custody_2013-04-17,0.0
categorical__out_custody_2013-04-18,0.0
categorical__out_custody_2013-04-19,0.0
categorical__out_custody_2013-04-20,0.0
categorical__out_custody_2013-04-21,0.0
categorical__out_custody_2013-04-11,0.0
categorical__out_custody_2013-12-01,0.0
categorical__out_custody_2013-12-02,0.0
categorical__out_custody_2013-12-03,0.0
categorical__out_custody_2013-12-04,0.0
categorical__out_custody_2013-12-05,0.0
categorical__out_custody_2013-12-06,0.0
categorical__out_custody_2013-12-07,0.0
categorical__out_custody_2013-12-08,0.0
categorical__out_custody_2013-12-09,0.0
categorical__out_custody_2013-08-11,0.0
categorical__out_custody_2013-12-11,0.0
categorical__out_custody_2013-12-12,0.0
categorical__out_custody_2013-12-13,0.0
categorical__out_custody_2013-12-14,0.0
categorical__out_custody_2013-12-15,0.0
categorical__out_custody_2013-12-16,0.0
categorical__out_custody_2013-12-17,0.0
categorical__out_custody_2013-12-18,0.0
categorical__out_custody_2013-12-19,0.0
categorical__out_custody_2013-12-20,0.0
categorical__out_custody_2013-12-10,0.0
categorical__out_custody_2013-11-08,0.0
categorical__out_custody_2013-11-09,0.0
categorical__out_custody_2013-11-10,0.0
categorical__out_custody_2013-11-11,0.0
categorical__out_custody_2013-11-12,0.0
categorical__out_custody_2013-11-13,0.0
categorical__out_custody_2013-11-14,0.0
categorical__out_custody_2013-11-15,0.0
categorical__out_custody_2013-11-16,0.0
categorical__out_custody_2013-11-17,0.0
categorical__out_custody_2013-11-29,0.0
categorical__out_custody_2013-11-19,0.0
categorical__out_custody_2013-11-20,0.0
categorical__out_custody_2013-11-21,0.0
categorical__out_custody_2013-11-22,0.0
categorical__out_custody_2013-11-23,0.0
categorical__out_custody_2013-11-24,0.0
categorical__out_custody_2013-11-25,0.0
categorical__out_custody_2013-11-26,0.0
categorical__out_custody_2013-11-27,0.0
categorical__out_custody_2013-11-28,0.0
categorical__out_custody_2013-11-18,0.0
categorical__out_custody_2014-01-13,0.0
categorical__out_custody_2014-01-14,0.0
categorical__out_custody_2014-01-15,0.0
categorical__out_custody_2014-01-16,0.0
categorical__out_custody_2014-01-17,0.0
categorical__out_custody_2014-01-18,0.0
categorical__out_custody_2014-01-19,0.0
categorical__out_custody_2014-01-20,0.0
categorical__out_custody_2014-01-21,0.0
categorical__out_custody_2013-12-21,0.0
categorical__out_custody_2014-01-23,0.0
categorical__out_custody_2014-01-24,0.0
categorical__out_custody_2014-01-25,0.0
categorical__out_custody_2014-01-26,0.0
categorical__out_custody_2014-01-27,0.0
categorical__out_custody_2014-01-28,0.0
categorical__out_custody_2014-01-29,0.0
categorical__out_custody_2014-01-30,0.0
categorical__out_custody_2014-01-31,0.0
categorical__out_custody_2014-02-01,0.0
categorical__out_custody_2014-01-22,0.0
categorical__out_custody_2013-12-22,0.0
categorical__out_custody_2013-12-23,0.0
categorical__out_custody_2013-12-24,0.0
categorical__out_custody_2013-12-25,0.0
categorical__out_custody_2013-12-26,0.0
categorical__out_custody_2013-12-27,0.0
categorical__out_custody_2013-12-28,0.0
categorical__out_custody_2013-12-29,0.0
categorical__out_custody_2013-12-30,0.0
categorical__out_custody_2013-12-31,0.0
categorical__out_custody_2014-01-12,0.0
categorical__out_custody_2014-01-02,0.0
categorical__out_custody_2014-01-03,0.0
categorical__out_custody_2014-01-04,0.0
categorical__out_custody_2014-01-05,0.0
categorical__out_custody_2014-01-06,0.0
categorical__out_custody_2014-01-07,0.0
categorical__out_custody_2014-01-08,0.0
categorical__out_custody_2014-01-09,0.0
categorical__out_custody_2014-01-10,0.0
categorical__out_custody_2014-01-11,0.0
categorical__out_custody_2014-01-01,0.0
categorical__out_custody_2013-09-03,0.0
categorical__out_custody_2013-09-04,0.0
categorical__out_custody_2013-09-06,0.0
categorical__out_custody_2013-09-07,0.0
categorical__out_custody_2013-09-08,0.0
categorical__out_custody_2013-09-09,0.0
categorical__out_custody_2013-09-10,0.0
categorical__out_custody_2013-09-11,0.0
categorical__out_custody_2013-09-12,0.0
categorical__out_custody_2013-11-07,0.0
categorical__out_custody_2013-09-14,0.0
categorical__out_custody_2013-09-15,0.0
categorical__out_custody_2013-09-16,0.0
categorical__out_custody_2013-09-17,0.0
categorical__out_custody_2013-09-18,0.0
categorical__out_custody_2013-09-19,0.0
categorical__out_custody_2013-09-20,0.0
categorical__out_custody_2013-09-21,0.0
categorical__out_custody_2013-09-22,0.0
categorical__out_custody_2013-09-23,0.0
categorical__out_custody_2013-09-13,0.0
categorical__out_custody_2013-08-12,0.0
categorical__out_custody_2013-08-13,0.0
categorical__out_custody_2013-08-14,0.0
categorical__out_custody_2013-08-15,0.0
categorical__out_custody_2013-08-16,0.0
categorical__out_custody_2013-08-17,0.0
categorical__out_custody_2013-08-18,0.0
categorical__out_custody_2013-08-19,0.0
categorical__out_custody_2013-08-20,0.0
categorical__out_custody_2013-08-21,0.0
categorical__out_custody_2013-09-02,0.0
categorical__out_custody_2013-08-23,0.0
categorical__out_custody_2013-08-24,0.0
categorical__out_custody_2013-08-25,0.0
categorical__out_custody_2013-08-26,0.0
categorical__out_custody_2013-08-27,0.0
categorical__out_custody_2013-08-28,0.0
categorical__out_custody_2013-08-29,0.0
categorical__out_custody_2013-08-30,0.0
categorical__out_custody_2013-08-31,0.0
categorical__out_custody_2013-09-01,0.0
categorical__out_custody_2013-08-22,0.0
categorical__out_custody_2013-10-17,0.0
categorical__out_custody_2013-10-18,0.0
categorical__out_custody_2013-10-19,0.0
categorical__out_custody_2013-10-20,0.0
categorical__out_custody_2013-10-21,0.0
categorical__out_custody_2013-10-22,0.0
categorical__out_custody_2013-10-24,0.0
categorical__out_custody_2013-10-25,0.0
categorical__out_custody_2013-10-26,0.0
categorical__out_custody_2013-09-24,0.0
categorical__out_custody_2013-10-28,0.0
categorical__out_custody_2013-10-29,0.0
categorical__out_custody_2013-10-30,0.0
categorical__out_custody_2013-10-31,0.0
categorical__out_custody_2013-11-01,0.0
categorical__out_custody_2013-11-02,0.0
categorical__out_custody_2013-11-03,0.0
categorical__out_custody_2013-11-04,0.0
categorical__out_custody_2013-11-05,0.0
categorical__out_custody_2013-11-06,0.0
categorical__out_custody_2013-10-27,0.0
categorical__out_custody_2013-09-25,0.0
categorical__out_custody_2013-09-26,0.0
categorical__out_custody_2013-09-27,0.0
categorical__out_custody_2013-09-28,0.0
categorical__out_custody_2013-09-29,0.0
categorical__out_custody_2013-09-30,0.0
categorical__out_custody_2013-10-01,0.0
categorical__out_custody_2013-10-02,0.0
categorical__out_custody_2013-10-03,0.0
categorical__out_custody_2013-10-04,0.0
categorical__out_custody_2013-10-16,0.0
categorical__out_custody_2013-10-06,0.0
categorical__out_custody_2013-10-07,0.0
categorical__out_custody_2013-10-08,0.0
categorical__out_custody_2013-10-09,0.0
categorical__out_custody_2013-10-10,0.0
categorical__out_custody_2013-10-11,0.0
categorical__out_custody_2013-10-12,0.0
categorical__out_custody_2013-10-13,0.0
categorical__out_custody_2013-10-14,0.0
categorical__out_custody_2013-10-15,0.0
categorical__out_custody_2013-10-05,0.0
categorical__in_custody_2015-08-16,0.0
categorical__in_custody_2015-08-17,0.0
categorical__in_custody_2015-08-18,0.0
categorical__in_custody_2015-08-20,0.0
categorical__in_custody_2015-08-23,0.0
categorical__in_custody_2015-08-25,0.0
categorical__in_custody_2015-08-26,0.0
categorical__in_custody_2015-08-29,0.0
categorical__in_custody_2015-08-30,0.0
categorical__out_custody_2013-02-16,0.0
categorical__in_custody_2015-09-01,0.0
categorical__in_custody_2015-09-03,0.0
categorical__in_custody_2015-09-04,0.0
categorical__in_custody_2015-09-08,0.0
categorical__in_custody_2015-09-09,0.0
categorical__in_custody_2015-09-10,0.0
categorical__in_custody_2015-09-11,0.0
categorical__in_custody_2015-09-14,0.0
categorical__in_custody_2015-09-15,0.0
categorical__in_custody_2015-09-16,0.0
categorical__in_custody_2015-08-31,0.0
categorical__in_custody_2015-07-23,0.0
categorical__in_custody_2015-07-24,0.0
categorical__in_custody_2015-07-25,0.0
categorical__in_custody_2015-07-26,0.0
categorical__in_custody_2015-07-27,0.0
categorical__in_custody_2015-07-28,0.0
categorical__in_custody_2015-07-29,0.0
categorical__in_custody_2015-07-30,0.0
categorical__in_custody_2015-07-31,0.0
categorical__in_custody_2015-08-01,0.0
categorical__in_custody_2015-08-15,0.0
categorical__in_custody_2015-08-03,0.0
categorical__in_custody_2015-08-04,0.0
categorical__in_custody_2015-08-05,0.0
categorical__in_custody_2015-08-06,0.0
categorical__in_custody_2015-08-08,0.0
categorical__in_custody_2015-08-09,0.0
categorical__in_custody_2015-08-11,0.0
categorical__in_custody_2015-08-12,0.0
categorical__in_custody_2015-08-13,0.0
categorical__in_custody_2015-08-14,0.0
categorical__in_custody_2015-08-02,0.0
categorical__in_custody_2015-10-15,0.0
categorical__in_custody_2015-10-16,0.0
categorical__in_custody_2015-10-18,0.0
categorical__in_custody_2015-10-20,0.0
categorical__in_custody_2015-10-21,0.0
categorical__in_custody_2015-10-22,0.0
categorical__in_custody_2015-10-24,0.0
categorical__in_custody_2015-10-25,0.0
categorical__in_custody_2015-10-26,0.0
categorical__in_custody_2015-09-17,0.0
categorical__in_custody_2015-10-28,0.0
categorical__in_custody_2015-10-29,0.0
categorical__in_custody_2015-10-30,0.0
categorical__in_custody_2015-11-03,0.0
categorical__in_custody_2015-11-04,0.0
categorical__in_custody_2015-11-05,0.0
categorical__in_custody_2015-11-07,0.0
categorical__in_custody_2015-11-09,0.0
categorical__in_custody_2015-11-10,0.0
categorical__in_custody_2015-11-11,0.0
categorical__in_custody_2015-10-27,0.0
categorical__in_custody_2015-09-18,0.0
categorical__in_custody_2015-09-19,0.0
categorical__in_custody_2015-09-20,0.0
categorical__in_custody_2015-09-22,0.0
categorical__in_custody_2015-09-23,0.0
categorical__in_custody_2015-09-24,0.0
categorical__in_custody_2015-09-27,0.0
categorical__in_custody_2015-09-28,0.0
categorical__in_custody_2015-09-29,0.0
categorical__in_custody_2015-09-30,0.0
categorical__in_custody_2015-10-14,0.0
categorical__in_custody_2015-10-02,0.0
categorical__in_custody_2015-10-03,0.0
categorical__in_custody_2015-10-05,0.0
categorical__in_custody_2015-10-06,0.0
categorical__in_custody_2015-10-07,0.0
categorical__in_custody_2015-10-08,0.0
categorical__in_custody_2015-10-09,0.0
categorical__in_custody_2015-10-10,0.0
categorical__in_custody_2015-10-12,0.0
categorical__in_custody_2015-10-13,0.0
categorical__in_custody_2015-10-01,0.0
categorical__in_custody_2015-05-08,0.0
categorical__in_custody_2015-05-09,0.0
categorical__in_custody_2015-05-11,0.0
categorical__in_custody_2015-05-12,0.0
categorical__in_custody_2015-05-13,0.0
categorical__in_custody_2015-05-14,0.0
categorical__in_custody_2015-05-16,0.0
categorical__in_custody_2015-05-18,0.0
categorical__in_custody_2015-05-19,0.0
categorical__in_custody_2015-07-22,0.0
categorical__in_custody_2015-05-21,0.0
categorical__in_custody_2015-05-22,0.0
categorical__in_custody_2015-05-23,0.0
categorical__in_custody_2015-05-26,0.0
categorical__in_custody_2015-05-27,0.0
categorical__in_custody_2015-05-28,0.0
categorical__in_custody_2015-05-29,0.0
categorical__in_custody_2015-05-30,0.0
categorical__in_custody_2015-05-31,0.0
categorical__in_custody_2015-06-01,0.0
categorical__in_custody_2015-05-20,0.0
categorical__in_custody_2015-04-11,0.0
categorical__in_custody_2015-04-12,0.0
categorical__in_custody_2015-04-13,0.0
categorical__in_custody_2015-04-14,0.0
categorical__in_custody_2015-04-15,0.0
categorical__in_custody_2015-04-16,0.0
categorical__in_custody_2015-04-17,0.0
categorical__in_custody_2015-04-18,0.0
categorical__in_custody_2015-04-20,0.0
categorical__in_custody_2015-04-21,0.0
categorical__in_custody_2015-05-07,0.0
categorical__in_custody_2015-04-24,0.0
categorical__in_custody_2015-04-25,0.0
categorical__in_custody_2015-04-26,0.0
categorical__in_custody_2015-04-27,0.0
categorical__in_custody_2015-04-29,0.0
categorical__in_custody_2015-05-01,0.0
categorical__in_custody_2015-05-02,0.0
categorical__in_custody_2015-05-04,0.0
categorical__in_custody_2015-05-05,0.0
categorical__in_custody_2015-05-06,0.0
categorical__in_custody_2015-04-22,0.0
categorical__in_custody_2015-06-30,0.0
categorical__in_custody_2015-07-01,0.0
categorical__in_custody_2015-07-02,0.0
categorical__in_custody_2015-07-03,0.0
categorical__in_custody_2015-07-04,0.0
categorical__in_custody_2015-07-05,0.0
categorical__in_custody_2015-07-06,0.0
categorical__in_custody_2015-07-07,0.0
categorical__in_custody_2015-07-08,0.0
categorical__in_custody_2015-06-02,0.0
categorical__in_custody_2015-07-10,0.0
categorical__in_custody_2015-07-11,0.0
categorical__in_custody_2015-07-13,0.0
categorical__in_custody_2015-07-14,0.0
categorical__in_custody_2015-07-15,0.0
categorical__in_custody_2015-07-16,0.0
categorical__in_custody_2015-07-17,0.0
categorical__in_custody_2015-07-18,0.0
categorical__in_custody_2015-07-20,0.0
categorical__in_custody_2015-07-21,0.0
categorical__in_custody_2015-07-09,0.0
categorical__in_custody_2015-06-03,0.0
categorical__in_custody_2015-06-04,0.0
categorical__in_custody_2015-06-05,0.0
categorical__in_custody_2015-06-06,0.0
categorical__in_custody_2015-06-07,0.0
categorical__in_custody_2015-06-08,0.0
categorical__in_custody_2015-06-09,0.0
categorical__in_custody_2015-06-10,0.0
categorical__in_custody_2015-06-11,0.0
categorical__in_custody_2015-06-16,0.0
categorical__in_custody_2015-06-29,0.0
categorical__in_custody_2015-06-18,0.0
categorical__in_custody_2015-06-20,0.0
categorical__in_custody_2015-06-21,0.0
categorical__in_custody_2015-06-22,0.0
categorical__in_custody_2015-06-23,0.0
categorical__in_custody_2015-06-24,0.0
categorical__in_custody_2015-06-25,0.0
categorical__in_custody_2015-06-26,0.0
categorical__in_custody_2015-06-27,0.0
categorical__in_custody_2015-06-28,0.0
categorical__in_custody_2015-06-17,0.0
categorical__out_custody_2007-05-16,0.0
categorical__out_custody_2007-11-05,0.0
categorical__out_custody_2008-01-26,0.0
categorical__out_custody_2008-03-22,0.0
categorical__out_custody_2008-07-11,0.0
categorical__out_custody_2008-09-06,0.0
categorical__out_custody_2008-11-24,0.0
categorical__out_custody_2009-02-01,0.0
categorical__out_custody_2009-02-13,0.0
categorical__in_custody_2015-11-12,0.0
categorical__out_custody_2010-01-29,0.0
categorical__out_custody_2010-02-21,0.0
categorical__out_custody_2010-07-29,0.0
categorical__out_custody_2010-11-22,0.0
categorical__out_custody_2010-12-30,0.0
categorical__out_custody_2011-04-14,0.0
categorical__out_custody_2011-05-12,0.0
categorical__out_custody_2012-02-02,0.0
categorical__out_custody_2012-07-01,0.0
categorical__out_custody_2013-01-02,0.0
categorical__out_custody_2009-04-11,0.0
categorical__in_custody_2016-03-20,0.0
categorical__in_custody_2016-03-21,0.0
categorical__in_custody_2016-03-23,0.0
categorical__in_custody_2016-03-24,0.0
categorical__in_custody_2016-03-26,0.0
categorical__in_custody_2016-03-27,0.0
categorical__in_custody_2016-03-28,0.0
categorical__in_custody_2016-04-05,0.0
categorical__in_custody_2016-04-11,0.0
categorical__out_custody_1999-05-30,0.0
categorical__out_custody_2007-04-20,0.0
categorical__out_custody_2000-10-11,0.0
categorical__out_custody_2000-11-01,0.0
categorical__out_custody_2001-06-08,0.0
categorical__out_custody_2001-11-04,0.0
categorical__out_custody_2003-08-29,0.0
categorical__out_custody_2003-11-08,0.0
categorical__out_custody_2005-01-25,0.0
categorical__out_custody_2006-07-17,0.0
categorical__out_custody_2006-09-04,0.0
categorical__out_custody_2007-01-01,0.0
categorical__out_custody_2000-06-05,0.0
categorical__out_custody_2013-01-27,0.0
categorical__out_custody_2013-01-28,0.0
categorical__out_custody_2013-01-29,0.0
categorical__out_custody_2013-01-30,0.0
categorical__out_custody_2013-01-31,0.0
categorical__out_custody_2013-02-01,0.0
categorical__out_custody_2013-02-02,0.0
categorical__out_custody_2013-02-03,0.0
categorical__out_custody_2013-02-04,0.0
categorical__out_custody_2013-01-03,0.0
categorical__out_custody_2013-02-06,0.0
categorical__out_custody_2013-02-07,0.0
categorical__out_custody_2013-02-08,0.0
categorical__out_custody_2013-02-09,0.0
categorical__out_custody_2013-02-10,0.0
categorical__out_custody_2013-02-11,0.0
categorical__out_custody_2013-02-12,0.0
categorical__out_custody_2013-02-13,0.0
categorical__out_custody_2013-02-14,0.0
categorical__out_custody_2013-02-15,0.0
categorical__out_custody_2013-02-05,0.0
categorical__out_custody_2013-01-04,0.0
categorical__out_custody_2013-01-06,0.0
categorical__out_custody_2013-01-07,0.0
categorical__out_custody_2013-01-08,0.0
categorical__out_custody_2013-01-09,0.0
categorical__out_custody_2013-01-10,0.0
categorical__out_custody_2013-01-11,0.0
categorical__out_custody_2013-01-12,0.0
categorical__out_custody_2013-01-13,0.0
categorical__out_custody_2013-01-14,0.0
categorical__out_custody_2013-01-26,0.0
categorical__out_custody_2013-01-16,0.0
categorical__out_custody_2013-01-17,0.0
categorical__out_custody_2013-01-18,0.0
categorical__out_custody_2013-01-19,0.0
categorical__out_custody_2013-01-20,0.0
categorical__out_custody_2013-01-21,0.0
categorical__out_custody_2013-01-22,0.0
categorical__out_custody_2013-01-23,0.0
categorical__out_custody_2013-01-24,0.0
categorical__out_custody_2013-01-25,0.0
categorical__out_custody_2013-01-15,0.0
categorical__in_custody_2015-12-19,0.0
categorical__in_custody_2015-12-21,0.0
categorical__in_custody_2015-12-22,0.0
categorical__in_custody_2015-12-29,0.0
categorical__in_custody_2016-01-01,0.0
categorical__in_custody_2016-01-04,0.0
categorical__in_custody_2016-01-05,0.0
categorical__in_custody_2016-01-06,0.0
categorical__in_custody_2016-01-09,0.0
categorical__in_custody_2016-03-19,0.0
categorical__in_custody_2016-01-11,0.0
categorical__in_custody_2016-01-12,0.0
categorical__in_custody_2016-01-13,0.0
categorical__in_custody_2016-01-14,0.0
categorical__in_custody_2016-01-15,0.0
categorical__in_custody_2016-01-16,0.0
categorical__in_custody_2016-01-17,0.0
categorical__in_custody_2016-01-18,0.0
categorical__in_custody_2016-01-19,0.0
categorical__in_custody_2016-01-22,0.0
categorical__in_custody_2016-01-10,0.0
categorical__in_custody_2015-11-13,0.0
categorical__in_custody_2015-11-14,0.0
categorical__in_custody_2015-11-19,0.0
categorical__in_custody_2015-11-20,0.0
categorical__in_custody_2015-11-21,0.0
categorical__in_custody_2015-11-22,0.0
categorical__in_custody_2015-11-23,0.0
categorical__in_custody_2015-11-24,0.0
categorical__in_custody_2015-11-25,0.0
categorical__in_custody_2015-11-28,0.0
categorical__in_custody_2015-12-17,0.0
categorical__in_custody_2015-12-02,0.0
categorical__in_custody_2015-12-03,0.0
categorical__in_custody_2015-12-07,0.0
categorical__in_custody_2015-12-08,0.0
categorical__in_custody_2015-12-09,0.0
categorical__in_custody_2015-12-11,0.0
categorical__in_custody_2015-12-12,0.0
categorical__in_custody_2015-12-13,0.0
categorical__in_custody_2015-12-14,0.0
categorical__in_custody_2015-12-15,0.0
categorical__in_custody_2015-12-01,0.0
categorical__in_custody_2016-02-23,0.0
categorical__in_custody_2016-02-25,0.0
categorical__in_custody_2016-02-26,0.0
categorical__in_custody_2016-02-27,0.0
categorical__in_custody_2016-02-28,0.0
categorical__in_custody_2016-03-01,0.0
categorical__in_custody_2016-03-02,0.0
categorical__in_custody_2016-03-03,0.0
categorical__in_custody_2016-03-04,0.0
categorical__in_custody_2016-01-23,0.0
categorical__in_custody_2016-03-06,0.0
categorical__in_custody_2016-03-08,0.0
categorical__in_custody_2016-03-09,0.0
categorical__in_custody_2016-03-11,0.0
categorical__in_custody_2016-03-13,0.0
categorical__in_custody_2016-03-14,0.0
categorical__in_custody_2016-03-15,0.0
categorical__in_custody_2016-03-16,0.0
categorical__in_custody_2016-03-17,0.0
categorical__in_custody_2016-03-18,0.0
categorical__in_custody_2016-03-05,0.0
categorical__in_custody_2016-01-24,0.0
categorical__in_custody_2016-01-25,0.0
categorical__in_custody_2016-01-26,0.0
categorical__in_custody_2016-01-28,0.0
categorical__in_custody_2016-01-30,0.0
categorical__in_custody_2016-02-01,0.0
categorical__in_custody_2016-02-02,0.0
categorical__in_custody_2016-02-05,0.0
categorical__in_custody_2016-02-06,0.0
categorical__in_custody_2016-02-07,0.0
categorical__in_custody_2016-02-22,0.0
categorical__in_custody_2016-02-10,0.0
categorical__in_custody_2016-02-11,0.0
categorical__in_custody_2016-02-13,0.0
categorical__in_custody_2016-02-14,0.0
categorical__in_custody_2016-02-15,0.0
categorical__in_custody_2016-02-16,0.0
categorical__in_custody_2016-02-17,0.0
categorical__in_custody_2016-02-18,0.0
categorical__in_custody_2016-02-19,0.0
categorical__in_custody_2016-02-21,0.0
categorical__in_custody_2016-02-08,0.0
categorical__out_custody_2015-06-04,0.0
categorical__out_custody_2015-06-05,0.0
categorical__out_custody_2015-06-06,0.0
categorical__out_custody_2015-06-07,0.0
categorical__out_custody_2015-06-08,0.0
categorical__out_custody_2015-06-09,0.0
categorical__out_custody_2015-06-10,0.0
categorical__out_custody_2015-06-11,0.0
categorical__out_custody_2015-06-12,0.0
categorical__out_custody_2014-02-02,0.0
categorical__out_custody_2015-06-19,0.0
categorical__out_custody_2015-06-20,0.0
categorical__out_custody_2015-06-21,0.0
categorical__out_custody_2015-06-22,0.0
categorical__out_custody_2015-06-24,0.0
categorical__out_custody_2015-06-25,0.0
categorical__out_custody_2015-06-26,0.0
categorical__out_custody_2015-06-28,0.0
categorical__out_custody_2015-06-29,0.0
categorical__out_custody_2015-06-30,0.0
categorical__out_custody_2015-06-17,0.0
categorical__out_custody_2015-05-09,0.0
categorical__out_custody_2015-05-11,0.0
categorical__out_custody_2015-05-12,0.0
categorical__out_custody_2015-05-13,0.0
categorical__out_custody_2015-05-14,0.0
categorical__out_custody_2015-05-15,0.0
categorical__out_custody_2015-05-17,0.0
categorical__out_custody_2015-05-18,0.0
categorical__out_custody_2015-05-19,0.0
categorical__out_custody_2015-05-20,0.0
categorical__out_custody_2015-06-03,0.0
categorical__out_custody_2015-05-22,0.0
categorical__out_custody_2015-05-23,0.0
categorical__out_custody_2015-05-24,0.0
categorical__out_custody_2015-05-27,0.0
categorical__out_custody_2015-05-28,0.0
categorical__out_custody_2015-05-29,0.0
categorical__out_custody_2015-05-30,0.0
categorical__out_custody_2015-05-31,0.0
categorical__out_custody_2015-06-01,0.0
categorical__out_custody_2015-06-02,0.0
categorical__out_custody_2015-05-21,0.0
categorical__out_custody_2015-07-27,0.0
categorical__out_custody_2015-07-28,0.0
categorical__out_custody_2015-07-29,0.0
categorical__out_custody_2015-07-30,0.0
categorical__out_custody_2015-07-31,0.0
categorical__out_custody_2015-08-01,0.0
categorical__out_custody_2015-08-02,0.0
categorical__out_custody_2015-08-03,0.0
categorical__out_custody_2015-08-05,0.0
categorical__out_custody_2015-07-01,0.0
categorical__out_custody_2015-08-07,0.0
categorical__out_custody_2015-08-08,0.0
categorical__out_custody_2015-08-10,0.0
categorical__out_custody_2015-08-12,0.0
categorical__out_custody_2015-08-13,0.0
categorical__out_custody_2015-08-14,0.0
categorical__out_custody_2015-08-15,0.0
categorical__out_custody_2015-08-16,0.0
categorical__out_custody_2015-08-17,0.0
categorical__out_custody_2015-08-18,0.0
categorical__out_custody_2015-08-06,0.0
categorical__out_custody_2015-07-02,0.0
categorical__out_custody_2015-07-05,0.0
categorical__out_custody_2015-07-06,0.0
categorical__out_custody_2015-07-07,0.0
categorical__out_custody_2015-07-08,0.0
categorical__out_custody_2015-07-09,0.0
categorical__out_custody_2015-07-10,0.0
categorical__out_custody_2015-07-11,0.0
categorical__out_custody_2015-07-12,0.0
categorical__out_custody_2015-07-13,0.0
categorical__out_custody_2015-07-26,0.0
categorical__out_custody_2015-07-15,0.0
categorical__out_custody_2015-07-16,0.0
categorical__out_custody_2015-07-17,0.0
categorical__out_custody_2015-07-18,0.0
categorical__out_custody_2015-07-19,0.0
categorical__out_custody_2015-07-20,0.0
categorical__out_custody_2015-07-21,0.0
categorical__out_custody_2015-07-22,0.0
categorical__out_custody_2015-07-23,0.0
categorical__out_custody_2015-07-25,0.0
categorical__out_custody_2015-07-14,0.0
categorical__out_custody_2015-02-26,0.0
categorical__out_custody_2015-02-27,0.0
categorical__out_custody_2015-02-28,0.0
categorical__out_custody_2015-03-01,0.0
categorical__out_custody_2015-03-02,0.0
categorical__out_custody_2015-03-03,0.0
categorical__out_custody_2015-03-04,0.0
categorical__out_custody_2015-03-05,0.0
categorical__out_custody_2015-03-06,0.0
categorical__out_custody_2015-05-08,0.0
categorical__out_custody_2015-03-08,0.0
categorical__out_custody_2015-03-09,0.0
categorical__out_custody_2015-03-10,0.0
categorical__out_custody_2015-03-11,0.0
categorical__out_custody_2015-03-12,0.0
categorical__out_custody_2015-03-13,0.0
categorical__out_custody_2015-03-14,0.0
categorical__out_custody_2015-03-15,0.0
categorical__out_custody_2015-03-16,0.0
categorical__out_custody_2015-03-17,0.0
categorical__out_custody_2015-03-07,0.0
categorical__out_custody_2015-02-03,0.0
categorical__out_custody_2015-02-04,0.0
categorical__out_custody_2015-02-05,0.0
categorical__out_custody_2015-02-06,0.0
categorical__out_custody_2015-02-07,0.0
categorical__out_custody_2015-02-08,0.0
categorical__out_custody_2015-02-09,0.0
categorical__out_custody_2015-02-10,0.0
categorical__out_custody_2015-02-11,0.0
categorical__out_custody_2015-02-12,0.0
categorical__out_custody_2015-02-25,0.0
categorical__out_custody_2015-02-14,0.0
categorical__out_custody_2015-02-15,0.0
categorical__out_custody_2015-02-17,0.0
categorical__out_custody_2015-02-18,0.0
categorical__out_custody_2015-02-19,0.0
categorical__out_custody_2015-02-20,0.0
categorical__out_custody_2015-02-21,0.0
categorical__out_custody_2015-02-22,0.0
categorical__out_custody_2015-02-23,0.0
categorical__out_custody_2015-02-24,0.0
categorical__out_custody_2015-02-13,0.0
categorical__out_custody_2015-04-15,0.0
categorical__out_custody_2015-04-16,0.0
categorical__out_custody_2015-04-17,0.0
categorical__out_custody_2015-04-18,0.0
categorical__out_custody_2015-04-20,0.0
categorical__out_custody_2015-04-21,0.0
categorical__out_custody_2015-04-22,0.0
categorical__out_custody_2015-04-23,0.0
categorical__out_custody_2015-04-24,0.0
categorical__out_custody_2015-03-18,0.0
categorical__out_custody_2015-04-26,0.0
categorical__out_custody_2015-04-27,0.0
categorical__out_custody_2015-04-28,0.0
categorical__out_custody_2015-04-29,0.0
categorical__out_custody_2015-04-30,0.0
categorical__out_custody_2015-05-01,0.0
categorical__out_custody_2015-05-04,0.0
categorical__out_custody_2015-05-05,0.0
categorical__out_custody_2015-05-06,0.0
categorical__out_custody_2015-05-07,0.0
categorical__out_custody_2015-04-25,0.0
categorical__out_custody_2015-03-20,0.0
categorical__out_custody_2015-03-21,0.0
categorical__out_custody_2015-03-23,0.0
categorical__out_custody_2015-03-24,0.0
categorical__out_custody_2015-03-25,0.0
categorical__out_custody_2015-03-27,0.0
categorical__out_custody_2015-03-28,0.0
categorical__out_custody_2015-03-29,0.0
categorical__out_custody_2015-03-30,0.0
categorical__out_custody_2015-04-01,0.0
categorical__out_custody_2015-04-14,0.0
categorical__out_custody_2015-04-03,0.0
categorical__out_custody_2015-04-04,0.0
categorical__out_custody_2015-04-06,0.0
categorical__out_custody_2015-04-07,0.0
categorical__out_custody_2015-04-08,0.0
categorical__out_custody_2015-04-09,0.0
categorical__out_custody_2015-04-10,0.0
categorical__out_custody_2015-04-11,0.0
categorical__out_custody_2015-04-12,0.0
categorical__out_custody_2015-04-13,0.0
categorical__out_custody_2015-04-02,0.0
categorical__out_custody_2016-01-12,0.0
categorical__out_custody_2016-01-13,0.0
categorical__out_custody_2016-01-16,0.0
categorical__out_custody_2016-01-18,0.0
categorical__out_custody_2016-01-19,0.0
categorical__out_custody_2016-01-20,0.0
categorical__out_custody_2016-01-21,0.0
categorical__out_custody_2016-01-22,0.0
categorical__out_custody_2016-01-24,0.0
categorical__out_custody_2015-08-19,0.0
categorical__out_custody_2016-01-26,0.0
categorical__out_custody_2016-01-27,0.0
categorical__out_custody_2016-01-28,0.0
categorical__out_custody_2016-01-31,0.0
categorical__out_custody_2016-02-02,0.0
categorical__out_custody_2016-02-04,0.0
categorical__out_custody_2016-02-05,0.0
categorical__out_custody_2016-02-07,0.0
categorical__out_custody_2016-02-09,0.0
categorical__out_custody_2016-02-10,0.0
categorical__out_custody_2016-01-25,0.0
categorical__out_custody_2015-12-03,0.0
categorical__out_custody_2015-12-04,0.0
categorical__out_custody_2015-12-05,0.0
categorical__out_custody_2015-12-06,0.0
categorical__out_custody_2015-12-07,0.0
categorical__out_custody_2015-12-09,0.0
categorical__out_custody_2015-12-12,0.0
categorical__out_custody_2015-12-13,0.0
categorical__out_custody_2015-12-14,0.0
categorical__out_custody_2015-12-15,0.0
categorical__out_custody_2016-01-11,0.0
categorical__out_custody_2015-12-17,0.0
categorical__out_custody_2015-12-19,0.0
categorical__out_custody_2015-12-22,0.0
categorical__out_custody_2015-12-23,0.0
categorical__out_custody_2015-12-26,0.0
categorical__out_custody_2016-01-01,0.0
categorical__out_custody_2016-01-03,0.0
categorical__out_custody_2016-01-05,0.0
categorical__out_custody_2016-01-06,0.0
categorical__out_custody_2016-01-07,0.0
categorical__out_custody_2015-12-16,0.0
categorical__c_case_number_04009015TC40A,0.0
categorical__c_case_number_04012577TC10A,0.0
categorical__c_case_number_04016984CF10C,0.0
categorical__c_case_number_04017276CF10A,0.0
categorical__c_case_number_00004068CF10A,0.0
categorical__age_cat_Less than 25,0.0
categorical__out_custody_2016-03-02,0.0
categorical__out_custody_2016-03-04,0.0
categorical__out_custody_2016-03-05,0.0
categorical__out_custody_2016-02-11,0.0
categorical__out_custody_2016-03-08,0.0
categorical__out_custody_2016-03-10,0.0
categorical__out_custody_2016-03-12,0.0
categorical__out_custody_2016-03-13,0.0
categorical__out_custody_2016-03-14,0.0
categorical__out_custody_2016-03-15,0.0
categorical__out_custody_2016-03-16,0.0
categorical__out_custody_2016-03-17,0.0
categorical__out_custody_2016-03-18,0.0
categorical__out_custody_2016-03-19,0.0
categorical__out_custody_2016-03-07,0.0
categorical__out_custody_2016-02-14,0.0
categorical__out_custody_2016-02-16,0.0
categorical__out_custody_2016-02-18,0.0
categorical__out_custody_2016-02-19,0.0
categorical__out_custody_2016-02-20,0.0
categorical__out_custody_2016-02-21,0.0
categorical__out_custody_2016-02-23,0.0
categorical__out_custody_2016-02-24,0.0
categorical__out_custody_2016-02-25,0.0
categorical__out_custody_2016-02-26,0.0
categorical__c_case_number_04000079CF10A,0.0
categorical__age_cat_25 - 45,0.0
categorical__c_case_number_01006487CF10D,0.0
categorical__c_case_number_01007205MM10A,0.0
categorical__c_case_number_01098533TC30A,0.0
categorical__c_case_number_02001473MM30A,0.0
categorical__c_case_number_02003090CF10A,0.0
categorical__c_case_number_02004130MM10A,0.0
categorical__c_case_number_03002467TC10A,0.0
categorical__c_case_number_03006943CF10A,0.0
categorical__c_case_number_03042741TC20A,0.0
categorical__out_custody_2016-02-27,0.0
categorical__out_custody_2015-09-16,0.0
categorical__out_custody_2015-09-17,0.0
categorical__out_custody_2015-09-18,0.0
categorical__out_custody_2015-09-19,0.0
categorical__out_custody_2015-09-20,0.0
categorical__out_custody_2015-09-21,0.0
categorical__out_custody_2015-09-22,0.0
categorical__out_custody_2015-09-23,0.0
categorical__out_custody_2015-09-24,0.0
categorical__out_custody_2015-12-02,0.0
categorical__out_custody_2015-09-26,0.0
categorical__out_custody_2015-09-27,0.0
categorical__out_custody_2015-09-28,0.0
categorical__out_custody_2015-09-29,0.0
categorical__out_custody_2015-10-01,0.0
categorical__out_custody_2015-10-02,0.0
categorical__out_custody_2015-10-05,0.0
categorical__out_custody_2015-10-06,0.0
categorical__out_custody_2015-10-07,0.0
categorical__out_custody_2015-10-08,0.0
categorical__out_custody_2015-09-25,0.0
categorical__out_custody_2015-08-20,0.0
categorical__out_custody_2015-08-21,0.0
categorical__out_custody_2015-08-23,0.0
categorical__out_custody_2015-08-24,0.0
categorical__out_custody_2015-08-25,0.0
categorical__out_custody_2015-08-26,0.0
categorical__out_custody_2015-08-27,0.0
categorical__out_custody_2015-08-28,0.0
categorical__out_custody_2015-08-29,0.0
categorical__out_custody_2015-08-31,0.0
categorical__out_custody_2015-09-15,0.0
categorical__out_custody_2015-09-02,0.0
categorical__out_custody_2015-09-03,0.0
categorical__out_custody_2015-09-04,0.0
categorical__out_custody_2015-09-05,0.0
categorical__out_custody_2015-09-06,0.0
categorical__out_custody_2015-09-07,0.0
categorical__out_custody_2015-09-08,0.0
categorical__out_custody_2015-09-09,0.0
categorical__out_custody_2015-09-10,0.0
categorical__out_custody_2015-09-14,0.0
categorical__out_custody_2015-09-01,0.0
categorical__out_custody_2015-11-05,0.0
categorical__out_custody_2015-11-06,0.0
categorical__out_custody_2015-11-09,0.0
categorical__out_custody_2015-11-10,0.0
categorical__out_custody_2015-11-11,0.0
categorical__out_custody_2015-11-12,0.0
categorical__out_custody_2015-11-13,0.0
categorical__out_custody_2015-11-14,0.0
categorical__out_custody_2015-11-15,0.0
categorical__out_custody_2015-10-09,0.0
categorical__out_custody_2015-11-17,0.0
categorical__out_custody_2015-11-18,0.0
categorical__out_custody_2015-11-19,0.0
categorical__out_custody_2015-11-20,0.0
categorical__out_custody_2015-11-21,0.0
categorical__out_custody_2015-11-22,0.0
categorical__out_custody_2015-11-24,0.0
categorical__out_custody_2015-11-25,0.0
categorical__out_custody_2015-11-28,0.0
categorical__out_custody_2015-11-30,0.0
categorical__out_custody_2015-11-16,0.0
categorical__out_custody_2015-10-10,0.0
categorical__out_custody_2015-10-12,0.0
categorical__out_custody_2015-10-13,0.0
categorical__out_custody_2015-10-15,0.0
categorical__out_custody_2015-10-16,0.0
categorical__out_custody_2015-10-17,0.0
categorical__out_custody_2015-10-18,0.0
categorical__out_custody_2015-10-19,0.0
categorical__out_custody_2015-10-20,0.0
categorical__out_custody_2015-10-22,0.0
categorical__out_custody_2015-11-04,0.0
categorical__out_custody_2015-10-24,0.0
categorical__out_custody_2015-10-26,0.0
categorical__out_custody_2015-10-27,0.0
categorical__out_custody_2015-10-28,0.0
categorical__out_custody_2015-10-29,0.0
categorical__out_custody_2015-10-30,0.0
categorical__out_custody_2015-10-31,0.0
categorical__out_custody_2015-11-01,0.0
categorical__out_custody_2015-11-02,0.0
categorical__out_custody_2015-11-03,0.0
categorical__out_custody_2015-10-23,0.0
categorical__out_custody_2014-05-26,0.0
categorical__out_custody_2014-05-27,0.0
categorical__out_custody_2014-05-28,0.0
categorical__out_custody_2014-05-29,0.0
categorical__out_custody_2014-05-30,0.0
categorical__out_custody_2014-05-31,0.0
categorical__out_custody_2014-06-01,0.0
categorical__out_custody_2014-06-02,0.0
categorical__out_custody_2014-06-03,0.0
categorical__out_custody_2015-02-02,0.0
categorical__out_custody_2014-06-05,0.0
categorical__out_custody_2014-06-06,0.0
categorical__out_custody_2014-06-07,0.0
categorical__out_custody_2014-06-08,0.0
categorical__out_custody_2014-06-09,0.0
categorical__out_custody_2014-06-10,0.0
categorical__out_custody_2014-06-11,0.0
categorical__out_custody_2014-06-12,0.0
categorical__out_custody_2014-06-13,0.0
categorical__out_custody_2014-06-14,0.0
categorical__out_custody_2014-06-04,0.0
categorical__out_custody_2014-04-30,0.0
categorical__out_custody_2014-05-01,0.0
categorical__out_custody_2014-05-02,0.0
categorical__out_custody_2014-05-03,0.0
categorical__out_custody_2014-05-05,0.0
categorical__out_custody_2014-05-06,0.0
categorical__out_custody_2014-05-07,0.0
categorical__out_custody_2014-05-08,0.0
categorical__out_custody_2014-05-09,0.0
categorical__out_custody_2014-05-11,0.0
categorical__out_custody_2014-05-25,0.0
categorical__out_custody_2014-05-14,0.0
categorical__out_custody_2014-05-15,0.0
categorical__out_custody_2014-05-16,0.0
categorical__out_custody_2014-05-17,0.0
categorical__out_custody_2014-05-18,0.0
categorical__out_custody_2014-05-19,0.0
categorical__out_custody_2014-05-20,0.0
categorical__out_custody_2014-05-21,0.0
categorical__out_custody_2014-05-23,0.0
categorical__out_custody_2014-05-24,0.0
categorical__out_custody_2014-05-12,0.0
categorical__out_custody_2014-07-10,0.0
categorical__out_custody_2014-07-11,0.0
categorical__out_custody_2014-07-12,0.0
categorical__out_custody_2014-07-13,0.0
categorical__out_custody_2014-07-14,0.0
categorical__out_custody_2014-07-15,0.0
categorical__out_custody_2014-07-16,0.0
categorical__out_custody_2014-07-17,0.0
categorical__out_custody_2014-07-18,0.0
categorical__out_custody_2014-06-15,0.0
categorical__out_custody_2014-07-21,0.0
categorical__out_custody_2014-07-22,0.0
categorical__out_custody_2014-07-23,0.0
categorical__out_custody_2014-07-24,0.0
categorical__out_custody_2014-07-25,0.0
categorical__out_custody_2014-07-26,0.0
categorical__out_custody_2014-07-28,0.0
categorical__out_custody_2014-07-29,0.0
categorical__out_custody_2014-07-30,0.0
categorical__out_custody_2014-07-31,0.0
categorical__out_custody_2014-07-20,0.0
categorical__out_custody_2014-06-17,0.0
categorical__out_custody_2014-06-18,0.0
categorical__out_custody_2014-06-19,0.0
categorical__out_custody_2014-06-20,0.0
categorical__out_custody_2014-06-21,0.0
categorical__out_custody_2014-06-23,0.0
categorical__out_custody_2014-06-24,0.0
categorical__out_custody_2014-06-25,0.0
categorical__out_custody_2014-06-26,0.0
categorical__out_custody_2014-06-27,0.0
categorical__out_custody_2014-07-09,0.0
categorical__out_custody_2014-06-29,0.0
categorical__out_custody_2014-06-30,0.0
categorical__out_custody_2014-07-01,0.0
categorical__out_custody_2014-07-02,0.0
categorical__out_custody_2014-07-03,0.0
categorical__out_custody_2014-07-04,0.0
categorical__out_custody_2014-07-05,0.0
categorical__out_custody_2014-07-06,0.0
categorical__out_custody_2014-07-07,0.0
categorical__out_custody_2014-07-08,0.0
categorical__out_custody_2014-06-28,0.0
categorical__out_custody_2014-02-25,0.0
categorical__out_custody_2014-02-26,0.0
categorical__out_custody_2014-02-27,0.0
categorical__out_custody_2014-02-28,0.0
categorical__out_custody_2014-03-01,0.0
categorical__out_custody_2014-03-02,0.0
categorical__out_custody_2014-03-03,0.0
categorical__out_custody_2014-03-04,0.0
categorical__out_custody_2014-03-05,0.0
categorical__out_custody_2014-04-29,0.0
categorical__out_custody_2014-03-07,0.0
categorical__out_custody_2014-03-08,0.0
categorical__out_custody_2014-03-09,0.0
categorical__out_custody_2014-03-10,0.0
categorical__out_custody_2014-03-11,0.0
categorical__out_custody_2014-03-12,0.0
categorical__out_custody_2014-03-13,0.0
categorical__out_custody_2014-03-14,0.0
categorical__out_custody_2014-03-15,0.0
categorical__out_custody_2014-03-16,0.0
categorical__out_custody_2014-03-06,0.0
categorical__out_custody_2014-02-03,0.0
categorical__out_custody_2014-02-04,0.0
categorical__out_custody_2014-02-05,0.0
categorical__out_custody_2014-02-06,0.0
categorical__out_custody_2014-02-07,0.0
categorical__out_custody_2014-02-08,0.0
categorical__out_custody_2014-02-09,0.0
categorical__out_custody_2014-02-10,0.0
categorical__out_custody_2014-02-11,0.0
categorical__out_custody_2014-02-12,0.0
categorical__out_custody_2014-02-24,0.0
categorical__out_custody_2014-02-14,0.0
categorical__out_custody_2014-02-15,0.0
categorical__out_custody_2014-02-16,0.0
categorical__out_custody_2014-02-17,0.0
categorical__out_custody_2014-02-18,0.0
categorical__out_custody_2014-02-19,0.0
categorical__out_custody_2014-02-20,0.0
categorical__out_custody_2014-02-21,0.0
categorical__out_custody_2014-02-22,0.0
categorical__out_custody_2014-02-23,0.0
categorical__out_custody_2014-02-13,0.0
categorical__out_custody_2014-04-09,0.0
categorical__out_custody_2014-04-10,0.0
categorical__out_custody_2014-04-11,0.0
categorical__out_custody_2014-04-12,0.0
categorical__out_custody_2014-04-13,0.0
categorical__out_custody_2014-04-14,0.0
categorical__out_custody_2014-04-15,0.0
categorical__out_custody_2014-04-16,0.0
categorical__out_custody_2014-04-17,0.0
categorical__out_custody_2014-03-17,0.0
categorical__out_custody_2014-04-19,0.0
categorical__out_custody_2014-04-20,0.0
categorical__out_custody_2014-04-21,0.0
categorical__out_custody_2014-04-22,0.0
categorical__out_custody_2014-04-23,0.0
categorical__out_custody_2014-04-24,0.0
categorical__out_custody_2014-04-25,0.0
categorical__out_custody_2014-04-26,0.0
categorical__out_custody_2014-04-27,0.0
categorical__out_custody_2014-04-28,0.0
categorical__out_custody_2014-04-18,0.0
categorical__out_custody_2014-03-18,0.0
categorical__out_custody_2014-03-19,0.0
categorical__out_custody_2014-03-20,0.0
categorical__out_custody_2014-03-21,0.0
categorical__out_custody_2014-03-22,0.0
categorical__out_custody_2014-03-23,0.0
categorical__out_custody_2014-03-24,0.0
categorical__out_custody_2014-03-25,0.0
categorical__out_custody_2014-03-26,0.0
categorical__out_custody_2014-03-27,0.0
categorical__out_custody_2014-04-08,0.0
categorical__out_custody_2014-03-29,0.0
categorical__out_custody_2014-03-30,0.0
categorical__out_custody_2014-03-31,0.0
categorical__out_custody_2014-04-01,0.0
categorical__out_custody_2014-04-02,0.0
categorical__out_custody_2014-04-03,0.0
categorical__out_custody_2014-04-04,0.0
categorical__out_custody_2014-04-05,0.0
categorical__out_custody_2014-04-06,0.0
categorical__out_custody_2014-04-07,0.0
categorical__out_custody_2014-03-28,0.0
categorical__out_custody_2014-11-25,0.0
categorical__out_custody_2014-11-26,0.0
categorical__out_custody_2014-11-27,0.0
categorical__out_custody_2014-11-29,0.0
categorical__out_custody_2014-11-30,0.0
categorical__out_custody_2014-12-01,0.0
categorical__out_custody_2014-12-02,0.0
categorical__out_custody_2014-12-03,0.0
categorical__out_custody_2014-12-04,0.0
categorical__out_custody_2014-08-01,0.0
categorical__out_custody_2014-12-06,0.0
categorical__out_custody_2014-12-07,0.0
categorical__out_custody_2014-12-08,0.0
categorical__out_custody_2014-12-09,0.0
categorical__out_custody_2014-12-10,0.0
categorical__out_custody_2014-12-11,0.0
categorical__out_custody_2014-12-12,0.0
categorical__out_custody_2014-12-13,0.0
categorical__out_custody_2014-12-14,0.0
categorical__out_custody_2014-12-15,0.0
categorical__out_custody_2014-12-05,0.0
categorical__out_custody_2014-11-03,0.0
categorical__out_custody_2014-11-04,0.0
categorical__out_custody_2014-11-05,0.0
categorical__out_custody_2014-11-06,0.0
categorical__out_custody_2014-11-07,0.0
categorical__out_custody_2014-11-08,0.0
categorical__out_custody_2014-11-09,0.0
categorical__out_custody_2014-11-10,0.0
categorical__out_custody_2014-11-11,0.0
categorical__out_custody_2014-11-12,0.0
categorical__out_custody_2014-11-24,0.0
categorical__out_custody_2014-11-14,0.0
categorical__out_custody_2014-11-15,0.0
categorical__out_custody_2014-11-16,0.0
categorical__out_custody_2014-11-17,0.0
categorical__out_custody_2014-11-18,0.0
categorical__out_custody_2014-11-19,0.0
categorical__out_custody_2014-11-20,0.0
categorical__out_custody_2014-11-21,0.0
categorical__out_custody_2014-11-22,0.0
categorical__out_custody_2014-11-23,0.0
categorical__out_custody_2014-11-13,0.0
categorical__out_custody_2015-01-10,0.0
categorical__out_custody_2015-01-11,0.0
categorical__out_custody_2015-01-12,0.0
categorical__out_custody_2015-01-13,0.0
categorical__out_custody_2015-01-14,0.0
categorical__out_custody_2015-01-15,0.0
categorical__out_custody_2015-01-16,0.0
categorical__out_custody_2015-01-20,0.0
categorical__out_custody_2015-01-21,0.0
categorical__out_custody_2014-12-16,0.0
categorical__out_custody_2015-01-23,0.0
categorical__out_custody_2015-01-24,0.0
categorical__out_custody_2015-01-25,0.0
categorical__out_custody_2015-01-26,0.0
categorical__out_custody_2015-01-27,0.0
categorical__out_custody_2015-01-28,0.0
categorical__out_custody_2015-01-29,0.0
categorical__out_custody_2015-01-30,0.0
categorical__out_custody_2015-01-31,0.0
categorical__out_custody_2015-02-01,0.0
categorical__out_custody_2015-01-22,0.0
categorical__out_custody_2014-12-17,0.0
categorical__out_custody_2014-12-18,0.0
categorical__out_custody_2014-12-19,0.0
categorical__out_custody_2014-12-20,0.0
categorical__out_custody_2014-12-22,0.0
categorical__out_custody_2014-12-23,0.0
categorical__out_custody_2014-12-24,0.0
categorical__out_custody_2014-12-25,0.0
categorical__out_custody_2014-12-26,0.0
categorical__out_custody_2014-12-27,0.0
categorical__out_custody_2015-01-09,0.0
categorical__out_custody_2014-12-29,0.0
categorical__out_custody_2014-12-30,0.0
categorical__out_custody_2014-12-31,0.0
categorical__out_custody_2015-01-01,0.0
categorical__out_custody_2015-01-02,0.0
categorical__out_custody_2015-01-04,0.0
categorical__out_custody_2015-01-05,0.0
categorical__out_custody_2015-01-06,0.0
categorical__out_custody_2015-01-07,0.0
categorical__out_custody_2015-01-08,0.0
categorical__out_custody_2014-12-28,0.0
categorical__out_custody_2014-08-24,0.0
categorical__out_custody_2014-08-25,0.0
categorical__out_custody_2014-08-26,0.0
categorical__out_custody_2014-08-27,0.0
categorical__out_custody_2014-08-28,0.0
categorical__out_custody_2014-08-29,0.0
categorical__out_custody_2014-08-30,0.0
categorical__out_custody_2014-08-31,0.0
categorical__out_custody_2014-09-01,0.0
categorical__out_custody_2014-11-02,0.0
categorical__out_custody_2014-09-03,0.0
categorical__out_custody_2014-09-04,0.0
categorical__out_custody_2014-09-05,0.0
categorical__out_custody_2014-09-06,0.0
categorical__out_custody_2014-09-08,0.0
categorical__out_custody_2014-09-09,0.0
categorical__out_custody_2014-09-10,0.0
categorical__out_custody_2014-09-11,0.0
categorical__out_custody_2014-09-12,0.0
categorical__out_custody_2014-09-13,0.0
categorical__out_custody_2014-09-02,0.0
categorical__out_custody_2014-08-02,0.0
categorical__out_custody_2014-08-03,0.0
categorical__out_custody_2014-08-04,0.0
categorical__out_custody_2014-08-05,0.0
categorical__out_custody_2014-08-06,0.0
categorical__out_custody_2014-08-07,0.0
categorical__out_custody_2014-08-08,0.0
categorical__out_custody_2014-08-09,0.0
categorical__out_custody_2014-08-10,0.0
categorical__out_custody_2014-08-11,0.0
categorical__out_custody_2014-08-23,0.0
categorical__out_custody_2014-08-13,0.0
categorical__out_custody_2014-08-14,0.0
categorical__out_custody_2014-08-15,0.0
categorical__out_custody_2014-08-16,0.0
categorical__out_custody_2014-08-17,0.0
categorical__out_custody_2014-08-18,0.0
categorical__out_custody_2014-08-19,0.0
categorical__out_custody_2014-08-20,0.0
categorical__out_custody_2014-08-21,0.0
categorical__out_custody_2014-08-22,0.0
categorical__out_custody_2014-08-12,0.0
categorical__out_custody_2014-10-09,0.0
categorical__out_custody_2014-10-10,0.0
categorical__out_custody_2014-10-11,0.0
categorical__out_custody_2014-10-14,0.0
categorical__out_custody_2014-10-15,0.0
categorical__out_custody_2014-10-16,0.0
categorical__out_custody_2014-10-17,0.0
categorical__out_custody_2014-10-18,0.0
categorical__out_custody_2014-10-19,0.0
categorical__out_custody_2014-10-20,0.0
categorical__out_custody_2014-09-14,0.0
categorical__out_custody_2014-10-23,0.0
categorical__out_custody_2014-10-24,0.0
categorical__out_custody_2014-10-25,0.0
categorical__out_custody_2014-10-26,0.0
categorical__out_custody_2014-10-27,0.0
categorical__out_custody_2014-10-28,0.0
categorical__out_custody_2014-10-29,0.0
categorical__out_custody_2014-10-30,0.0
categorical__out_custody_2014-10-31,0.0
categorical__out_custody_2014-11-01,0.0
categorical__out_custody_2014-10-21,0.0
categorical__out_custody_2014-09-15,0.0
categorical__out_custody_2014-09-16,0.0
categorical__out_custody_2014-09-17,0.0
categorical__out_custody_2014-09-18,0.0
categorical__out_custody_2014-09-20,0.0
categorical__out_custody_2014-09-21,0.0
categorical__out_custody_2014-09-22,0.0
categorical__out_custody_2014-09-23,0.0
categorical__out_custody_2014-09-24,0.0
categorical__out_custody_2014-09-25,0.0
categorical__out_custody_2014-10-08,0.0
categorical__out_custody_2014-09-27,0.0
categorical__out_custody_2014-09-28,0.0
categorical__out_custody_2014-09-30,0.0
categorical__out_custody_2014-10-01,0.0
categorical__out_custody_2014-10-02,0.0
categorical__out_custody_2014-10-03,0.0
categorical__out_custody_2014-10-04,0.0
categorical__out_custody_2014-10-05,0.0
categorical__out_custody_2014-10-06,0.0
categorical__out_custody_2014-10-07,0.0
categorical__out_custody_2014-09-26,0.0
categorical__r_case_number_16000763MM10A,0.0
categorical__r_case_number_16000849CF10A,0.0
categorical__r_case_number_16000868CF10A,0.0
categorical__r_case_number_16000872MM10A,0.0
categorical__r_case_number_16000928CF10A,0.0
categorical__r_case_number_16000964CF10A,0.0
categorical__r_case_number_16000966MM10A,0.0
categorical__r_case_number_16001029MM10A,0.0
categorical__r_case_number_16001078CF10A,0.0
categorical__in_custody_2015-04-10,0.0
categorical__r_case_number_16001107CF10A,0.0
categorical__r_case_number_16001131MM10A,0.0
categorical__r_case_number_16001147MM40A,0.0
categorical__r_case_number_16001155TC30A,0.0
categorical__r_case_number_16001163CF10A,0.0
categorical__r_case_number_16001203MM10A,0.0
categorical__r_case_number_16001232MM10A,0.0
categorical__r_case_number_16001401MM10A,0.0
categorical__r_case_number_16001434MM10A,0.0
categorical__r_case_number_16001474MM40A,0.0
categorical__r_case_number_16001092MM40A,0.0
categorical__r_case_number_16000371CF10A,0.0
categorical__r_case_number_16000380MM20A,0.0
categorical__r_case_number_16000414MM20A,0.0
categorical__r_case_number_16000422MM30A,0.0
categorical__r_case_number_16000435MM20A,0.0
categorical__r_case_number_16000439MM30A,0.0
categorical__r_case_number_16000452MM30A,0.0
categorical__r_case_number_16000454MM30A,0.0
categorical__r_case_number_16000456MM20A,0.0
categorical__r_case_number_16000476CF10A,0.0
categorical__r_case_number_16000738MM40A,0.0
categorical__r_case_number_16000510MO40A,0.0
categorical__r_case_number_16000513CF10A,0.0
categorical__r_case_number_16000514TC40A,0.0
categorical__r_case_number_16000518MM10A,0.0
categorical__r_case_number_16000579CF10A,0.0
categorical__r_case_number_16000600MM40A,0.0
categorical__r_case_number_16000621MM10A,0.0
categorical__r_case_number_16000664MM40A,0.0
categorical__r_case_number_16000672MM20A,0.0
categorical__r_case_number_16000721CF10A,0.0
categorical__r_case_number_16000495MM40A,0.0
categorical__r_case_number_16002607MM10A,0.0
categorical__r_case_number_16002633CF10A,0.0
categorical__r_case_number_16002649CF10A,0.0
categorical__r_case_number_16002666CF10A,0.0
categorical__r_case_number_16002753MM10A,0.0
categorical__r_case_number_16002794CF10A,0.0
categorical__r_case_number_16002812CF10A,0.0
categorical__r_case_number_16002866CF10A,0.0
categorical__r_case_number_16002903MM10A,0.0
categorical__r_case_number_16001500CF10A,0.0
categorical__r_case_number_16002954CF10A,0.0
categorical__r_case_number_16002972MM10A,0.0
categorical__r_case_number_16002987CF10A,0.0
categorical__r_case_number_16002990CF10A,0.0
categorical__r_case_number_16003047MM10A,0.0
categorical__r_case_number_16003160CF10A,0.0
categorical__r_case_number_16003161CF10A,0.0
categorical__r_case_number_16003246CF10A,0.0
categorical__r_case_number_16003295CF10A,0.0
categorical__r_case_number_16003411CF10A,0.0
categorical__r_case_number_16002934MM10A,0.0
categorical__r_case_number_16001506CF10A,0.0
categorical__r_case_number_16001533MM40A,0.0
categorical__r_case_number_16001548CF10A,0.0
categorical__r_case_number_16001600MM10A,0.0
categorical__r_case_number_16001632MM10A,0.0
categorical__r_case_number_16001722TC20A,0.0
categorical__r_case_number_16001733CF10A,0.0
categorical__r_case_number_16001749MM10A,0.0
categorical__r_case_number_16001768MM10A,0.0
categorical__r_case_number_16001796MM10A,0.0
categorical__r_case_number_16002555CF10A,0.0
categorical__r_case_number_16001918CF10A,0.0
categorical__r_case_number_16002005CF10A,0.0
categorical__r_case_number_16002027CF10A,0.0
categorical__r_case_number_16002121MM10A,0.0
categorical__r_case_number_16002190MM10A,0.0
categorical__r_case_number_16002278CF10A,0.0
categorical__r_case_number_16002342MM10A,0.0
categorical__r_case_number_16002390CF10A,0.0
categorical__r_case_number_16002393MM10A,0.0
categorical__r_case_number_16002539CF10A,0.0
categorical__r_case_number_16001829CF10A,0.0
categorical__r_case_number_15048877TC30A,0.0
categorical__r_case_number_15050171TC20A,0.0
categorical__r_case_number_15050387TC40A,0.0
categorical__r_case_number_15050654TC40A,0.0
categorical__r_case_number_15051590TC20A,0.0
categorical__r_case_number_15051752TC20A,0.0
categorical__r_case_number_15051974TC20A,0.0
categorical__r_case_number_15053446TC20A,0.0
categorical__r_case_number_15053448TC20A,0.0
categorical__r_case_number_16000366CF10A,0.0
categorical__r_case_number_15054006TC40A,0.0
categorical__r_case_number_15054030TC40A,0.0
categorical__r_case_number_15054085TC40A,0.0
categorical__r_case_number_15054163TC30A,0.0
categorical__r_case_number_15055059TC40A,0.0
categorical__r_case_number_15055062TC40A,0.0
categorical__r_case_number_15055080TC40A,0.0
categorical__r_case_number_15057564TC30A,0.0
categorical__r_case_number_15058119TC20A,0.0
categorical__r_case_number_15058864TC40A,0.0
categorical__r_case_number_15054002TC40A,0.0
categorical__r_case_number_15037105TC40A,0.0
categorical__r_case_number_15037250TC30A,0.0
categorical__r_case_number_15039267TC30A,0.0
categorical__r_case_number_15039961TC20A,0.0
categorical__r_case_number_15041466TC30A,0.0
categorical__r_case_number_15041727TC20A,0.0
categorical__r_case_number_15042764TC40A,0.0
categorical__r_case_number_15043364TC20A,0.0
categorical__r_case_number_15043662TC20A,0.0
categorical__r_case_number_15044118TC40A,0.0
categorical__r_case_number_15047629TC20A,0.0
categorical__r_case_number_15044627TC30A,0.0
categorical__r_case_number_15044722TC30A,0.0
categorical__r_case_number_15045440TC20A,0.0
categorical__r_case_number_15045664TC40A,0.0
categorical__r_case_number_15045856TC40A,0.0
categorical__r_case_number_15046327TC20A,0.0
categorical__r_case_number_15046685TC40A,0.0
categorical__r_case_number_15046846TC20A,0.0
categorical__r_case_number_15046966TC40A,0.0
categorical__r_case_number_15047392TC20A,0.0
categorical__r_case_number_15044138TC40A,0.0
categorical__r_case_number_15074475TC30A,0.0
categorical__r_case_number_15077871TC30A,0.0
categorical__r_case_number_15078477TC30A,0.0
categorical__r_case_number_15079662TC30A,0.0
categorical__r_case_number_16000036MM20A,0.0
categorical__r_case_number_16000039CF10A,0.0
categorical__r_case_number_16000043CF10A,0.0
categorical__r_case_number_16000063MM20A,0.0
categorical__r_case_number_16000081MM10A,0.0
categorical__r_case_number_15058990TC30A,0.0
categorical__r_case_number_16000105CF10A,0.0
categorical__r_case_number_16000111MM10A,0.0
categorical__r_case_number_16000199CF10A,0.0
categorical__r_case_number_16000229MM10A,0.0
categorical__r_case_number_16000232CF10A,0.0
categorical__r_case_number_16000237CF10A,0.0
categorical__r_case_number_16000241MM20A,0.0
categorical__r_case_number_16000253CF10A,0.0
categorical__r_case_number_16000308MM30A,0.0
categorical__r_case_number_16000310MM20A,0.0
categorical__r_case_number_16000097MM10A,0.0
categorical__r_case_number_15059734TC30A,0.0
categorical__r_case_number_15060093TC20A,0.0
categorical__r_case_number_15060273TC30A,0.0
categorical__r_case_number_15060524TC40A,0.0
categorical__r_case_number_15061018TC20A,0.0
categorical__r_case_number_15061875TC30A,0.0
categorical__r_case_number_15062352TC20A,0.0
categorical__r_case_number_15062660TC20A,0.0
categorical__r_case_number_15063407TC40A,0.0
categorical__r_case_number_15063411TC40A,0.0
categorical__r_case_number_15072982TC40A,0.0
categorical__r_case_number_15064282TC40A,0.0
categorical__r_case_number_15064458TC40A,0.0
categorical__r_case_number_15065035TC30A,0.0
categorical__r_case_number_15065210TC40A,0.0
categorical__r_case_number_15066701TC30A,0.0
categorical__r_case_number_15066900TC40A,0.0
categorical__r_case_number_15068530TC40A,0.0
categorical__r_case_number_15069008TC40A,0.0
categorical__r_case_number_15069017TC40A,0.0
categorical__r_case_number_15071497TC40A,0.0
categorical__r_case_number_15063804TC20A,0.0
categorical__in_custody_2013-02-11,0.0
categorical__in_custody_2013-02-12,0.0
categorical__in_custody_2013-02-13,0.0
categorical__in_custody_2013-02-14,0.0
categorical__in_custody_2013-02-15,0.0
categorical__in_custody_2013-02-16,0.0
categorical__in_custody_2013-02-17,0.0
categorical__in_custody_2013-02-18,0.0
categorical__in_custody_2013-02-19,0.0
categorical__r_case_number_16003477CF10A,0.0
categorical__in_custody_2013-02-21,0.0
categorical__in_custody_2013-02-22,0.0
categorical__in_custody_2013-02-23,0.0
categorical__in_custody_2013-02-24,0.0
categorical__in_custody_2013-02-25,0.0
categorical__in_custody_2013-02-26,0.0
categorical__in_custody_2013-02-27,0.0
categorical__in_custody_2013-02-28,0.0
categorical__in_custody_2013-03-01,0.0
categorical__in_custody_2013-03-02,0.0
categorical__in_custody_2013-02-20,0.0
categorical__in_custody_2013-01-20,0.0
categorical__in_custody_2013-01-21,0.0
categorical__in_custody_2013-01-22,0.0
categorical__in_custody_2013-01-23,0.0
categorical__in_custody_2013-01-24,0.0
categorical__in_custody_2013-01-25,0.0
categorical__in_custody_2013-01-26,0.0
categorical__in_custody_2013-01-27,0.0
categorical__in_custody_2013-01-28,0.0
categorical__in_custody_2013-01-29,0.0
categorical__in_custody_2013-02-10,0.0
categorical__in_custody_2013-01-31,0.0
categorical__in_custody_2013-02-01,0.0
categorical__in_custody_2013-02-02,0.0
categorical__in_custody_2013-02-03,0.0
categorical__in_custody_2013-02-04,0.0
categorical__in_custody_2013-02-05,0.0
categorical__in_custody_2013-02-06,0.0
categorical__in_custody_2013-02-07,0.0
categorical__in_custody_2013-02-08,0.0
categorical__in_custody_2013-02-09,0.0
categorical__in_custody_2013-01-30,0.0
categorical__in_custody_2013-03-26,0.0
categorical__in_custody_2013-03-27,0.0
categorical__in_custody_2013-03-28,0.0
categorical__in_custody_2013-03-29,0.0
categorical__in_custody_2013-03-30,0.0
categorical__in_custody_2013-03-31,0.0
categorical__in_custody_2013-04-01,0.0
categorical__in_custody_2013-04-02,0.0
categorical__in_custody_2013-04-03,0.0
categorical__in_custody_2013-03-03,0.0
categorical__in_custody_2013-04-05,0.0
categorical__in_custody_2013-04-06,0.0
categorical__in_custody_2013-04-07,0.0
categorical__in_custody_2013-04-08,0.0
categorical__in_custody_2013-04-09,0.0
categorical__in_custody_2013-04-10,0.0
categorical__in_custody_2013-04-11,0.0
categorical__in_custody_2013-04-12,0.0
categorical__in_custody_2013-04-13,0.0
categorical__in_custody_2013-04-14,0.0
categorical__in_custody_2013-04-04,0.0
categorical__in_custody_2013-03-04,0.0
categorical__in_custody_2013-03-05,0.0
categorical__in_custody_2013-03-06,0.0
categorical__in_custody_2013-03-07,0.0
categorical__in_custody_2013-03-08,0.0
categorical__in_custody_2013-03-09,0.0
categorical__in_custody_2013-03-10,0.0
categorical__in_custody_2013-03-11,0.0
categorical__in_custody_2013-03-12,0.0
categorical__in_custody_2013-03-13,0.0
categorical__in_custody_2013-03-25,0.0
categorical__in_custody_2013-03-15,0.0
categorical__in_custody_2013-03-16,0.0
categorical__in_custody_2013-03-17,0.0
categorical__in_custody_2013-03-18,0.0
categorical__in_custody_2013-03-19,0.0
categorical__in_custody_2013-03-20,0.0
categorical__in_custody_2013-03-21,0.0
categorical__in_custody_2013-03-22,0.0
categorical__in_custody_2013-03-23,0.0
categorical__in_custody_2013-03-24,0.0
categorical__in_custody_2013-03-14,0.0
categorical__r_case_number_16009411TC20A,0.0
categorical__r_case_number_16009914TC20A,0.0
categorical__r_case_number_16010201TC30A,0.0
categorical__r_case_number_16010377TC40A,0.0
categorical__r_case_number_16011434TC30A,0.0
categorical__r_case_number_16011876TC30A,0.0
categorical__r_case_number_16011885TC20A,0.0
categorical__r_case_number_16011963TC40A,0.0
categorical__r_case_number_16013758TC30A,0.0
categorical__in_custody_2013-01-19,0.0
categorical__r_case_number_16014602TC30A,0.0
categorical__in_custody_1995-07-20,0.0
categorical__in_custody_1996-10-17,0.0
categorical__in_custody_1997-07-17,0.0
categorical__in_custody_1998-12-01,0.0
categorical__in_custody_1999-07-13,0.0
categorical__in_custody_1999-12-03,0.0
categorical__in_custody_2001-02-14,0.0
categorical__in_custody_2001-07-10,0.0
categorical__in_custody_2003-05-16,0.0
categorical__r_case_number_16014195TC30A,0.0
categorical__r_case_number_16003534TC20A,0.0
categorical__r_case_number_16003711TC20A,0.0
categorical__r_case_number_16003775CF10A,0.0
categorical__r_case_number_16004526TC40A,0.0
categorical__r_case_number_16004749TC30A,0.0
categorical__r_case_number_16004917MU10A,0.0
categorical__r_case_number_16004922TC10A,0.0
categorical__r_case_number_16004931MU10A,0.0
categorical__r_case_number_16005024TC20A,0.0
categorical__r_case_number_16005063TC20A,0.0
categorical__r_case_number_16008420TC40A,0.0
categorical__r_case_number_16005604TC40A,0.0
categorical__r_case_number_16005668TC40A,0.0
categorical__r_case_number_16005747TC30A,0.0
categorical__r_case_number_16006319TC10A,0.0
categorical__r_case_number_16006702TC10A,0.0
categorical__r_case_number_16006860MU10A,0.0
categorical__r_case_number_16007232TC10A,0.0
categorical__r_case_number_16007279TC20A,0.0
categorical__r_case_number_16007599MU10A,0.0
categorical__r_case_number_16008296TC20A,0.0
categorical__r_case_number_16005104TC20A,0.0
categorical__in_custody_2010-06-22,0.0
categorical__in_custody_2012-06-27,0.0
categorical__in_custody_2013-01-01,0.0
categorical__in_custody_2013-01-02,0.0
categorical__in_custody_2013-01-03,0.0
categorical__in_custody_2013-01-04,0.0
categorical__in_custody_2013-01-05,0.0
categorical__in_custody_2013-01-06,0.0
categorical__in_custody_2013-01-07,0.0
categorical__in_custody_2003-06-24,0.0
categorical__in_custody_2013-01-09,0.0
categorical__in_custody_2013-01-10,0.0
categorical__in_custody_2013-01-11,0.0
categorical__in_custody_2013-01-12,0.0
categorical__in_custody_2013-01-13,0.0
categorical__in_custody_2013-01-14,0.0
categorical__in_custody_2013-01-15,0.0
categorical__in_custody_2013-01-16,0.0
categorical__in_custody_2013-01-17,0.0
categorical__in_custody_2013-01-18,0.0
categorical__in_custody_2013-01-08,0.0
categorical__in_custody_2003-08-28,0.0
categorical__in_custody_2004-06-17,0.0
categorical__in_custody_2005-01-04,0.0
categorical__in_custody_2005-01-18,0.0
categorical__in_custody_2005-12-08,0.0
categorical__in_custody_2006-03-23,0.0
categorical__in_custody_2006-04-19,0.0
categorical__in_custody_2006-07-11,0.0
categorical__in_custody_2006-11-20,0.0
categorical__in_custody_2007-03-02,0.0
categorical__in_custody_2009-11-17,0.0
categorical__in_custody_2007-07-31,0.0
categorical__in_custody_2007-10-18,0.0
categorical__in_custody_2007-11-21,0.0
categorical__in_custody_2008-03-06,0.0
categorical__in_custody_2008-08-21,0.0
categorical__in_custody_2009-01-22,0.0
categorical__in_custody_2009-03-17,0.0
categorical__in_custody_2009-06-25,0.0
categorical__in_custody_2009-09-08,0.0
categorical__in_custody_2009-10-08,0.0
categorical__in_custody_2007-07-26,0.0
categorical__r_case_number_15010280CF10A,0.0
categorical__r_case_number_15010282CF10A,0.0
categorical__r_case_number_15010370CF10A,0.0
categorical__r_case_number_15010373MM10A,0.0
categorical__r_case_number_15010429CF10A,0.0
categorical__r_case_number_15010440MM10A,0.0
categorical__r_case_number_15010450CF10A,0.0
categorical__r_case_number_15010476MM10A,0.0
categorical__r_case_number_15010489TC10A,0.0
categorical__r_case_number_15035733TC40A,0.0
categorical__r_case_number_15010537CF10A,0.0
categorical__r_case_number_15010566CF10A,0.0
categorical__r_case_number_15010602MM10A,0.0
categorical__r_case_number_15010628CF10A,0.0
categorical__r_case_number_15010666MM10A,0.0
categorical__r_case_number_15010680TC10A,0.0
categorical__r_case_number_15010758CF10A,0.0
categorical__r_case_number_15010812MM10A,0.0
categorical__r_case_number_15010813MM10A,0.0
categorical__r_case_number_15010833MM10A,0.0
categorical__r_case_number_15010523CF10A,0.0
categorical__r_case_number_15009669TC10A,0.0
categorical__r_case_number_15009704CF10A,0.0
categorical__r_case_number_15009770CF10A,0.0
categorical__r_case_number_15009777CF10A,0.0
categorical__r_case_number_15009786MM10A,0.0
categorical__r_case_number_15009798MM10A,0.0
categorical__r_case_number_15009813TC40A,0.0
categorical__r_case_number_15009950CF10A,0.0
categorical__r_case_number_15009970CF10A,0.0
categorical__r_case_number_15009981CF10A,0.0
categorical__r_case_number_15010277CF10A,0.0
categorical__r_case_number_15010005MM10A,0.0
categorical__r_case_number_15010015MO10A,0.0
categorical__r_case_number_15010075MM10A,0.0
categorical__r_case_number_15010081CF10A,0.0
categorical__r_case_number_15010198MM10A,0.0
categorical__r_case_number_15010213MM10A,0.0
categorical__r_case_number_15010213TC40A,0.0
categorical__r_case_number_15010224TC10A,0.0
categorical__r_case_number_15010270TC40A,0.0
categorical__r_case_number_15010272CF10A,0.0
categorical__r_case_number_15010001MM10A,0.0
categorical__r_case_number_15011567MM10A,0.0
categorical__r_case_number_15011579TC10A,0.0
categorical__r_case_number_15011585MM10A,0.0
categorical__r_case_number_15011605MM10A,0.0
categorical__r_case_number_15011646CF10A,0.0
categorical__r_case_number_15011650CF10A,0.0
categorical__r_case_number_15011680MM10A,0.0
categorical__r_case_number_15011697CF10A,0.0
categorical__r_case_number_15011699MM10A,0.0
categorical__r_case_number_15010857MM10A,0.0
categorical__r_case_number_15011722MM10A,0.0
categorical__r_case_number_15011743CF10A,0.0
categorical__r_case_number_15011750MM10A,0.0
categorical__r_case_number_15011779TC30A,0.0
categorical__r_case_number_15011787MM10A,0.0
categorical__r_case_number_15011796MM10A,0.0
categorical__r_case_number_15011874CF10A,0.0
categorical__r_case_number_15011884CF10A,0.0
categorical__r_case_number_15011896MM10A,0.0
categorical__r_case_number_15011956CF10A,0.0
categorical__r_case_number_15011706MM10A,0.0
categorical__r_case_number_15010874CF10A,0.0
categorical__r_case_number_15010914CF10A,0.0
categorical__r_case_number_15010916CF10A,0.0
categorical__r_case_number_15011037CF10A,0.0
categorical__r_case_number_15011047MO10A,0.0
categorical__r_case_number_15011063CF10A,0.0
categorical__r_case_number_15011067CF10A,0.0
categorical__r_case_number_15011102CF10A,0.0
categorical__r_case_number_15011112CF10A,0.0
categorical__r_case_number_15011136CF10A,0.0
categorical__r_case_number_15011493CF10A,0.0
categorical__r_case_number_15011153MO10A,0.0
categorical__r_case_number_15011161CF10A,0.0
categorical__r_case_number_15011227CF10A,0.0
categorical__r_case_number_15011282MM10A,0.0
categorical__r_case_number_15011289CF10A,0.0
categorical__r_case_number_15011327CF10A,0.0
categorical__r_case_number_15011421MM10A,0.0
categorical__r_case_number_15011432CF10A,0.0
categorical__r_case_number_15011459CF10A,0.0
categorical__r_case_number_15011459TC10A,0.0
categorical__r_case_number_15011141MM10A,0.0
categorical__r_case_number_15007789CF10A,0.0
categorical__r_case_number_15007913CF10A,0.0
categorical__r_case_number_15007938MM10A,0.0
categorical__r_case_number_15007955MM10A,0.0
categorical__r_case_number_15007997CF10A,0.0
categorical__r_case_number_15008001MM10A,0.0
categorical__r_case_number_15008069CF10A,0.0
categorical__r_case_number_15008143CF10A,0.0
categorical__r_case_number_15008152MM10A,0.0
categorical__r_case_number_15009652CF10A,0.0
categorical__r_case_number_15008167CF10A,0.0
categorical__r_case_number_15008183MM10A,0.0
categorical__r_case_number_15008207CF10A,0.0
categorical__r_case_number_15008216CF10A,0.0
categorical__r_case_number_15008251CF10A,0.0
categorical__r_case_number_15008288MM10A,0.0
categorical__r_case_number_15008291CF10A,0.0
categorical__r_case_number_15008310MM10A,0.0
categorical__r_case_number_15008312CF10A,0.0
categorical__r_case_number_15008317CF10A,0.0
categorical__r_case_number_15008160TC10A,0.0
categorical__r_case_number_15007263MM10A,0.0
categorical__r_case_number_15007279CF10A,0.0
categorical__r_case_number_15007280CF10A,0.0
categorical__r_case_number_15007291MM10A,0.0
categorical__r_case_number_15007307CF10A,0.0
categorical__r_case_number_15007329CF10A,0.0
categorical__r_case_number_15007339MM10A,0.0
categorical__r_case_number_15007366CF10A,0.0
categorical__r_case_number_15007369MM10A,0.0
categorical__r_case_number_15007477CF10A,0.0
categorical__r_case_number_15007708CF10A,0.0
categorical__r_case_number_15007479MM10A,0.0
categorical__r_case_number_15007517TC20A,0.0
categorical__r_case_number_15007528CF10A,0.0
categorical__r_case_number_15007529MM10A,0.0
categorical__r_case_number_15007532CF10A,0.0
categorical__r_case_number_15007539CF10A,0.0
categorical__r_case_number_15007571TC20A,0.0
categorical__r_case_number_15007638CF10A,0.0
categorical__r_case_number_15007671MM10A,0.0
categorical__r_case_number_15007695MM10A,0.0
categorical__r_case_number_15007478MM10A,0.0
categorical__r_case_number_15008959CF10A,0.0
categorical__r_case_number_15008975MM10A,0.0
categorical__r_case_number_15008987MM10A,0.0
categorical__r_case_number_15009071CF10A,0.0
categorical__r_case_number_15009093MM10A,0.0
categorical__r_case_number_15009130CF10A,0.0
categorical__r_case_number_15009241CF10A,0.0
categorical__r_case_number_15009255CF10A,0.0
categorical__r_case_number_15009260MM10A,0.0
categorical__r_case_number_15008348CF10A,0.0
categorical__r_case_number_15009348CF10A,0.0
categorical__r_case_number_15009389MM10A,0.0
categorical__r_case_number_15009396CF10A,0.0
categorical__r_case_number_15009423CF10A,0.0
categorical__r_case_number_15009499MM10A,0.0
categorical__r_case_number_15009531MM10A,0.0
categorical__r_case_number_15009562CF10A,0.0
categorical__r_case_number_15009586MM10A,0.0
categorical__r_case_number_15009615CF10A,0.0
categorical__r_case_number_15009631MM10A,0.0
categorical__r_case_number_15009310CF10A,0.0
categorical__r_case_number_15008361CF10A,0.0
categorical__r_case_number_15008412MM10A,0.0
categorical__r_case_number_15008433MM10A,0.0
categorical__r_case_number_15008449CF10A,0.0
categorical__r_case_number_15008475CF10A,0.0
categorical__c_case_number_14015392CF10A,0.0
categorical__r_case_number_15008490CF10A,0.0
categorical__r_case_number_15008531MM10A,0.0
categorical__r_case_number_15008536MM10A,0.0
categorical__r_case_number_15008550TC20A,0.0
categorical__r_case_number_15008923CF10A,0.0
categorical__r_case_number_15008613CF10A,0.0
categorical__r_case_number_15008624TC20A,0.0
categorical__r_case_number_15008627MM10A,0.0
categorical__r_case_number_15008628MM10A,0.0
categorical__r_case_number_15008634CF10A,0.0
categorical__r_case_number_15008696MM10A,0.0
categorical__r_case_number_15008702MM10A,0.0
categorical__r_case_number_15008729MM10A,0.0
categorical__r_case_number_15008748MM10A,0.0
categorical__r_case_number_15008869MM10A,0.0
categorical__r_case_number_15008602CF10A,0.0
categorical__r_case_number_15018227TC20A,0.0
categorical__r_case_number_15018235TC40A,0.0
categorical__r_case_number_15018252TC30A,0.0
categorical__r_case_number_15018405TC40A,0.0
categorical__r_case_number_15018514TC20A,0.0
categorical__r_case_number_15018563TC30A,0.0
categorical__r_case_number_15018619TC10A,0.0
categorical__r_case_number_15018695TC20A,0.0
categorical__r_case_number_15019182TC10A,0.0
categorical__r_case_number_15011988TC40A,0.0
categorical__r_case_number_15019403TC10A,0.0
categorical__r_case_number_15019749TC10A,0.0
categorical__r_case_number_15019908TC30A,0.0
categorical__r_case_number_15020354TC40A,0.0
categorical__r_case_number_15020742TC30A,0.0
categorical__r_case_number_15020844TC20A,0.0
categorical__r_case_number_15021006TC20A,0.0
categorical__r_case_number_15021096TC10A,0.0
categorical__r_case_number_15021106MU10A,0.0
categorical__r_case_number_15021726MU10A,0.0
categorical__r_case_number_15019383TC20A,0.0
categorical__r_case_number_15016220TC20A,0.0
categorical__r_case_number_15016236CF10A,0.0
categorical__r_case_number_15016272TC10A,0.0
categorical__r_case_number_15016308CF10A,0.0
categorical__r_case_number_15016326CF10A,0.0
categorical__r_case_number_15016451CF10A,0.0
categorical__r_case_number_15016457CF10A,0.0
categorical__r_case_number_15016546CF10A,0.0
categorical__r_case_number_15016551CF10A,0.0
categorical__r_case_number_15016556TC10A,0.0
categorical__r_case_number_15018127MU10A,0.0
categorical__r_case_number_15016642CF10A,0.0
categorical__r_case_number_15016724TC10A,0.0
categorical__r_case_number_15017033TC10A,0.0
categorical__r_case_number_15017534MU10A,0.0
categorical__r_case_number_15017647TC10A,0.0
categorical__r_case_number_15017969TC20A,0.0
categorical__r_case_number_15017999TC20A,0.0
categorical__r_case_number_15018043TC20A,0.0
categorical__r_case_number_15018078TC20A,0.0
categorical__r_case_number_15018081TC20A,0.0
categorical__r_case_number_15016610CF10A,0.0
categorical__r_case_number_15027308TC20A,0.0
categorical__r_case_number_15027314MU10A,0.0
categorical__r_case_number_15027792TC10A,0.0
categorical__r_case_number_15027829TC10A,0.0
categorical__r_case_number_15028085TC20A,0.0
categorical__r_case_number_15028481MU10A,0.0
categorical__r_case_number_15028684TC40A,0.0
categorical__r_case_number_15030357TC10A,0.0
categorical__r_case_number_15030363TC10A,0.0
categorical__r_case_number_15021938TC20A,0.0
categorical__r_case_number_15031929TC20A,0.0
categorical__r_case_number_15032004TC20A,0.0
categorical__r_case_number_15032395TC20A,0.0
categorical__r_case_number_15032494MU10A,0.0
categorical__r_case_number_15033040TC10A,0.0
categorical__r_case_number_15033203TC20A,0.0
categorical__r_case_number_15033223TC10A,0.0
categorical__r_case_number_15033285TC20A,0.0
categorical__r_case_number_15033750TC10A,0.0
categorical__r_case_number_15033947TC30A,0.0
categorical__r_case_number_15030363TC20A,0.0
categorical__r_case_number_15021981TC20A,0.0
categorical__r_case_number_15022297TC40A,0.0
categorical__r_case_number_15022411TC10A,0.0
categorical__r_case_number_15022790TC40A,0.0
categorical__r_case_number_15022866TC40A,0.0
categorical__r_case_number_15023328TC30A,0.0
categorical__r_case_number_15023345TC10A,0.0
categorical__r_case_number_15023733TC40A,0.0
categorical__r_case_number_15024620TC10A,0.0
categorical__r_case_number_15024702TC20A,0.0
categorical__r_case_number_15026796TC30A,0.0
categorical__r_case_number_15024961TC40A,0.0
categorical__r_case_number_15025255TC40A,0.0
categorical__r_case_number_15025264TC10A,0.0
categorical__r_case_number_15025409TC10A,0.0
categorical__r_case_number_15025616TC20A,0.0
categorical__r_case_number_15026068TC20A,0.0
categorical__r_case_number_15026130TC10A,0.0
categorical__r_case_number_15026145TC10A,0.0
categorical__r_case_number_15026209TC40A,0.0
categorical__r_case_number_15026648TC40A,0.0
categorical__r_case_number_15024712TC20A,0.0
categorical__r_case_number_15012566TC30A,0.0
categorical__r_case_number_15012583MM10A,0.0
categorical__r_case_number_15012629MM10A,0.0
categorical__r_case_number_15012675MM10A,0.0
categorical__r_case_number_15012779CF10A,0.0
categorical__r_case_number_15012872TC20A,0.0
categorical__r_case_number_15012910CF10A,0.0
categorical__r_case_number_15012930MM10A,0.0
categorical__r_case_number_15012936MU10A,0.0
categorical__r_case_number_15016177CF10A,0.0
categorical__r_case_number_15013031CF10A,0.0
categorical__r_case_number_15013116TC30A,0.0
categorical__r_case_number_15013117TC20A,0.0
categorical__r_case_number_15013132CF10A,0.0
categorical__r_case_number_15013147CF10A,0.0
categorical__r_case_number_15013229CF10A,0.0
categorical__r_case_number_15013246MM10A,0.0
categorical__r_case_number_15013250MM10A,0.0
categorical__r_case_number_15013273MM10A,0.0
categorical__r_case_number_15013385CF10A,0.0
categorical__r_case_number_15012961CF10A,0.0
categorical__r_case_number_15011989MM10A,0.0
categorical__r_case_number_15011994CF10A,0.0
categorical__r_case_number_15012017CF10A,0.0
categorical__r_case_number_15012033MM10A,0.0
categorical__r_case_number_15012061CF10A,0.0
categorical__r_case_number_15012080CF10A,0.0
categorical__r_case_number_15012102CF10A,0.0
categorical__r_case_number_15012162MM10A,0.0
categorical__r_case_number_15012230TC10A,0.0
categorical__r_case_number_15012234TC40A,0.0
categorical__r_case_number_15012545MM10A,0.0
categorical__r_case_number_15012266TC20A,0.0
categorical__r_case_number_15012270TC20A,0.0
categorical__r_case_number_15012294MM10A,0.0
categorical__r_case_number_15012361MM10A,0.0
categorical__r_case_number_15012386MM10A,0.0
categorical__r_case_number_15012389MM10A,0.0
categorical__r_case_number_15012390CF10A,0.0
categorical__r_case_number_15012428CF10A,0.0
categorical__r_case_number_15012428TC10A,0.0
categorical__r_case_number_15012442CF10A,0.0
categorical__r_case_number_15012253MM10A,0.0
categorical__r_case_number_15015066TC40A,0.0
categorical__r_case_number_15015069CF10A,0.0
categorical__r_case_number_15015089CF10A,0.0
categorical__r_case_number_15015168CF10A,0.0
categorical__r_case_number_15015294CF10A,0.0
categorical__r_case_number_15015357CF10A,0.0
categorical__r_case_number_15015457TC30A,0.0
categorical__r_case_number_15015569CF10A,0.0
categorical__r_case_number_15015591TC20A,0.0
categorical__r_case_number_15013443MM10A,0.0
categorical__r_case_number_15015747CF10A,0.0
categorical__r_case_number_15015844TC40A,0.0
categorical__r_case_number_15015854CF10A,0.0
categorical__r_case_number_15015948CF10A,0.0
categorical__r_case_number_15015982CF10A,0.0
categorical__r_case_number_15015990CF10A,0.0
categorical__r_case_number_15016053CF10A,0.0
categorical__r_case_number_15016070CF10A,0.0
categorical__r_case_number_15016078CF10A,0.0
categorical__r_case_number_15016086CF10A,0.0
categorical__r_case_number_15015704CF10A,0.0
categorical__r_case_number_15013500CF10A,0.0
categorical__r_case_number_15013562CF10A,0.0
categorical__r_case_number_15013690CF10A,0.0
categorical__r_case_number_15013710CF10A,0.0
categorical__r_case_number_15013743TC40A,0.0
categorical__r_case_number_15013928CF10A,0.0
categorical__r_case_number_15013975CF10A,0.0
categorical__r_case_number_15013992CF10A,0.0
categorical__r_case_number_15013996TC30A,0.0
categorical__r_case_number_15014197TC30A,0.0
categorical__r_case_number_15015043MU10A,0.0
categorical__r_case_number_15014332CF10A,0.0
categorical__r_case_number_15014350TC30A,0.0
categorical__r_case_number_15014354CF10A,0.0
categorical__r_case_number_15014449TC30A,0.0
categorical__r_case_number_15014494CF10A,0.0
categorical__r_case_number_15014607CF10A,0.0
categorical__r_case_number_15014792CF10A,0.0
categorical__r_case_number_15014872CF10A,0.0
categorical__r_case_number_15015010CF10A,0.0
categorical__r_case_number_15015032CF10A,0.0
categorical__r_case_number_15014318CF10A,0.0
categorical__in_custody_2014-07-28,0.0
categorical__in_custody_2014-07-29,0.0
categorical__in_custody_2014-07-30,0.0
categorical__in_custody_2014-07-31,0.0
categorical__in_custody_2014-08-01,0.0
categorical__in_custody_2014-08-02,0.0
categorical__in_custody_2014-08-04,0.0
categorical__in_custody_2014-08-05,0.0
categorical__in_custody_2014-08-06,0.0
categorical__in_custody_2013-04-15,0.0
categorical__in_custody_2014-08-08,0.0
categorical__in_custody_2014-08-09,0.0
categorical__in_custody_2014-08-11,0.0
categorical__in_custody_2014-08-12,0.0
categorical__in_custody_2014-08-13,0.0
categorical__in_custody_2014-08-14,0.0
categorical__in_custody_2014-08-15,0.0
categorical__in_custody_2014-08-16,0.0
categorical__in_custody_2014-08-18,0.0
categorical__in_custody_2014-08-19,0.0
categorical__in_custody_2014-08-07,0.0
categorical__in_custody_2014-07-05,0.0
categorical__in_custody_2014-07-06,0.0
categorical__in_custody_2014-07-07,0.0
categorical__in_custody_2014-07-08,0.0
categorical__in_custody_2014-07-09,0.0
categorical__in_custody_2014-07-10,0.0
categorical__in_custody_2014-07-11,0.0
categorical__in_custody_2014-07-12,0.0
categorical__in_custody_2014-07-13,0.0
categorical__in_custody_2014-07-14,0.0
categorical__in_custody_2014-07-26,0.0
categorical__in_custody_2014-07-16,0.0
categorical__in_custody_2014-07-17,0.0
categorical__in_custody_2014-07-18,0.0
categorical__in_custody_2014-07-19,0.0
categorical__in_custody_2014-07-20,0.0
categorical__in_custody_2014-07-21,0.0
categorical__in_custody_2014-07-22,0.0
categorical__in_custody_2014-07-23,0.0
categorical__in_custody_2014-07-24,0.0
categorical__in_custody_2014-07-25,0.0
categorical__in_custody_2014-07-15,0.0
categorical__in_custody_2014-09-13,0.0
categorical__in_custody_2014-09-14,0.0
categorical__in_custody_2014-09-15,0.0
categorical__in_custody_2014-09-17,0.0
categorical__in_custody_2014-09-18,0.0
categorical__in_custody_2014-09-19,0.0
categorical__in_custody_2014-09-20,0.0
categorical__in_custody_2014-09-21,0.0
categorical__in_custody_2014-09-22,0.0
categorical__in_custody_2014-08-20,0.0
categorical__in_custody_2014-09-24,0.0
categorical__in_custody_2014-09-25,0.0
categorical__in_custody_2014-09-26,0.0
categorical__in_custody_2014-09-27,0.0
categorical__in_custody_2014-09-28,0.0
categorical__in_custody_2014-09-29,0.0
categorical__in_custody_2014-09-30,0.0
categorical__in_custody_2014-10-01,0.0
categorical__in_custody_2014-10-02,0.0
categorical__in_custody_2014-10-03,0.0
categorical__in_custody_2014-09-23,0.0
categorical__in_custody_2014-08-21,0.0
categorical__in_custody_2014-08-22,0.0
categorical__in_custody_2014-08-23,0.0
categorical__in_custody_2014-08-24,0.0
categorical__in_custody_2014-08-25,0.0
categorical__in_custody_2014-08-26,0.0
categorical__in_custody_2014-08-27,0.0
categorical__in_custody_2014-08-28,0.0
categorical__in_custody_2014-08-29,0.0
categorical__in_custody_2014-08-30,0.0
categorical__in_custody_2014-09-12,0.0
categorical__in_custody_2014-09-01,0.0
categorical__in_custody_2014-09-02,0.0
categorical__in_custody_2014-09-03,0.0
categorical__in_custody_2014-09-04,0.0
categorical__in_custody_2014-09-05,0.0
categorical__in_custody_2014-09-07,0.0
categorical__in_custody_2014-09-08,0.0
categorical__in_custody_2014-09-09,0.0
categorical__in_custody_2014-09-10,0.0
categorical__in_custody_2014-09-11,0.0
categorical__in_custody_2014-08-31,0.0
categorical__in_custody_2014-04-28,0.0
categorical__in_custody_2014-04-29,0.0
categorical__in_custody_2014-04-30,0.0
categorical__in_custody_2014-05-01,0.0
categorical__in_custody_2014-05-02,0.0
categorical__in_custody_2014-05-04,0.0
categorical__in_custody_2014-05-05,0.0
categorical__in_custody_2014-05-06,0.0
categorical__in_custody_2014-05-07,0.0
categorical__in_custody_2014-07-04,0.0
categorical__in_custody_2014-05-09,0.0
categorical__in_custody_2014-05-10,0.0
categorical__in_custody_2014-05-11,0.0
categorical__in_custody_2014-05-12,0.0
categorical__in_custody_2014-05-13,0.0
categorical__in_custody_2014-05-14,0.0
categorical__in_custody_2014-05-15,0.0
categorical__in_custody_2014-05-16,0.0
categorical__in_custody_2014-05-17,0.0
categorical__in_custody_2014-05-19,0.0
categorical__in_custody_2014-05-08,0.0
categorical__in_custody_2014-04-05,0.0
categorical__in_custody_2014-04-06,0.0
categorical__in_custody_2014-04-07,0.0
categorical__in_custody_2014-04-08,0.0
categorical__in_custody_2014-04-09,0.0
categorical__in_custody_2014-04-10,0.0
categorical__in_custody_2014-04-11,0.0
categorical__in_custody_2014-04-12,0.0
categorical__in_custody_2014-04-13,0.0
categorical__in_custody_2014-04-14,0.0
categorical__in_custody_2014-04-27,0.0
categorical__in_custody_2014-04-16,0.0
categorical__in_custody_2014-04-17,0.0
categorical__in_custody_2014-04-18,0.0
categorical__in_custody_2014-04-19,0.0
categorical__in_custody_2014-04-21,0.0
categorical__in_custody_2014-04-22,0.0
categorical__in_custody_2014-04-23,0.0
categorical__in_custody_2014-04-24,0.0
categorical__in_custody_2014-04-25,0.0
categorical__in_custody_2014-04-26,0.0
categorical__in_custody_2014-04-15,0.0
categorical__in_custody_2014-06-13,0.0
categorical__in_custody_2014-06-15,0.0
categorical__in_custody_2014-06-16,0.0
categorical__in_custody_2014-06-17,0.0
categorical__in_custody_2014-06-18,0.0
categorical__in_custody_2014-06-19,0.0
categorical__in_custody_2014-06-20,0.0
categorical__in_custody_2014-06-21,0.0
categorical__in_custody_2014-06-22,0.0
categorical__in_custody_2014-05-20,0.0
categorical__in_custody_2014-06-24,0.0
categorical__in_custody_2014-06-25,0.0
categorical__in_custody_2014-06-26,0.0
categorical__in_custody_2014-06-27,0.0
categorical__in_custody_2014-06-28,0.0
categorical__in_custody_2014-06-29,0.0
categorical__in_custody_2014-06-30,0.0
categorical__in_custody_2014-07-01,0.0
categorical__in_custody_2014-07-02,0.0
categorical__in_custody_2014-07-03,0.0
categorical__in_custody_2014-06-23,0.0
categorical__in_custody_2014-05-21,0.0
categorical__in_custody_2014-05-22,0.0
categorical__in_custody_2014-05-23,0.0
categorical__in_custody_2014-05-24,0.0
categorical__in_custody_2014-05-26,0.0
categorical__in_custody_2014-05-27,0.0
categorical__in_custody_2014-05-28,0.0
categorical__in_custody_2014-05-29,0.0
categorical__in_custody_2014-05-30,0.0
categorical__in_custody_2014-05-31,0.0
categorical__in_custody_2014-06-12,0.0
categorical__in_custody_2014-06-02,0.0
categorical__in_custody_2014-06-03,0.0
categorical__in_custody_2014-06-04,0.0
categorical__in_custody_2014-06-05,0.0
categorical__in_custody_2014-06-06,0.0
categorical__in_custody_2014-06-07,0.0
categorical__in_custody_2014-06-08,0.0
categorical__in_custody_2014-06-09,0.0
categorical__in_custody_2014-06-10,0.0
categorical__in_custody_2014-06-11,0.0
categorical__in_custody_2014-06-01,0.0
categorical__in_custody_2015-01-30,0.0
categorical__in_custody_2015-01-31,0.0
categorical__in_custody_2015-02-02,0.0
categorical__in_custody_2015-02-03,0.0
categorical__in_custody_2015-02-04,0.0
categorical__in_custody_2015-02-05,0.0
categorical__in_custody_2015-02-06,0.0
categorical__in_custody_2015-02-07,0.0
categorical__in_custody_2015-02-08,0.0
categorical__in_custody_2014-10-04,0.0
categorical__in_custody_2015-02-10,0.0
categorical__in_custody_2015-02-11,0.0
categorical__in_custody_2015-02-12,0.0
categorical__in_custody_2015-02-13,0.0
categorical__in_custody_2015-02-15,0.0
categorical__in_custody_2015-02-16,0.0
categorical__in_custody_2015-02-17,0.0
categorical__in_custody_2015-02-18,0.0
categorical__in_custody_2015-02-20,0.0
categorical__in_custody_2015-02-22,0.0
categorical__in_custody_2015-02-09,0.0
categorical__in_custody_2015-01-06,0.0
categorical__in_custody_2015-01-07,0.0
categorical__in_custody_2015-01-08,0.0
categorical__in_custody_2015-01-09,0.0
categorical__in_custody_2015-01-10,0.0
categorical__in_custody_2015-01-11,0.0
categorical__in_custody_2015-01-12,0.0
categorical__in_custody_2015-01-13,0.0
categorical__in_custody_2015-01-14,0.0
categorical__in_custody_2015-01-15,0.0
categorical__in_custody_2015-01-29,0.0
categorical__in_custody_2015-01-17,0.0
categorical__in_custody_2015-01-18,0.0
categorical__in_custody_2015-01-19,0.0
categorical__in_custody_2015-01-20,0.0
categorical__in_custody_2015-01-21,0.0
categorical__in_custody_2015-01-22,0.0
categorical__in_custody_2015-01-23,0.0
categorical__in_custody_2015-01-26,0.0
categorical__in_custody_2015-01-27,0.0
categorical__in_custody_2015-01-28,0.0
categorical__in_custody_2015-01-16,0.0
categorical__in_custody_2015-03-19,0.0
categorical__in_custody_2015-03-20,0.0
categorical__in_custody_2015-03-22,0.0
categorical__in_custody_2015-03-23,0.0
categorical__in_custody_2015-03-24,0.0
categorical__in_custody_2015-03-25,0.0
categorical__in_custody_2015-03-26,0.0
categorical__in_custody_2015-03-27,0.0
categorical__in_custody_2015-03-28,0.0
categorical__in_custody_2015-02-23,0.0
categorical__in_custody_2015-03-30,0.0
categorical__in_custody_2015-03-31,0.0
categorical__in_custody_2015-04-01,0.0
categorical__in_custody_2015-04-02,0.0
categorical__in_custody_2015-04-03,0.0
categorical__in_custody_2015-04-05,0.0
categorical__in_custody_2015-04-06,0.0
categorical__in_custody_2015-04-07,0.0
categorical__in_custody_2015-04-08,0.0
categorical__in_custody_2015-04-09,0.0
categorical__in_custody_2015-03-29,0.0
categorical__in_custody_2015-02-24,0.0
categorical__in_custody_2015-02-25,0.0
categorical__in_custody_2015-02-26,0.0
categorical__in_custody_2015-02-27,0.0
categorical__in_custody_2015-02-28,0.0
categorical__in_custody_2015-03-01,0.0
categorical__in_custody_2015-03-02,0.0
categorical__in_custody_2015-03-03,0.0
categorical__in_custody_2015-03-04,0.0
categorical__in_custody_2015-03-05,0.0
categorical__in_custody_2015-03-18,0.0
categorical__in_custody_2015-03-07,0.0
categorical__in_custody_2015-03-08,0.0
categorical__in_custody_2015-03-09,0.0
categorical__in_custody_2015-03-10,0.0
categorical__in_custody_2015-03-11,0.0
categorical__in_custody_2015-03-12,0.0
categorical__in_custody_2015-03-13,0.0
categorical__in_custody_2015-03-14,0.0
categorical__in_custody_2015-03-15,0.0
categorical__in_custody_2015-03-17,0.0
categorical__in_custody_2015-03-06,0.0
categorical__in_custody_2014-10-29,0.0
categorical__in_custody_2014-10-30,0.0
categorical__in_custody_2014-10-31,0.0
categorical__in_custody_2014-11-01,0.0
categorical__in_custody_2014-11-02,0.0
categorical__in_custody_2014-11-03,0.0
categorical__in_custody_2014-11-04,0.0
categorical__in_custody_2014-11-05,0.0
categorical__in_custody_2014-11-06,0.0
categorical__in_custody_2015-01-05,0.0
categorical__in_custody_2014-11-08,0.0
categorical__in_custody_2014-11-09,0.0
categorical__in_custody_2014-11-10,0.0
categorical__in_custody_2014-11-12,0.0
categorical__in_custody_2014-11-13,0.0
categorical__in_custody_2014-11-14,0.0
categorical__in_custody_2014-11-15,0.0
categorical__in_custody_2014-11-16,0.0
categorical__in_custody_2014-11-17,0.0
categorical__in_custody_2014-11-18,0.0
categorical__in_custody_2014-11-07,0.0
categorical__in_custody_2014-10-05,0.0
categorical__in_custody_2014-10-06,0.0
categorical__in_custody_2014-10-07,0.0
categorical__in_custody_2014-10-08,0.0
categorical__in_custody_2014-10-10,0.0
categorical__in_custody_2014-10-11,0.0
categorical__in_custody_2014-10-13,0.0
categorical__in_custody_2014-10-14,0.0
categorical__in_custody_2014-10-15,0.0
categorical__in_custody_2014-10-16,0.0
categorical__in_custody_2014-10-28,0.0
categorical__in_custody_2014-10-18,0.0
categorical__in_custody_2014-10-19,0.0
categorical__in_custody_2014-10-20,0.0
categorical__in_custody_2014-10-21,0.0
categorical__in_custody_2014-10-22,0.0
categorical__in_custody_2014-10-23,0.0
categorical__in_custody_2014-10-24,0.0
categorical__in_custody_2014-10-25,0.0
categorical__in_custody_2014-10-26,0.0
categorical__in_custody_2014-10-27,0.0
categorical__in_custody_2014-10-17,0.0
categorical__in_custody_2014-12-15,0.0
categorical__in_custody_2014-12-16,0.0
categorical__in_custody_2014-12-17,0.0
categorical__in_custody_2014-12-18,0.0
categorical__in_custody_2014-12-19,0.0
categorical__in_custody_2014-12-21,0.0
categorical__in_custody_2014-12-22,0.0
categorical__in_custody_2014-12-23,0.0
categorical__in_custody_2014-12-24,0.0
categorical__in_custody_2014-11-19,0.0
categorical__in_custody_2014-12-26,0.0
categorical__in_custody_2014-12-27,0.0
categorical__in_custody_2014-12-28,0.0
categorical__in_custody_2014-12-29,0.0
categorical__in_custody_2014-12-30,0.0
categorical__in_custody_2014-12-31,0.0
categorical__in_custody_2015-01-01,0.0
categorical__in_custody_2015-01-02,0.0
categorical__in_custody_2015-01-03,0.0
categorical__in_custody_2015-01-04,0.0
categorical__in_custody_2014-12-25,0.0
categorical__in_custody_2014-11-20,0.0
categorical__in_custody_2014-11-21,0.0
categorical__in_custody_2014-11-22,0.0
categorical__in_custody_2014-11-23,0.0
categorical__in_custody_2014-11-24,0.0
categorical__in_custody_2014-11-25,0.0
categorical__in_custody_2014-11-26,0.0
categorical__in_custody_2014-11-29,0.0
categorical__in_custody_2014-12-01,0.0
categorical__in_custody_2014-12-02,0.0
categorical__in_custody_2014-12-14,0.0
categorical__in_custody_2014-12-04,0.0
categorical__in_custody_2014-12-05,0.0
categorical__in_custody_2014-12-06,0.0
categorical__in_custody_2014-12-07,0.0
categorical__in_custody_2014-12-08,0.0
categorical__in_custody_2014-12-09,0.0
categorical__in_custody_2014-12-10,0.0
categorical__in_custody_2014-12-11,0.0
categorical__in_custody_2014-12-12,0.0
categorical__in_custody_2014-12-13,0.0
categorical__in_custody_2014-12-03,0.0
categorical__in_custody_2013-08-09,0.0
categorical__in_custody_2013-08-10,0.0
categorical__in_custody_2013-08-11,0.0
categorical__in_custody_2013-08-12,0.0
categorical__in_custody_2013-08-13,0.0
categorical__in_custody_2013-08-14,0.0
categorical__in_custody_2013-08-15,0.0
categorical__in_custody_2013-08-16,0.0
categorical__in_custody_2013-08-17,0.0
categorical__in_custody_2014-04-03,0.0
categorical__in_custody_2013-08-19,0.0
categorical__in_custody_2013-08-20,0.0
categorical__in_custody_2013-08-21,0.0
categorical__in_custody_2013-08-22,0.0
categorical__in_custody_2013-08-23,0.0
categorical__in_custody_2013-08-24,0.0
categorical__in_custody_2013-08-25,0.0
categorical__in_custody_2013-08-26,0.0
categorical__in_custody_2013-08-27,0.0
categorical__in_custody_2013-08-28,0.0
categorical__in_custody_2013-08-18,0.0
categorical__in_custody_2013-07-18,0.0
categorical__in_custody_2013-07-19,0.0
categorical__in_custody_2013-07-20,0.0
categorical__in_custody_2013-07-21,0.0
categorical__in_custody_2013-07-22,0.0
categorical__in_custody_2013-07-23,0.0
categorical__in_custody_2013-07-24,0.0
categorical__in_custody_2013-07-25,0.0
categorical__in_custody_2013-07-26,0.0
categorical__in_custody_2013-07-27,0.0
categorical__in_custody_2013-08-08,0.0
categorical__in_custody_2013-07-29,0.0
categorical__in_custody_2013-07-30,0.0
categorical__in_custody_2013-07-31,0.0
categorical__in_custody_2013-08-01,0.0
categorical__in_custody_2013-08-02,0.0
categorical__in_custody_2013-08-03,0.0
categorical__in_custody_2013-08-04,0.0
categorical__in_custody_2013-08-05,0.0
categorical__in_custody_2013-08-06,0.0
categorical__in_custody_2013-08-07,0.0
categorical__in_custody_2013-07-28,0.0
categorical__in_custody_2013-09-21,0.0
categorical__in_custody_2013-09-22,0.0
categorical__in_custody_2013-09-23,0.0
categorical__in_custody_2013-09-24,0.0
categorical__in_custody_2013-09-25,0.0
categorical__in_custody_2013-09-26,0.0
categorical__in_custody_2013-09-27,0.0
categorical__in_custody_2013-09-28,0.0
categorical__in_custody_2013-09-30,0.0
categorical__in_custody_2013-08-29,0.0
categorical__in_custody_2013-10-02,0.0
categorical__in_custody_2013-10-03,0.0
categorical__in_custody_2013-10-04,0.0
categorical__in_custody_2013-10-05,0.0
categorical__in_custody_2013-10-06,0.0
categorical__in_custody_2013-10-07,0.0
categorical__in_custody_2013-10-08,0.0
categorical__in_custody_2013-10-09,0.0
categorical__in_custody_2013-10-10,0.0
categorical__in_custody_2013-10-11,0.0
categorical__in_custody_2013-10-01,0.0
categorical__in_custody_2013-08-30,0.0
categorical__in_custody_2013-08-31,0.0
categorical__in_custody_2013-09-01,0.0
categorical__in_custody_2013-09-02,0.0
categorical__in_custody_2013-09-03,0.0
categorical__in_custody_2013-09-04,0.0
categorical__in_custody_2013-09-05,0.0
categorical__in_custody_2013-09-06,0.0
categorical__in_custody_2013-09-07,0.0
categorical__in_custody_2013-09-08,0.0
categorical__in_custody_2013-09-20,0.0
categorical__in_custody_2013-09-10,0.0
categorical__in_custody_2013-09-11,0.0
categorical__in_custody_2013-09-12,0.0
categorical__in_custody_2013-09-13,0.0
categorical__in_custody_2013-09-14,0.0
categorical__in_custody_2013-09-15,0.0
categorical__in_custody_2013-09-16,0.0
categorical__in_custody_2013-09-17,0.0
categorical__in_custody_2013-09-18,0.0
categorical__in_custody_2013-09-19,0.0
categorical__in_custody_2013-09-09,0.0
categorical__in_custody_2013-05-08,0.0
categorical__in_custody_2013-05-09,0.0
categorical__in_custody_2013-05-10,0.0
categorical__in_custody_2013-05-11,0.0
categorical__in_custody_2013-05-12,0.0
categorical__in_custody_2013-05-13,0.0
categorical__in_custody_2013-05-14,0.0
categorical__in_custody_2013-05-15,0.0
categorical__in_custody_2013-05-16,0.0
categorical__in_custody_2013-07-17,0.0
categorical__in_custody_2013-05-18,0.0
categorical__in_custody_2013-05-19,0.0
categorical__in_custody_2013-05-20,0.0
categorical__in_custody_2013-05-21,0.0
categorical__in_custody_2013-05-22,0.0
categorical__in_custody_2013-05-23,0.0
categorical__in_custody_2013-05-24,0.0
categorical__in_custody_2013-05-25,0.0
categorical__in_custody_2013-05-26,0.0
categorical__in_custody_2013-05-27,0.0
categorical__in_custody_2013-05-17,0.0
categorical__in_custody_2013-04-16,0.0
categorical__in_custody_2013-04-17,0.0
categorical__in_custody_2013-04-18,0.0
categorical__in_custody_2013-04-19,0.0
categorical__in_custody_2013-04-20,0.0
categorical__in_custody_2013-04-21,0.0
categorical__in_custody_2013-04-22,0.0
categorical__in_custody_2013-04-23,0.0
categorical__in_custody_2013-04-24,0.0
categorical__in_custody_2013-04-25,0.0
categorical__in_custody_2013-05-07,0.0
categorical__in_custody_2013-04-27,0.0
categorical__in_custody_2013-04-28,0.0
categorical__in_custody_2013-04-29,0.0
categorical__in_custody_2013-04-30,0.0
categorical__in_custody_2013-05-01,0.0
categorical__in_custody_2013-05-02,0.0
categorical__in_custody_2013-05-03,0.0
categorical__in_custody_2013-05-04,0.0
categorical__in_custody_2013-05-05,0.0
categorical__in_custody_2013-05-06,0.0
categorical__in_custody_2013-04-26,0.0
categorical__in_custody_2013-06-25,0.0
categorical__in_custody_2013-06-26,0.0
categorical__in_custody_2013-06-27,0.0
categorical__in_custody_2013-06-29,0.0
categorical__in_custody_2013-06-30,0.0
categorical__in_custody_2013-07-01,0.0
categorical__in_custody_2013-07-03,0.0
categorical__in_custody_2013-07-04,0.0
categorical__in_custody_2013-07-05,0.0
categorical__in_custody_2013-05-28,0.0
categorical__in_custody_2013-07-07,0.0
categorical__in_custody_2013-07-08,0.0
categorical__in_custody_2013-07-09,0.0
categorical__in_custody_2013-07-10,0.0
categorical__in_custody_2013-07-11,0.0
categorical__in_custody_2013-07-12,0.0
categorical__in_custody_2013-07-13,0.0
categorical__in_custody_2013-07-14,0.0
categorical__in_custody_2013-07-15,0.0
categorical__in_custody_2013-07-16,0.0
categorical__in_custody_2013-07-06,0.0
categorical__in_custody_2013-05-29,0.0
categorical__in_custody_2013-05-30,0.0
categorical__in_custody_2013-06-01,0.0
categorical__in_custody_2013-06-03,0.0
categorical__in_custody_2013-06-04,0.0
categorical__in_custody_2013-06-05,0.0
categorical__in_custody_2013-06-06,0.0
categorical__in_custody_2013-06-07,0.0
categorical__in_custody_2013-06-10,0.0
categorical__in_custody_2013-06-11,0.0
categorical__in_custody_2013-06-24,0.0
categorical__in_custody_2013-06-13,0.0
categorical__in_custody_2013-06-14,0.0
categorical__in_custody_2013-06-16,0.0
categorical__in_custody_2013-06-17,0.0
categorical__in_custody_2013-06-18,0.0
categorical__in_custody_2013-06-19,0.0
categorical__in_custody_2013-06-20,0.0
categorical__in_custody_2013-06-21,0.0
categorical__in_custody_2013-06-22,0.0
categorical__in_custody_2013-06-23,0.0
categorical__in_custody_2013-06-12,0.0
categorical__in_custody_2014-01-30,0.0
categorical__in_custody_2014-01-31,0.0
categorical__in_custody_2014-02-01,0.0
categorical__in_custody_2014-02-02,0.0
categorical__in_custody_2014-02-03,0.0
categorical__in_custody_2014-02-04,0.0
categorical__in_custody_2014-02-05,0.0
categorical__in_custody_2014-02-06,0.0
categorical__in_custody_2014-02-07,0.0
categorical__in_custody_2013-10-12,0.0
categorical__in_custody_2014-02-09,0.0
categorical__in_custody_2014-02-10,0.0
categorical__in_custody_2014-02-11,0.0
categorical__in_custody_2014-02-12,0.0
categorical__in_custody_2014-02-13,0.0
categorical__in_custody_2014-02-14,0.0
categorical__in_custody_2014-02-15,0.0
categorical__in_custody_2014-02-16,0.0
categorical__in_custody_2014-02-17,0.0
categorical__in_custody_2014-02-18,0.0
categorical__in_custody_2014-02-08,0.0
categorical__in_custody_2014-01-08,0.0
categorical__in_custody_2014-01-09,0.0
categorical__in_custody_2014-01-10,0.0
categorical__in_custody_2014-01-11,0.0
categorical__in_custody_2014-01-12,0.0
categorical__in_custody_2014-01-13,0.0
categorical__in_custody_2014-01-14,0.0
categorical__in_custody_2014-01-15,0.0
categorical__in_custody_2014-01-16,0.0
categorical__in_custody_2014-01-17,0.0
categorical__in_custody_2014-01-29,0.0
categorical__in_custody_2014-01-19,0.0
categorical__in_custody_2014-01-20,0.0
categorical__in_custody_2014-01-21,0.0
categorical__in_custody_2014-01-22,0.0
categorical__in_custody_2014-01-23,0.0
categorical__in_custody_2014-01-24,0.0
categorical__in_custody_2014-01-25,0.0
categorical__in_custody_2014-01-26,0.0
categorical__in_custody_2014-01-27,0.0
categorical__in_custody_2014-01-28,0.0
categorical__in_custody_2014-01-18,0.0
categorical__in_custody_2014-03-14,0.0
categorical__in_custody_2014-03-15,0.0
categorical__in_custody_2014-03-16,0.0
categorical__in_custody_2014-03-17,0.0
categorical__in_custody_2014-03-18,0.0
categorical__in_custody_2014-03-19,0.0
categorical__in_custody_2014-03-20,0.0
categorical__in_custody_2014-03-21,0.0
categorical__in_custody_2014-03-22,0.0
categorical__in_custody_2014-02-19,0.0
categorical__in_custody_2014-03-24,0.0
categorical__in_custody_2014-03-25,0.0
categorical__in_custody_2014-03-26,0.0
categorical__in_custody_2014-03-27,0.0
categorical__in_custody_2014-03-28,0.0
categorical__in_custody_2014-03-29,0.0
categorical__in_custody_2014-03-30,0.0
categorical__in_custody_2014-03-31,0.0
categorical__in_custody_2014-04-01,0.0
categorical__in_custody_2014-04-02,0.0
categorical__in_custody_2014-03-23,0.0
categorical__in_custody_2014-02-20,0.0
categorical__in_custody_2014-02-21,0.0
categorical__in_custody_2014-02-22,0.0
categorical__in_custody_2014-02-23,0.0
categorical__in_custody_2014-02-24,0.0
categorical__in_custody_2014-02-25,0.0
categorical__in_custody_2014-02-26,0.0
categorical__in_custody_2014-02-27,0.0
categorical__in_custody_2014-02-28,0.0
categorical__in_custody_2014-03-01,0.0
categorical__in_custody_2014-03-13,0.0
categorical__in_custody_2014-03-03,0.0
categorical__in_custody_2014-03-04,0.0
categorical__in_custody_2014-03-05,0.0
categorical__in_custody_2014-03-06,0.0
categorical__in_custody_2014-03-07,0.0
categorical__in_custody_2014-03-08,0.0
categorical__in_custody_2014-03-09,0.0
categorical__in_custody_2014-03-10,0.0
categorical__in_custody_2014-03-11,0.0
categorical__in_custody_2014-03-12,0.0
categorical__in_custody_2014-03-02,0.0
categorical__in_custody_2013-11-04,0.0
categorical__in_custody_2013-11-05,0.0
categorical__in_custody_2013-11-06,0.0
categorical__in_custody_2013-11-07,0.0
categorical__in_custody_2013-11-08,0.0
categorical__in_custody_2013-11-09,0.0
categorical__in_custody_2013-11-10,0.0
categorical__in_custody_2013-11-11,0.0
categorical__in_custody_2013-11-12,0.0
categorical__in_custody_2014-01-07,0.0
categorical__in_custody_2013-11-14,0.0
categorical__in_custody_2013-11-15,0.0
categorical__in_custody_2013-11-16,0.0
categorical__in_custody_2013-11-17,0.0
categorical__in_custody_2013-11-18,0.0
categorical__in_custody_2013-11-19,0.0
categorical__in_custody_2013-11-20,0.0
categorical__in_custody_2013-11-21,0.0
categorical__in_custody_2013-11-22,0.0
categorical__in_custody_2013-11-23,0.0
categorical__in_custody_2013-11-13,0.0
categorical__in_custody_2013-10-13,0.0
categorical__in_custody_2013-10-14,0.0
categorical__in_custody_2013-10-15,0.0
categorical__in_custody_2013-10-16,0.0
categorical__in_custody_2013-10-17,0.0
categorical__in_custody_2013-10-18,0.0
categorical__in_custody_2013-10-19,0.0
categorical__in_custody_2013-10-20,0.0
categorical__in_custody_2013-10-21,0.0
categorical__in_custody_2013-10-22,0.0
categorical__in_custody_2013-11-03,0.0
categorical__in_custody_2013-10-24,0.0
categorical__in_custody_2013-10-25,0.0
categorical__in_custody_2013-10-26,0.0
categorical__in_custody_2013-10-27,0.0
categorical__in_custody_2013-10-28,0.0
categorical__in_custody_2013-10-29,0.0
categorical__in_custody_2013-10-30,0.0
categorical__in_custody_2013-10-31,0.0
categorical__in_custody_2013-11-01,0.0
categorical__in_custody_2013-11-02,0.0
categorical__in_custody_2013-10-23,0.0
categorical__in_custody_2013-12-17,0.0
categorical__in_custody_2013-12-18,0.0
categorical__in_custody_2013-12-19,0.0
categorical__in_custody_2013-12-20,0.0
categorical__in_custody_2013-12-21,0.0
categorical__in_custody_2013-12-22,0.0
categorical__in_custody_2013-12-23,0.0
categorical__in_custody_2013-12-24,0.0
categorical__in_custody_2013-12-25,0.0
categorical__in_custody_2013-12-26,0.0
categorical__in_custody_2013-11-24,0.0
categorical__in_custody_2013-12-28,0.0
categorical__in_custody_2013-12-29,0.0
categorical__in_custody_2013-12-30,0.0
categorical__in_custody_2013-12-31,0.0
categorical__in_custody_2014-01-01,0.0
categorical__in_custody_2014-01-02,0.0
categorical__in_custody_2014-01-03,0.0
categorical__in_custody_2014-01-04,0.0
categorical__in_custody_2014-01-05,0.0
categorical__in_custody_2014-01-06,0.0
categorical__in_custody_2013-12-27,0.0
categorical__in_custody_2013-11-25,0.0
categorical__in_custody_2013-11-26,0.0
categorical__in_custody_2013-11-27,0.0
categorical__in_custody_2013-11-28,0.0
categorical__in_custody_2013-11-29,0.0
categorical__in_custody_2013-11-30,0.0
categorical__in_custody_2013-12-01,0.0
categorical__in_custody_2013-12-02,0.0
categorical__in_custody_2013-12-03,0.0
categorical__in_custody_2013-12-04,0.0
categorical__in_custody_2013-12-16,0.0
categorical__in_custody_2013-12-06,0.0
categorical__in_custody_2013-12-07,0.0
categorical__in_custody_2013-12-08,0.0
categorical__in_custody_2013-12-09,0.0
categorical__in_custody_2013-12-10,0.0
categorical__in_custody_2013-12-11,0.0
categorical__in_custody_2013-12-12,0.0
categorical__in_custody_2013-12-13,0.0
categorical__in_custody_2013-12-14,0.0
categorical__in_custody_2013-12-15,0.0
categorical__in_custody_2013-12-05,0.0
categorical__c_case_number_13005383CF10A,0.0
categorical__c_case_number_13005388CF10A,0.0
categorical__c_case_number_13005392CF10A,0.0
categorical__c_case_number_13005402CF10A,0.0
categorical__c_case_number_13005424MM10A,0.0
categorical__c_case_number_13005428MM10A,0.0
categorical__c_case_number_13005430CF10A,0.0
categorical__c_case_number_13005432CF10A,0.0
categorical__c_case_number_13005436MM10A,0.0
categorical__c_case_number_14015120CF10A,0.0
categorical__c_case_number_13005446CF10A,0.0
categorical__c_case_number_13005448CF10A,0.0
categorical__c_case_number_13005453CF10A,0.0
categorical__c_case_number_13005458MM10A,0.0
categorical__c_case_number_13005461CF10A,0.0
categorical__c_case_number_13005462CF10A,0.0
categorical__c_case_number_13005467CF10A,0.0
categorical__c_case_number_13005470CF10A,0.0
categorical__c_case_number_13005477MM10A,0.0
categorical__c_case_number_13005483CF10A,0.0
categorical__c_case_number_13005445CF10A,0.0
categorical__c_case_number_13005331MM10A,0.0
categorical__c_case_number_13005333CF10A,0.0
categorical__c_case_number_13005334CF10A,0.0
categorical__c_case_number_13005335MM10A,0.0
categorical__c_case_number_13005336MM10A,0.0
categorical__c_case_number_13005337CF10A,0.0
categorical__c_case_number_13005339CF10A,0.0
categorical__c_case_number_13005340MM10A,0.0
categorical__c_case_number_13005341CF10A,0.0
categorical__c_case_number_13005342MM10A,0.0
categorical__c_case_number_13005381CF10A,0.0
categorical__c_case_number_13005347CF10A,0.0
categorical__c_case_number_13005348CF10A,0.0
categorical__c_case_number_13005350CF10A,0.0
categorical__c_case_number_13005352CF10A,0.0
categorical__c_case_number_13005359CF10A,0.0
categorical__c_case_number_13005361CF10A,0.0
categorical__c_case_number_13005373CF10A,0.0
categorical__c_case_number_13005376CF10A,0.0
categorical__c_case_number_13005377CF10A,0.0
categorical__c_case_number_13005379CF10A,0.0
categorical__c_case_number_13005345CF10A,0.0
categorical__c_case_number_13005584CF10A,0.0
categorical__c_case_number_13005599CF10A,0.0
categorical__c_case_number_13005608CF10A,0.0
categorical__c_case_number_13005610CF10A,0.0
categorical__c_case_number_13005613CF10A,0.0
categorical__c_case_number_13005624CF10A,0.0
categorical__c_case_number_13005625CF10A,0.0
categorical__c_case_number_13005629CF10A,0.0
categorical__c_case_number_13005630CF10A,0.0
categorical__c_case_number_13005489MM10A,0.0
categorical__c_case_number_13005634CF10A,0.0
categorical__c_case_number_13005639CF10A,0.0
categorical__c_case_number_13005640CF10A,0.0
categorical__c_case_number_13005641CF10A,0.0
categorical__c_case_number_13005646CF10A,0.0
categorical__c_case_number_13005648CF10A,0.0
categorical__c_case_number_13005648MM10A,0.0
categorical__c_case_number_13005653CF10A,0.0
categorical__c_case_number_13005656CF10A,0.0
categorical__c_case_number_13005657MM10A,0.0
categorical__c_case_number_13005632CF10A,0.0
categorical__c_case_number_13005492CF10A,0.0
categorical__c_case_number_13005508CF10A,0.0
categorical__c_case_number_13005512CF10A,0.0
categorical__c_case_number_13005515CF10A,0.0
categorical__c_case_number_13005517CF10A,0.0
categorical__c_case_number_13005521CF10A,0.0
categorical__c_case_number_13005522CF10A,0.0
categorical__c_case_number_13005529CF10A,0.0
categorical__c_case_number_13005532CF10A,0.0
categorical__c_case_number_13005535CF10A,0.0
categorical__c_case_number_13005582CF10A,0.0
categorical__c_case_number_13005544CF10A,0.0
categorical__c_case_number_13005554CF10A,0.0
categorical__c_case_number_13005555CF10A,0.0
categorical__c_case_number_13005557CF10A,0.0
categorical__c_case_number_13005558CF10A,0.0
categorical__c_case_number_13005565CF10A,0.0
categorical__c_case_number_13005567CF10A,0.0
categorical__c_case_number_13005572CF10A,0.0
categorical__c_case_number_13005573CF10A,0.0
categorical__c_case_number_13005576MM10A,0.0
categorical__c_case_number_13005536CF10A,0.0
categorical__c_case_number_13004984CF10A,0.0
categorical__c_case_number_13004985MM10A,0.0
categorical__c_case_number_13004994CF10A,0.0
categorical__c_case_number_13004999CF10A,0.0
categorical__c_case_number_13005000CF10A,0.0
categorical__c_case_number_13005001CF10A,0.0
categorical__c_case_number_13005008CF10A,0.0
categorical__c_case_number_13005012CF10A,0.0
categorical__c_case_number_13005014CF10A,0.0
categorical__c_case_number_13005330CF10A,0.0
categorical__c_case_number_13005023CF10A,0.0
categorical__c_case_number_13005024CF10A,0.0
categorical__c_case_number_13005036CF10A,0.0
categorical__c_case_number_13005037CF10A,0.0
categorical__c_case_number_13005048CF10A,0.0
categorical__c_case_number_13005050CF10A,0.0
categorical__c_case_number_13005057CF10A,0.0
categorical__c_case_number_13005064CF10A,0.0
categorical__c_case_number_13005068CF10A,0.0
categorical__c_case_number_13005071MM10A,0.0
categorical__c_case_number_13005021CF10A,0.0
categorical__c_case_number_13004902CF10A,0.0
categorical__c_case_number_13004903CF10A,0.0
categorical__c_case_number_13004904CF10A,0.0
categorical__c_case_number_13004907CF10A,0.0
categorical__c_case_number_13004908CF10A,0.0
categorical__c_case_number_13004912CF10A,0.0
categorical__c_case_number_13004915CF10A,0.0
categorical__c_case_number_13004924MM10A,0.0
categorical__c_case_number_13004927CF10A,0.0
categorical__c_case_number_13004929CF10A,0.0
categorical__c_case_number_13004983CF10A,0.0
categorical__c_case_number_13004934MM10A,0.0
categorical__c_case_number_13004937MM10A,0.0
categorical__c_case_number_13004946MM10A,0.0
categorical__c_case_number_13004955CF10A,0.0
categorical__c_case_number_13004960CF10A,0.0
categorical__c_case_number_13004962CF10A,0.0
categorical__c_case_number_13004966CF10A,0.0
categorical__c_case_number_13004967CF10A,0.0
categorical__c_case_number_13004969CF10A,0.0
categorical__c_case_number_13004982CF10A,0.0
categorical__c_case_number_13004932CF10A,0.0
categorical__c_case_number_13005218MM10A,0.0
categorical__c_case_number_13005225MM10A,0.0
categorical__c_case_number_13005227MM10A,0.0
categorical__c_case_number_13005234MM10A,0.0
categorical__c_case_number_13005235CF10A,0.0
categorical__c_case_number_13005238CF10A,0.0
categorical__c_case_number_13005239CF10A,0.0
categorical__c_case_number_13005239MM10A,0.0
categorical__c_case_number_13005240CF10A,0.0
categorical__c_case_number_13005241CF10A,0.0
categorical__c_case_number_13005072CF10A,0.0
categorical__c_case_number_13005255CF10A,0.0
categorical__c_case_number_13005256CF10A,0.0
categorical__c_case_number_13005289MM10A,0.0
categorical__c_case_number_13005290CF10A,0.0
categorical__c_case_number_13005291CF10A,0.0
categorical__c_case_number_13005303CF10A,0.0
categorical__c_case_number_13005307CF10A,0.0
categorical__c_case_number_13005313CF10A,0.0
categorical__c_case_number_13005316CF10A,0.0
categorical__c_case_number_13005322CF10A,0.0
categorical__c_case_number_13005246CF10A,0.0
categorical__c_case_number_13005080CF10A,0.0
categorical__c_case_number_13005088MM10A,0.0
categorical__c_case_number_13005094CF10A,0.0
categorical__c_case_number_13005098CF10A,0.0
categorical__c_case_number_13005100CF10A,0.0
categorical__c_case_number_13005106CF10A,0.0
categorical__c_case_number_13005110CF10A,0.0
categorical__c_case_number_13005132CF10A,0.0
categorical__c_case_number_13005134CF10A,0.0
categorical__c_case_number_13005144CF10A,0.0
categorical__c_case_number_13005196CF10A,0.0
categorical__c_case_number_13005168CF10A,0.0
categorical__c_case_number_13005170MM10A,0.0
categorical__c_case_number_13005174CF10A,0.0
categorical__c_case_number_13005176CF10A,0.0
categorical__c_case_number_13005181MM10A,0.0
categorical__c_case_number_13005186MM10A,0.0
categorical__c_case_number_13005188MM10A,0.0
categorical__c_case_number_13005190CF10A,0.0
categorical__c_case_number_13005191CF10A,0.0
categorical__c_case_number_13005195CF10A,0.0
categorical__c_case_number_13005160MM10A,0.0
categorical__c_case_number_13006097CF10A,0.0
categorical__c_case_number_13006099CF10A,0.0
categorical__c_case_number_13006108CF10A,0.0
categorical__c_case_number_13006109CF10A,0.0
categorical__c_case_number_13006110CF10A,0.0
categorical__c_case_number_13006119CF10A,0.0
categorical__c_case_number_13006123CF10A,0.0
categorical__c_case_number_13006125CF10A,0.0
categorical__c_case_number_13006130CF10A,0.0
categorical__c_case_number_13005659MM10A,0.0
categorical__c_case_number_13006131CF10A,0.0
categorical__c_case_number_13006131MM10A,0.0
categorical__c_case_number_13006133MM10A,0.0
categorical__c_case_number_13006135CF10A,0.0
categorical__c_case_number_13006137CF10A,0.0
categorical__c_case_number_13006142TC10A,0.0
categorical__c_case_number_13006149CF10A,0.0
categorical__c_case_number_13006154MM10A,0.0
categorical__c_case_number_13006177MM10A,0.0
categorical__c_case_number_13006182CF10A,0.0
categorical__c_case_number_13006130MM10A,0.0
categorical__c_case_number_13005992MM10A,0.0
categorical__c_case_number_13005996CF10A,0.0
categorical__c_case_number_13005996MM10A,0.0
categorical__c_case_number_13006001CF10A,0.0
categorical__c_case_number_13006003MM10A,0.0
categorical__c_case_number_13006008CF10A,0.0
categorical__c_case_number_13006012CF10A,0.0
categorical__c_case_number_13006023CF10A,0.0
categorical__c_case_number_13006034CF10A,0.0
categorical__c_case_number_13006036CF10A,0.0
categorical__c_case_number_13006091MM10A,0.0
categorical__c_case_number_13006045CF10A,0.0
categorical__c_case_number_13006054CF10A,0.0
categorical__c_case_number_13006056CF10A,0.0
categorical__c_case_number_13006061CF10A,0.0
categorical__c_case_number_13006067CF10A,0.0
categorical__c_case_number_13006071CF10A,0.0
categorical__c_case_number_13006073MM10A,0.0
categorical__c_case_number_13006075CF10A,0.0
categorical__c_case_number_13006076MM10A,0.0
categorical__c_case_number_13006085MO10A,0.0
categorical__c_case_number_13006044CF10A,0.0
categorical__c_case_number_13006298CF10A,0.0
categorical__c_case_number_13006300CF10A,0.0
categorical__c_case_number_13006304CF10A,0.0
categorical__c_case_number_13006309CF10A,0.0
categorical__c_case_number_13006321CF10A,0.0
categorical__c_case_number_13006327CF10A,0.0
categorical__c_case_number_13006329CF10A,0.0
categorical__c_case_number_13006345CF10A,0.0
categorical__c_case_number_13006347CF10A,0.0
categorical__c_case_number_13006350CF10A,0.0
categorical__c_case_number_13006182MM10A,0.0
categorical__c_case_number_13006353MM10A,0.0
categorical__c_case_number_13006354MM10A,0.0
categorical__c_case_number_13006358MM10A,0.0
categorical__c_case_number_13006365MM10A,0.0
categorical__c_case_number_13006367MM10A,0.0
categorical__c_case_number_13006371CF10A,0.0
categorical__c_case_number_13006396CF10A,0.0
categorical__c_case_number_13006397CF10A,0.0
categorical__c_case_number_13006404CF10A,0.0
categorical__c_case_number_13006406CF10A,0.0
categorical__c_case_number_13006352CF10A,0.0
categorical__c_case_number_13006185CF10A,0.0
categorical__c_case_number_13006185MM10A,0.0
categorical__c_case_number_13006198MM10A,0.0
categorical__c_case_number_13006207CF10A,0.0
categorical__c_case_number_13006213CF10A,0.0
categorical__c_case_number_13006216CF10A,0.0
categorical__c_case_number_13006217CF10A,0.0
categorical__c_case_number_13006240CF10A,0.0
categorical__c_case_number_13006242CF10A,0.0
categorical__c_case_number_13006244CF10A,0.0
categorical__c_case_number_13006284CF10A,0.0
categorical__c_case_number_13006247MM10A,0.0
categorical__c_case_number_13006250CF10A,0.0
categorical__c_case_number_13006252MM10A,0.0
categorical__c_case_number_13006254CF10A,0.0
categorical__c_case_number_13006255CF10A,0.0
categorical__c_case_number_13006256MM10A,0.0
categorical__c_case_number_13006259CF10A,0.0
categorical__c_case_number_13006260CF10A,0.0
categorical__c_case_number_13006265CF10A,0.0
categorical__c_case_number_13006266CF10A,0.0
categorical__c_case_number_13006246CF10A,0.0
categorical__c_case_number_13005734CF10A,0.0
categorical__c_case_number_13005735CF10A,0.0
categorical__c_case_number_13005739MM10A,0.0
categorical__c_case_number_13005742CF10A,0.0
categorical__c_case_number_13005743MM10A,0.0
categorical__c_case_number_13005748MM10A,0.0
categorical__c_case_number_13005749CF10A,0.0
categorical__c_case_number_13005765MM10A,0.0
categorical__c_case_number_13005769MM10A,0.0
categorical__c_case_number_13005987MM10A,0.0
categorical__c_case_number_13005770TC10A,0.0
categorical__c_case_number_13005772TC10A,0.0
categorical__c_case_number_13005774CF10A,0.0
categorical__c_case_number_13005777CF10A,0.0
categorical__c_case_number_13005780CF10A,0.0
categorical__c_case_number_13005786CF10A,0.0
categorical__c_case_number_13005798CF10A,0.0
categorical__c_case_number_13005803CF10A,0.0
categorical__c_case_number_13005808CF10A,0.0
categorical__c_case_number_13005811CF10A,0.0
categorical__c_case_number_13005770MM10A,0.0
categorical__c_case_number_13005663CF10A,0.0
categorical__c_case_number_13005664CF10A,0.0
categorical__c_case_number_13005665CF10A,0.0
categorical__c_case_number_13005667CF10A,0.0
categorical__c_case_number_13005671CF10A,0.0
categorical__c_case_number_13005673CF10A,0.0
categorical__c_case_number_13005679CF10A,0.0
categorical__c_case_number_13005681CF10A,0.0
categorical__c_case_number_13005683CF10A,0.0
categorical__c_case_number_13005685CF10A,0.0
categorical__c_case_number_13005730MM10A,0.0
categorical__c_case_number_13005699CF10A,0.0
categorical__c_case_number_13005700MM10A,0.0
categorical__c_case_number_13005702MM10A,0.0
categorical__c_case_number_13005703MM10A,0.0
categorical__c_case_number_13005704MM10A,0.0
categorical__c_case_number_13005705CF10A,0.0
categorical__c_case_number_13005714MM10A,0.0
categorical__c_case_number_13005720MM10A,0.0
categorical__c_case_number_13005721MM10A,0.0
categorical__c_case_number_13005727MM10A,0.0
categorical__c_case_number_13005693MM10A,0.0
categorical__c_case_number_13005900CF10A,0.0
categorical__c_case_number_13005902CF10A,0.0
categorical__c_case_number_13005904CF10A,0.0
categorical__c_case_number_13005907CF10A,0.0
categorical__c_case_number_13005919MM10A,0.0
categorical__c_case_number_13005931CF10A,0.0
categorical__c_case_number_13005932CF10A,0.0
categorical__c_case_number_13005937CF10A,0.0
categorical__c_case_number_13005941CF10A,0.0
categorical__c_case_number_13005950CF10A,0.0
categorical__c_case_number_13005813CF10A,0.0
categorical__c_case_number_13005964CF10A,0.0
categorical__c_case_number_13005973CF10A,0.0
categorical__c_case_number_13005974CF10A,0.0
categorical__c_case_number_13005976MM10A,0.0
categorical__c_case_number_13005980CF10A,0.0
categorical__c_case_number_13005982CF10A,0.0
categorical__c_case_number_13005982MM10A,0.0
categorical__c_case_number_13005983MM10A,0.0
categorical__c_case_number_13005984CF10A,0.0
categorical__c_case_number_13005986CF10A,0.0
categorical__c_case_number_13005950TC10A,0.0
categorical__c_case_number_13005816CF10A,0.0
categorical__c_case_number_13005828CF10A,0.0
categorical__c_case_number_13005831MM10A,0.0
categorical__c_case_number_13005832CF10A,0.0
categorical__c_case_number_13005836MM10A,0.0
categorical__c_case_number_13005848CF10A,0.0
categorical__c_case_number_13005850CF10A,0.0
categorical__c_case_number_13005850MM10A,0.0
categorical__c_case_number_13005852MM10A,0.0
categorical__c_case_number_13005856CF10A,0.0
categorical__c_case_number_13005894CF10A,0.0
categorical__c_case_number_13005865CF10A,0.0
categorical__c_case_number_13005868CF10A,0.0
categorical__c_case_number_13005870CF10A,0.0
categorical__c_case_number_13005871TC10A,0.0
categorical__c_case_number_13005878CF10A,0.0
categorical__c_case_number_13005880CF10A,0.0
categorical__c_case_number_13005881CF10A,0.0
categorical__c_case_number_13005886CF10A,0.0
categorical__c_case_number_13005888CF10A,0.0
categorical__c_case_number_13005889CF10A,0.0
categorical__c_case_number_13005858CF10A,0.0
categorical__c_case_number_13003836MM10A,0.0
categorical__c_case_number_13003844CF10A,0.0
categorical__c_case_number_13003849CF10A,0.0
categorical__c_case_number_13003852CF10A,0.0
categorical__c_case_number_13003858CF10A,0.0
categorical__c_case_number_13003859TC10A,0.0
categorical__c_case_number_13003860TC10A,0.0
categorical__c_case_number_13003861CF10A,0.0
categorical__c_case_number_13003864CF10A,0.0
categorical__c_case_number_13004895CF10A,0.0
categorical__c_case_number_13003878CF10A,0.0
categorical__c_case_number_13003879CF10A,0.0
categorical__c_case_number_13003880CF10A,0.0
categorical__c_case_number_13003882CF10A,0.0
categorical__c_case_number_13003883CF10A,0.0
categorical__c_case_number_13003885CF10A,0.0
categorical__c_case_number_13003888CF10A,0.0
categorical__c_case_number_13003891CF10A,0.0
categorical__c_case_number_13003893CF10A,0.0
categorical__c_case_number_13003921CF10A,0.0
categorical__c_case_number_13003868CF10A,0.0
categorical__c_case_number_13003758CF10A,0.0
categorical__c_case_number_13003758MM10A,0.0
categorical__c_case_number_13003759CF10A,0.0
categorical__c_case_number_13003771CF10A,0.0
categorical__c_case_number_13003773TC10A,0.0
categorical__c_case_number_13003778MM10A,0.0
categorical__c_case_number_13003781MM10A,0.0
categorical__c_case_number_13003783MM10A,0.0
categorical__c_case_number_13003784CF10A,0.0
categorical__c_case_number_13003785CF10A,0.0
categorical__c_case_number_13003835MM10A,0.0
categorical__c_case_number_13003787CF10A,0.0
categorical__c_case_number_13003794CF10A,0.0
categorical__c_case_number_13003798CF10A,0.0
categorical__c_case_number_13003810CF10A,0.0
categorical__c_case_number_13003810MM10A,0.0
categorical__c_case_number_13003813MM10A,0.0
categorical__c_case_number_13003818CF10A,0.0
categorical__c_case_number_13003825CF10A,0.0
categorical__c_case_number_13003830CF10A,0.0
categorical__c_case_number_13003831MM10A,0.0
categorical__c_case_number_13003786CF10A,0.0
categorical__c_case_number_13003997CF10A,0.0
categorical__c_case_number_13003998CF10A,0.0
categorical__c_case_number_13003999CF10A,0.0
categorical__c_case_number_13004001CF10A,0.0
categorical__c_case_number_13004001MM10A,0.0
categorical__c_case_number_13004002CF10A,0.0
categorical__c_case_number_13004011CF10A,0.0
categorical__c_case_number_13004012CF10A,0.0
categorical__c_case_number_13004019CF10A,0.0
categorical__c_case_number_13003923CF10A,0.0
categorical__c_case_number_13004026CF10A,0.0
categorical__c_case_number_13004028CF10A,0.0
categorical__c_case_number_13004033CF10A,0.0
categorical__c_case_number_13004036CF10A,0.0
categorical__c_case_number_13004039CF10A,0.0
categorical__c_case_number_13004040CF10A,0.0
categorical__c_case_number_13004044CF10A,0.0
categorical__c_case_number_13004055CF10A,0.0
categorical__c_case_number_13004056CF10A,0.0
categorical__c_case_number_13004069CF10A,0.0
categorical__c_case_number_13004022CF10A,0.0
categorical__c_case_number_13003930MM10A,0.0
categorical__c_case_number_13003934CF10A,0.0
categorical__c_case_number_13003935CF10A,0.0
categorical__c_case_number_13003937CF10A,0.0
categorical__c_case_number_13003939CF10A,0.0
categorical__c_case_number_13003940MM10A,0.0
categorical__c_case_number_13003942CF10A,0.0
categorical__c_case_number_13003944CF10A,0.0
categorical__c_case_number_13003947TC10A,0.0
categorical__c_case_number_13003951CF10A,0.0
categorical__c_case_number_13003996CF10A,0.0
categorical__c_case_number_13003961CF10A,0.0
categorical__c_case_number_13003966CF10A,0.0
categorical__c_case_number_13003967CF10A,0.0
categorical__c_case_number_13003969CF10A,0.0
categorical__c_case_number_13003974CF10A,0.0
categorical__c_case_number_13003980CF10A,0.0
categorical__c_case_number_13003991CF10A,0.0
categorical__c_case_number_13003992CF10A,0.0
categorical__c_case_number_13003995CF10A,0.0
categorical__c_case_number_13003995MM10A,0.0
categorical__c_case_number_13003957CF10A,0.0
categorical__c_case_number_13003459MM10A,0.0
categorical__c_case_number_13003460MM10A,0.0
categorical__c_case_number_13003463CF10A,0.0
categorical__c_case_number_13003464CF10A,0.0
categorical__c_case_number_13003464MM10A,0.0
categorical__c_case_number_13003465MM10A,0.0
categorical__c_case_number_13003467CF10A,0.0
categorical__c_case_number_13003467MM10A,0.0
categorical__c_case_number_13003469CF10A,0.0
categorical__c_case_number_13003756CF10A,0.0
categorical__c_case_number_13003471MM10A,0.0
categorical__c_case_number_13003472CF10A,0.0
categorical__c_case_number_13003473TC10A,0.0
categorical__c_case_number_13003483CF10A,0.0
categorical__c_case_number_13003495CF10A,0.0
categorical__c_case_number_13003502CF10A,0.0
categorical__c_case_number_13003504CF10A,0.0
categorical__c_case_number_13003509CF10A,0.0
categorical__c_case_number_13003511CF10A,0.0
categorical__c_case_number_13003523CF10A,0.0
categorical__c_case_number_13003470CF10A,0.0
categorical__c_case_number_13003377CF10A,0.0
categorical__c_case_number_13003382CF10A,0.0
categorical__c_case_number_13003385CF10A,0.0
categorical__c_case_number_13003388MM10A,0.0
categorical__c_case_number_13003392MM10A,0.0
categorical__c_case_number_13003395MM10A,0.0
categorical__c_case_number_13003400MM10A,0.0
categorical__c_case_number_13003401MM10A,0.0
categorical__c_case_number_13003403MM10A,0.0
categorical__c_case_number_13003405CF10A,0.0
categorical__c_case_number_13003459CF10A,0.0
categorical__c_case_number_13003407CF10A,0.0
categorical__c_case_number_13003415MM10A,0.0
categorical__c_case_number_13003416CF10A,0.0
categorical__c_case_number_13003422MO10A,0.0
categorical__c_case_number_13003427CF10A,0.0
categorical__c_case_number_13003428MM10A,0.0
categorical__c_case_number_13003448CF10A,0.0
categorical__c_case_number_13003448MM10A,0.0
categorical__c_case_number_13003455MM10A,0.0
categorical__c_case_number_13003457CF10A,0.0
categorical__c_case_number_13003405MM10A,0.0
categorical__c_case_number_13003642CF10A,0.0
categorical__c_case_number_13003660CF10A,0.0
categorical__c_case_number_13003663CF10A,0.0
categorical__c_case_number_13003672CF10A,0.0
categorical__c_case_number_13003676CF10A,0.0
categorical__c_case_number_13003679CF10A,0.0
categorical__c_case_number_13003680CF10A,0.0
categorical__c_case_number_13003681CF10A,0.0
categorical__c_case_number_13003682CF10A,0.0
categorical__c_case_number_13003684CF10A,0.0
categorical__c_case_number_13003525MM10A,0.0
categorical__c_case_number_13003689CF10A,0.0
categorical__c_case_number_13003693CF10A,0.0
categorical__c_case_number_13003696CF10A,0.0
categorical__c_case_number_13003700MM10A,0.0
categorical__c_case_number_13003703MM10A,0.0
categorical__c_case_number_13003705CF10A,0.0
categorical__c_case_number_13003707CF10A,0.0
categorical__c_case_number_13003730CF10A,0.0
categorical__c_case_number_13003745MM10A,0.0
categorical__c_case_number_13003747MM10A,0.0
categorical__c_case_number_13003686CF10A,0.0
categorical__c_case_number_13003526CF10A,0.0
categorical__c_case_number_13003527CF10A,0.0
categorical__c_case_number_13003529CF10A,0.0
categorical__c_case_number_13003542MM10A,0.0
categorical__c_case_number_13003544MM10A,0.0
categorical__c_case_number_13003569CF10A,0.0
categorical__c_case_number_13003570CF10A,0.0
categorical__c_case_number_13003586CF10A,0.0
categorical__c_case_number_13003587CF10A,0.0
categorical__c_case_number_13003588CF10A,0.0
categorical__c_case_number_13003636CF10A,0.0
categorical__c_case_number_13003594CF10A,0.0
categorical__c_case_number_13003596CF10A,0.0
categorical__c_case_number_13003596MM10A,0.0
categorical__c_case_number_13003606MM10A,0.0
categorical__c_case_number_13003613MM10A,0.0
categorical__c_case_number_13003618CF10A,0.0
categorical__c_case_number_13003618MM10A,0.0
categorical__c_case_number_13003619CF10A,0.0
categorical__c_case_number_13003622CF10A,0.0
categorical__c_case_number_13003630CF10A,0.0
categorical__c_case_number_13003590MM10A,0.0
categorical__c_case_number_13004618CF10A,0.0
categorical__c_case_number_13004619CF10A,0.0
categorical__c_case_number_13004624CF10A,0.0
categorical__c_case_number_13004626CF10A,0.0
categorical__c_case_number_13004627MM10A,0.0
categorical__c_case_number_13004629CF10A,0.0
categorical__c_case_number_13004640CF10A,0.0
categorical__c_case_number_13004649CF10A,0.0
categorical__c_case_number_13004651CF10A,0.0
categorical__c_case_number_13004079MM10A,0.0
categorical__c_case_number_13004655CF10A,0.0
categorical__c_case_number_13004659CF10A,0.0
categorical__c_case_number_13004669CF10A,0.0
categorical__c_case_number_13004675CF10A,0.0
categorical__c_case_number_13004675TC10A,0.0
categorical__c_case_number_13004687CF10A,0.0
categorical__c_case_number_13004697CF10A,0.0
categorical__c_case_number_13004699CF10A,0.0
categorical__c_case_number_13004701MM10A,0.0
categorical__c_case_number_13004706CF10A,0.0
categorical__c_case_number_13004653CF10A,0.0
categorical__c_case_number_13004543CF10A,0.0
categorical__c_case_number_13004544CF10A,0.0
categorical__c_case_number_13004546CF10A,0.0
categorical__c_case_number_13004552CF10A,0.0
categorical__c_case_number_13004552MM10A,0.0
categorical__c_case_number_13004554CF10A,0.0
categorical__c_case_number_13004555CF10A,0.0
categorical__c_case_number_13004558CF10A,0.0
categorical__c_case_number_13004561CF10A,0.0
categorical__c_case_number_13004564CF10A,0.0
categorical__c_case_number_13004616CF10A,0.0
categorical__c_case_number_13004573CF10A,0.0
categorical__c_case_number_13004577CF10A,0.0
categorical__c_case_number_13004581CF10A,0.0
categorical__c_case_number_13004590CF10A,0.0
categorical__c_case_number_13004598CF10A,0.0
categorical__c_case_number_13004600CF10A,0.0
categorical__c_case_number_13004601CF10A,0.0
categorical__c_case_number_13004608CF10A,0.0
categorical__c_case_number_13004612CF10A,0.0
categorical__c_case_number_13004615CF10A,0.0
categorical__c_case_number_13004567CF10A,0.0
categorical__c_case_number_13004810CF10A,0.0
categorical__c_case_number_13004810MM10A,0.0
categorical__c_case_number_13004813CF10A,0.0
categorical__c_case_number_13004813MM10A,0.0
categorical__c_case_number_13004816MM10A,0.0
categorical__c_case_number_13004818CF10A,0.0
categorical__c_case_number_13004835CF10A,0.0
categorical__c_case_number_13004836CF10A,0.0
categorical__c_case_number_13004840CF10A,0.0
categorical__c_case_number_13004844CF10A,0.0
categorical__c_case_number_13004713CF10A,0.0
categorical__c_case_number_13004858MM10A,0.0
categorical__c_case_number_13004867MM10A,0.0
categorical__c_case_number_13004868CF10A,0.0
categorical__c_case_number_13004872MM10A,0.0
categorical__c_case_number_13004883MM10A,0.0
categorical__c_case_number_13004884CF10A,0.0
categorical__c_case_number_13004884MM10A,0.0
categorical__c_case_number_13004885CF10A,0.0
categorical__c_case_number_13004886MM10A,0.0
categorical__c_case_number_13004894MM10A,0.0
categorical__c_case_number_13004852CF10A,0.0
categorical__c_case_number_13004719MM10A,0.0
categorical__c_case_number_13004723CF10A,0.0
categorical__c_case_number_13004724MM10A,0.0
categorical__c_case_number_13004725CF10A,0.0
categorical__c_case_number_13004733CF10A,0.0
categorical__c_case_number_13004734CF10A,0.0
categorical__c_case_number_13004740CF10A,0.0
categorical__c_case_number_13004742MM10A,0.0
categorical__c_case_number_13004749CF10A,0.0
categorical__c_case_number_13004759MM10A,0.0
categorical__c_case_number_13004808MM10A,0.0
categorical__c_case_number_13004767CF10A,0.0
categorical__c_case_number_13004768CF10A,0.0
categorical__c_case_number_13004769CF10A,0.0
categorical__c_case_number_13004783MM10A,0.0
categorical__c_case_number_13004784CF10A,0.0
categorical__c_case_number_13004785CF10A,0.0
categorical__c_case_number_13004786CF10A,0.0
categorical__c_case_number_13004791MM10A,0.0
categorical__c_case_number_13004794CF10A,0.0
categorical__c_case_number_13004803CF10A,0.0
categorical__c_case_number_13004764CF10A,0.0
categorical__c_case_number_13004184CF10A,0.0
categorical__c_case_number_13004187CF10A,0.0
categorical__c_case_number_13004194CF10A,0.0
categorical__c_case_number_13004205CF10A,0.0
categorical__c_case_number_13004215MM10A,0.0
categorical__c_case_number_13004216CF10A,0.0
categorical__c_case_number_13004218CF10A,0.0
categorical__c_case_number_13004219CF10A,0.0
categorical__c_case_number_13004220MM10A,0.0
categorical__c_case_number_13004542MM10A,0.0
categorical__c_case_number_13004236CF10A,0.0
categorical__c_case_number_13004236MM10A,0.0
categorical__c_case_number_13004248CF10A,0.0
categorical__c_case_number_13004251CF10A,0.0
categorical__c_case_number_13004253CF10A,0.0
categorical__c_case_number_13004254CF10A,0.0
categorical__c_case_number_13004261CF10A,0.0
categorical__c_case_number_13004269CF10A,0.0
categorical__c_case_number_13004270CF10A,0.0
categorical__c_case_number_13004271CF10A,0.0
categorical__c_case_number_13004231CF10A,0.0
categorical__c_case_number_13004086MM10A,0.0
categorical__c_case_number_13004091CF10A,0.0
categorical__c_case_number_13004094CF10A,0.0
categorical__c_case_number_13004095MM10A,0.0
categorical__c_case_number_13004102CF10A,0.0
categorical__c_case_number_13004110CF10A,0.0
categorical__c_case_number_13004111CF10A,0.0
categorical__c_case_number_13004112MM10A,0.0
categorical__c_case_number_13004115CF10A,0.0
categorical__c_case_number_13004116CF10A,0.0
categorical__c_case_number_13004177CF10A,0.0
categorical__c_case_number_13004120CF10A,0.0
categorical__c_case_number_13004125CF10A,0.0
categorical__c_case_number_13004134CF10A,0.0
categorical__c_case_number_13004136CF10A,0.0
categorical__c_case_number_13004137MM10A,0.0
categorical__c_case_number_13004140CF10A,0.0
categorical__c_case_number_13004160CF10A,0.0
categorical__c_case_number_13004164CF10A,0.0
categorical__c_case_number_13004166MM10A,0.0
categorical__c_case_number_13004176CF10A,0.0
categorical__c_case_number_13004118CF10A,0.0
categorical__c_case_number_13004414MM10A,0.0
categorical__c_case_number_13004418CF10A,0.0
categorical__c_case_number_13004426MM10A,0.0
categorical__c_case_number_13004427CF10A,0.0
categorical__c_case_number_13004427MM10A,0.0
categorical__c_case_number_13004436MM10A,0.0
categorical__c_case_number_13004437CF10A,0.0
categorical__c_case_number_13004462MM10A,0.0
categorical__c_case_number_13004464CF10A,0.0
categorical__c_case_number_13004470CF10A,0.0
categorical__c_case_number_13004274CF10A,0.0
categorical__c_case_number_13004485CF10A,0.0
categorical__c_case_number_13004487MM10A,0.0
categorical__c_case_number_13004500CF10A,0.0
categorical__c_case_number_13004525CF10A,0.0
categorical__c_case_number_13004527MM10A,0.0
categorical__c_case_number_13004529CF10A,0.0
categorical__c_case_number_13004530CF10A,0.0
categorical__c_case_number_13004534MM10A,0.0
categorical__c_case_number_13004538CF10A,0.0
categorical__c_case_number_13004542CF10A,0.0
categorical__c_case_number_13004481CF10A,0.0
categorical__c_case_number_13004278MM10A,0.0
categorical__c_case_number_13004298MM10A,0.0
categorical__c_case_number_13004299TC10A,0.0
categorical__c_case_number_13004300CF10A,0.0
categorical__c_case_number_13004312MM10A,0.0
categorical__c_case_number_13004314CF10A,0.0
categorical__c_case_number_13004314MM10A,0.0
categorical__c_case_number_13004316MM10A,0.0
categorical__c_case_number_13004319MM10A,0.0
categorical__c_case_number_13004327CF10A,0.0
categorical__c_case_number_13004409CF10A,0.0
categorical__c_case_number_13004331CF10A,0.0
categorical__c_case_number_13004332CF10A,0.0
categorical__c_case_number_13004335CF10A,0.0
categorical__c_case_number_13004341CF10A,0.0
categorical__c_case_number_13004342CF10A,0.0
categorical__c_case_number_13004343CF10A,0.0
categorical__c_case_number_13004366CF10A,0.0
categorical__c_case_number_13004367CF10A,0.0
categorical__c_case_number_13004378CF10A,0.0
categorical__c_case_number_13004389CF10A,0.0
categorical__c_case_number_13004330CF10A,0.0
categorical__c_case_number_13009750CF10A,0.0
categorical__c_case_number_13009762CF10A,0.0
categorical__c_case_number_13009777CF10A,0.0
categorical__c_case_number_13009780MM10A,0.0
categorical__c_case_number_13009783MM10A,0.0
categorical__c_case_number_13009801CF10A,0.0
categorical__c_case_number_13009802MM10A,0.0
categorical__c_case_number_13009808MM10A,0.0
categorical__c_case_number_13009822CF10A,0.0
categorical__c_case_number_13006410CF10A,0.0
categorical__c_case_number_13009851CF10A,0.0
categorical__c_case_number_13009851MM10A,0.0
categorical__c_case_number_13009878CF10A,0.0
categorical__c_case_number_13009879MM10A,0.0
categorical__c_case_number_13009888MM10A,0.0
categorical__c_case_number_13009896MM10A,0.0
categorical__c_case_number_13009901CF10A,0.0
categorical__c_case_number_13009914CF10A,0.0
categorical__c_case_number_13009927CF10A,0.0
categorical__c_case_number_13009933MM10A,0.0
categorical__c_case_number_13009842CF10A,0.0
categorical__c_case_number_13009555MM10A,0.0
categorical__c_case_number_13009556MM10A,0.0
categorical__c_case_number_13009558CF10A,0.0
categorical__c_case_number_13009580MM10A,0.0
categorical__c_case_number_13009590CF10A,0.0
categorical__c_case_number_13009597MM10A,0.0
categorical__c_case_number_13009611CF10A,0.0
categorical__c_case_number_13009616CF10A,0.0
categorical__c_case_number_13009628MM10A,0.0
categorical__c_case_number_13009631CF10A,0.0
categorical__c_case_number_13009743MM10A,0.0
categorical__c_case_number_13009638MM10A,0.0
categorical__c_case_number_13009648CF10A,0.0
categorical__c_case_number_13009653CF10A,0.0
categorical__c_case_number_13009667CF10A,0.0
categorical__c_case_number_13009676CF10A,0.0
categorical__c_case_number_13009692CF10A,0.0
categorical__c_case_number_13009710CF10A,0.0
categorical__c_case_number_13009722MM10A,0.0
categorical__c_case_number_13009723MM10A,0.0
categorical__c_case_number_13009725MM10A,0.0
categorical__c_case_number_13009631MM10A,0.0
categorical__c_case_number_13010121CF10A,0.0
categorical__c_case_number_13010121MM10A,0.0
categorical__c_case_number_13010135MM10A,0.0
categorical__c_case_number_13010139MM10A,0.0
categorical__c_case_number_13010141CF10A,0.0
categorical__c_case_number_13010142CF10A,0.0
categorical__c_case_number_13010149MO10A,0.0
categorical__c_case_number_13010156MM10A,0.0
categorical__c_case_number_13010161MM10A,0.0
categorical__c_case_number_13009939CF10A,0.0
categorical__c_case_number_13010167MM10A,0.0
categorical__c_case_number_13010176CF10A,0.0
categorical__c_case_number_13010192CF10A,0.0
categorical__c_case_number_13010212MM10A,0.0
categorical__c_case_number_13010216TC10A,0.0
categorical__c_case_number_13010246MM10A,0.0
categorical__c_case_number_13010257MM10A,0.0
categorical__c_case_number_13010258CF10A,0.0
categorical__c_case_number_13010258MM10A,0.0
categorical__c_case_number_13010260MM10A,0.0
categorical__c_case_number_13010165CF10A,0.0
categorical__c_case_number_13009959TC10A,0.0
categorical__c_case_number_13009969CF10A,0.0
categorical__c_case_number_13009971CF10A,0.0
categorical__c_case_number_13009978CF10A,0.0
categorical__c_case_number_13010011CF10A,0.0
categorical__c_case_number_13010026CF10A,0.0
categorical__c_case_number_13010028CF10A,0.0
categorical__c_case_number_13010046MM10A,0.0
categorical__c_case_number_13010048MM10A,0.0
categorical__c_case_number_13010054CF10A,0.0
categorical__c_case_number_13010115CF10A,0.0
categorical__c_case_number_13010061MM10A,0.0
categorical__c_case_number_13010065MM10A,0.0
categorical__c_case_number_13010066MM10A,0.0
categorical__c_case_number_13010068CF10A,0.0
categorical__c_case_number_13010075MM10A,0.0
categorical__c_case_number_13010080MM10A,0.0
categorical__c_case_number_13010086CF10A,0.0
categorical__c_case_number_13010092MM10A,0.0
categorical__c_case_number_13010099CF10A,0.0
categorical__c_case_number_13010109MM10A,0.0
categorical__c_case_number_13010055MM10A,0.0
categorical__c_case_number_13008989MM10A,0.0
categorical__c_case_number_13008990MM10A,0.0
categorical__c_case_number_13008991MM10A,0.0
categorical__c_case_number_13008994CF10A,0.0
categorical__c_case_number_13008994MM10A,0.0
categorical__c_case_number_13008998CF10A,0.0
categorical__c_case_number_13009009CF10A,0.0
categorical__c_case_number_13009068CF10A,0.0
categorical__c_case_number_13009070CF10A,0.0
categorical__c_case_number_13009554CF10A,0.0
categorical__c_case_number_13009075MM10A,0.0
categorical__c_case_number_13009078CF10A,0.0
categorical__c_case_number_13009083MM10A,0.0
categorical__c_case_number_13009088MM10A,0.0
categorical__c_case_number_13009093MM10A,0.0
categorical__c_case_number_13009095MM10A,0.0
categorical__c_case_number_13009112MM10A,0.0
categorical__c_case_number_13009113MM10A,0.0
categorical__c_case_number_13009117CF10A,0.0
categorical__c_case_number_13009117MM10A,0.0
categorical__c_case_number_13009071MM10A,0.0
categorical__c_case_number_13008728CF10A,0.0
categorical__c_case_number_13008731CF10A,0.0
categorical__c_case_number_13008747MM10A,0.0
categorical__c_case_number_13008750MM10A,0.0
categorical__c_case_number_13008752MM10A,0.0
categorical__c_case_number_13008754MM10A,0.0
categorical__c_case_number_13008769MM10A,0.0
categorical__c_case_number_13008784TC10A,0.0
categorical__c_case_number_13008795CF10A,0.0
categorical__c_case_number_13008821CF10A,0.0
categorical__c_case_number_13008988MM10A,0.0
categorical__c_case_number_13008843CF10A,0.0
categorical__c_case_number_13008853MM10A,0.0
categorical__c_case_number_13008855MM10A,0.0
categorical__c_case_number_13008860CF10A,0.0
categorical__c_case_number_13008888MM10A,0.0
categorical__c_case_number_13008899MM10A,0.0
categorical__c_case_number_13008904MM10A,0.0
categorical__c_case_number_13008923MM10A,0.0
categorical__c_case_number_13008932CF10A,0.0
categorical__c_case_number_13008981MM10A,0.0
categorical__c_case_number_13008834MM10A,0.0
categorical__c_case_number_13009335MM10A,0.0
categorical__c_case_number_13009337MM10A,0.0
categorical__c_case_number_13009345MM10A,0.0
categorical__c_case_number_13009346MM10A,0.0
categorical__c_case_number_13009351MM10A,0.0
categorical__c_case_number_13009376CF10A,0.0
categorical__c_case_number_13009386MM10A,0.0
categorical__c_case_number_13009398CF10A,0.0
categorical__c_case_number_13009401MM10A,0.0
categorical__c_case_number_13009421CF10A,0.0
categorical__c_case_number_13009126MM10A,0.0
categorical__c_case_number_13009450CF10A,0.0
categorical__c_case_number_13009469CF10A,0.0
categorical__c_case_number_13009472MM10A,0.0
categorical__c_case_number_13009480MM10A,0.0
categorical__c_case_number_13009487CF10A,0.0
categorical__c_case_number_13009518CF10A,0.0
categorical__c_case_number_13009525MM10A,0.0
categorical__c_case_number_13009527CF10A,0.0
categorical__c_case_number_13009535CF10A,0.0
categorical__c_case_number_13009539CF10A,0.0
categorical__c_case_number_13009448CF10A,0.0
categorical__c_case_number_13009129MM10A,0.0
categorical__c_case_number_13009134MM10A,0.0
categorical__c_case_number_13009140CF10A,0.0
categorical__c_case_number_13009141MM10A,0.0
categorical__c_case_number_13009147MM10A,0.0
categorical__c_case_number_13009149MM10A,0.0
categorical__c_case_number_13009150MM10A,0.0
categorical__c_case_number_13009151MM10A,0.0
categorical__c_case_number_13009157MM10A,0.0
categorical__c_case_number_13009181CF10A,0.0
categorical__c_case_number_13009266MM10A,0.0
categorical__c_case_number_13009201CF10A,0.0
categorical__c_case_number_13009208CF10A,0.0
categorical__c_case_number_13009217CF10A,0.0
categorical__c_case_number_13009223CF10A,0.0
categorical__c_case_number_13009231MM10A,0.0
categorical__c_case_number_13009236CF10A,0.0
categorical__c_case_number_13009241MM10A,0.0
categorical__c_case_number_13009244MM10A,0.0
categorical__c_case_number_13009253MM10A,0.0
categorical__c_case_number_13009258CF10A,0.0
categorical__c_case_number_13009188TC10A,0.0
categorical__c_case_number_13011233CF10A,0.0
categorical__c_case_number_13011237CF10A,0.0
categorical__c_case_number_13011238CF10A,0.0
categorical__c_case_number_13011247CF10A,0.0
categorical__c_case_number_13011253CF10A,0.0
categorical__c_case_number_13011263CF10A,0.0
categorical__c_case_number_13011282MM10A,0.0
categorical__c_case_number_13011288CF10A,0.0
categorical__c_case_number_13011313CF10A,0.0
categorical__c_case_number_13010290CF10A,0.0
categorical__c_case_number_13011334CF10A,0.0
categorical__c_case_number_13011336CF10A,0.0
categorical__c_case_number_13011339CF10A,0.0
categorical__c_case_number_13011344CF10A,0.0
categorical__c_case_number_13011352CF10A,0.0
categorical__c_case_number_13011362CF10A,0.0
categorical__c_case_number_13011376MM10A,0.0
categorical__c_case_number_13011381CF10A,0.0
categorical__c_case_number_13011387CF10A,0.0
categorical__c_case_number_13011425CF10A,0.0
categorical__c_case_number_13011324CF10A,0.0
categorical__c_case_number_13011062CF10A,0.0
categorical__c_case_number_13011071CF10A,0.0
categorical__c_case_number_13011084CF10A,0.0
categorical__c_case_number_13011090CF10A,0.0
categorical__c_case_number_13011094CF10A,0.0
categorical__c_case_number_13011098CF10A,0.0
categorical__c_case_number_13011107CF10A,0.0
categorical__c_case_number_13011146CF10A,0.0
categorical__c_case_number_13011148CF10A,0.0
categorical__c_case_number_13011178CF10A,0.0
categorical__c_case_number_13011228CF10A,0.0
categorical__c_case_number_13011188CF10A,0.0
categorical__c_case_number_13011193CF10A,0.0
categorical__c_case_number_13011196CF10A,0.0
categorical__c_case_number_13011197CF10A,0.0
categorical__c_case_number_13011203CF10A,0.0
categorical__c_case_number_13011204CF10A,0.0
categorical__c_case_number_13011208CF10A,0.0
categorical__c_case_number_13011211CF10A,0.0
categorical__c_case_number_13011212CF10A,0.0
categorical__c_case_number_13011225MM10A,0.0
categorical__c_case_number_13011182CF10A,0.0
categorical__c_case_number_13011545CF10A,0.0
categorical__c_case_number_13011554CF10A,0.0
categorical__c_case_number_13011560CF10A,0.0
categorical__c_case_number_13011568CF10A,0.0
categorical__c_case_number_13011580CF10A,0.0
categorical__c_case_number_13011582MM10A,0.0
categorical__c_case_number_13011587CF10A,0.0
categorical__c_case_number_13011592CF10A,0.0
categorical__c_case_number_13011599CF10A,0.0
categorical__c_case_number_13011607CF10A,0.0
categorical__c_case_number_13011433CF10A,0.0
categorical__c_case_number_13011612MO10A,0.0
categorical__c_case_number_13011616CF10A,0.0
categorical__c_case_number_13011621CF10A,0.0
categorical__c_case_number_13011660CF10A,0.0
categorical__c_case_number_13011664CF10A,0.0
categorical__c_case_number_13011676CF10A,0.0
categorical__c_case_number_13011685CF10A,0.0
categorical__c_case_number_13011699CF10A,0.0
categorical__c_case_number_13011699MM10A,0.0
categorical__c_case_number_13011702CF10A,0.0
categorical__c_case_number_13011612CF10A,0.0
categorical__c_case_number_13011437CF10A,0.0
categorical__c_case_number_13011443MM10A,0.0
categorical__c_case_number_13011466CF10A,0.0
categorical__c_case_number_13011467CF10A,0.0
categorical__c_case_number_13011472CF10A,0.0
categorical__c_case_number_13011474CF10A,0.0
categorical__c_case_number_13011476CF10A,0.0
categorical__c_case_number_13011481CF10A,0.0
categorical__c_case_number_13011483CF10A,0.0
categorical__c_case_number_13011484CF10A,0.0
categorical__c_case_number_13011541CF10A,0.0
categorical__c_case_number_13011489CF10A,0.0
categorical__c_case_number_13011493CF10A,0.0
categorical__c_case_number_13011506CF10A,0.0
categorical__c_case_number_13011507CF10A,0.0
categorical__c_case_number_13011514CF10A,0.0
categorical__c_case_number_13011518CF10A,0.0
categorical__c_case_number_13011522CF10A,0.0
categorical__c_case_number_13011530CF10A,0.0
categorical__c_case_number_13011535CF10A,0.0
categorical__c_case_number_13011536CF10A,0.0
categorical__c_case_number_13011485CF10A,0.0
categorical__c_case_number_13010611CF10A,0.0
categorical__c_case_number_13010628CF10A,0.0
categorical__c_case_number_13010656CF10A,0.0
categorical__c_case_number_13010664CF10A,0.0
categorical__c_case_number_13010683CF10A,0.0
categorical__c_case_number_13010690CF10A,0.0
categorical__c_case_number_13010696CF10A,0.0
categorical__c_case_number_13010698CF10A,0.0
categorical__c_case_number_13010711CF10A,0.0
categorical__c_case_number_13011061CF10A,0.0
categorical__c_case_number_13010717CF10A,0.0
categorical__c_case_number_13010720CF10A,0.0
categorical__c_case_number_13010743MM10A,0.0
categorical__c_case_number_13010747CF10A,0.0
categorical__c_case_number_13010768CF10A,0.0
categorical__c_case_number_13010769CF10A,0.0
categorical__c_case_number_13010773CF10A,0.0
categorical__c_case_number_13010776CF10A,0.0
categorical__c_case_number_13010777CF10A,0.0
categorical__c_case_number_13010785CF10A,0.0
categorical__c_case_number_13010713CF10A,0.0
categorical__c_case_number_13010299CF10A,0.0
categorical__c_case_number_13010303CF10A,0.0
categorical__c_case_number_13010314CF10A,0.0
categorical__c_case_number_13010325MM10A,0.0
categorical__c_case_number_13010337CF10A,0.0
categorical__c_case_number_13010358CF10A,0.0
categorical__c_case_number_13010385CF10A,0.0
categorical__c_case_number_13010461MM10A,0.0
categorical__c_case_number_13010462MM10A,0.0
categorical__c_case_number_13010467CF10A,0.0
categorical__c_case_number_13010573CF10A,0.0
categorical__c_case_number_13010483MM10A,0.0
categorical__c_case_number_13010493MM10A,0.0
categorical__c_case_number_13010504MM10A,0.0
categorical__c_case_number_13010505CF10A,0.0
categorical__c_case_number_13010521MM10A,0.0
categorical__c_case_number_13010525CF10A,0.0
categorical__c_case_number_13010541CF10A,0.0
categorical__c_case_number_13010542CF10A,0.0
categorical__c_case_number_13010543CF10A,0.0
categorical__c_case_number_13010552CF10A,0.0
categorical__c_case_number_13010467MM10A,0.0
categorical__c_case_number_13010932CF10A,0.0
categorical__c_case_number_13010944CF10A,0.0
categorical__c_case_number_13010966CF10A,0.0
categorical__c_case_number_13010970CF10A,0.0
categorical__c_case_number_13010973CF10A,0.0
categorical__c_case_number_13010974CF10A,0.0
categorical__c_case_number_13010976CF10A,0.0
categorical__c_case_number_13010978CF10A,0.0
categorical__c_case_number_13010980CF10A,0.0
categorical__c_case_number_13010982MM10A,0.0
categorical__c_case_number_13010803CF10A,0.0
categorical__c_case_number_13011002CF10A,0.0
categorical__c_case_number_13011004CF10A,0.0
categorical__c_case_number_13011015CF10A,0.0
categorical__c_case_number_13011027CF10A,0.0
categorical__c_case_number_13011030CF10A,0.0
categorical__c_case_number_13011031CF10A,0.0
categorical__c_case_number_13011034CF10A,0.0
categorical__c_case_number_13011035CF10A,0.0
categorical__c_case_number_13011053CF10A,0.0
categorical__c_case_number_13011057CF10A,0.0
categorical__c_case_number_13010985CF10A,0.0
categorical__c_case_number_13010811CF10A,0.0
categorical__c_case_number_13010816CF10A,0.0
categorical__c_case_number_13010824CF10A,0.0
categorical__c_case_number_13010833CF10A,0.0
categorical__c_case_number_13010834CF10A,0.0
categorical__c_case_number_13010841CF10A,0.0
categorical__c_case_number_13010846CF10A,0.0
categorical__c_case_number_13010848CF10A,0.0
categorical__c_case_number_13010871CF10A,0.0
categorical__c_case_number_13010872CF10A,0.0
categorical__c_case_number_13010929CF10A,0.0
categorical__c_case_number_13010875CF10A,0.0
categorical__c_case_number_13010878CF10A,0.0
categorical__c_case_number_13010905CF10A,0.0
categorical__c_case_number_13010912CF10A,0.0
categorical__c_case_number_13010914CF10A,0.0
categorical__c_case_number_13010915CF10A,0.0
categorical__c_case_number_13010917CF10A,0.0
categorical__c_case_number_13010918CF10A,0.0
categorical__c_case_number_13010921CF10A,0.0
categorical__c_case_number_13010926CF10A,0.0
categorical__c_case_number_13010874CF10A,0.0
categorical__c_case_number_13006980MM10A,0.0
categorical__c_case_number_13006982CF10A,0.0
categorical__c_case_number_13006984MM10A,0.0
categorical__c_case_number_13006986CF10A,0.0
categorical__c_case_number_13006988MM10A,0.0
categorical__c_case_number_13006992CF10A,0.0
categorical__c_case_number_13007004CF10A,0.0
categorical__c_case_number_13007007CF10A,0.0
categorical__c_case_number_13007010CF10A,0.0
categorical__c_case_number_13008717MM10A,0.0
categorical__c_case_number_13007017CF10A,0.0
categorical__c_case_number_13007020CF10A,0.0
categorical__c_case_number_13007023CF10A,0.0
categorical__c_case_number_13007029CF10A,0.0
categorical__c_case_number_13007035CF10A,0.0
categorical__c_case_number_13007041CF10A,0.0
categorical__c_case_number_13007044CF10A,0.0
categorical__c_case_number_13007047CF10A,0.0
categorical__c_case_number_13007048CF10A,0.0
categorical__c_case_number_13007062CF10A,0.0
categorical__c_case_number_13007014MM10A,0.0
categorical__c_case_number_13006836CF10A,0.0
categorical__c_case_number_13006837CF10A,0.0
categorical__c_case_number_13006849CF10A,0.0
categorical__c_case_number_13006853CF10A,0.0
categorical__c_case_number_13006858CF10A,0.0
categorical__c_case_number_13006874MM10A,0.0
categorical__c_case_number_13006878MM10A,0.0
categorical__c_case_number_13006881MM10A,0.0
categorical__c_case_number_13006891CF10A,0.0
categorical__c_case_number_13006892CF10A,0.0
categorical__c_case_number_13006970MM10A,0.0
categorical__c_case_number_13006894CF10A,0.0
categorical__c_case_number_13006908CF10A,0.0
categorical__c_case_number_13006914CF10A,0.0
categorical__c_case_number_13006929CF10A,0.0
categorical__c_case_number_13006931CF10A,0.0
categorical__c_case_number_13006932CF10A,0.0
categorical__c_case_number_13006952CF10A,0.0
categorical__c_case_number_13006957CF10A,0.0
categorical__c_case_number_13006966CF10A,0.0
categorical__c_case_number_13006968CF10A,0.0
categorical__c_case_number_13006893CF10A,0.0
categorical__c_case_number_13007202MM10A,0.0
categorical__c_case_number_13007210MM10A,0.0
categorical__c_case_number_13007213MM10A,0.0
categorical__c_case_number_13007216MM10A,0.0
categorical__c_case_number_13007224CF10A,0.0
categorical__c_case_number_13007235CF10A,0.0
categorical__c_case_number_13007238CF10A,0.0
categorical__c_case_number_13007242CF10A,0.0
categorical__c_case_number_13007247CF10A,0.0
categorical__c_case_number_13007251CF10A,0.0
categorical__c_case_number_13007065CF10A,0.0
categorical__c_case_number_13007287CF10A,0.0
categorical__c_case_number_13007294MM10A,0.0
categorical__c_case_number_13007296MM10A,0.0
categorical__c_case_number_13007304CF10A,0.0
categorical__c_case_number_13007305CF10A,0.0
categorical__c_case_number_13007307CF10A,0.0
categorical__c_case_number_13007308CF10A,0.0
categorical__c_case_number_13007315CF10A,0.0
categorical__c_case_number_13007318CF10A,0.0
categorical__c_case_number_13007334CF10A,0.0
categorical__c_case_number_13007266CF10A,0.0
categorical__c_case_number_13007075CF10A,0.0
categorical__c_case_number_13007090CF10A,0.0
categorical__c_case_number_13007108CF10A,0.0
categorical__c_case_number_13007109MM10A,0.0
categorical__c_case_number_13007120CF10A,0.0
categorical__c_case_number_13007127CF10A,0.0
categorical__c_case_number_13007128MM10A,0.0
categorical__c_case_number_13007134MM10A,0.0
categorical__c_case_number_13007152CF10A,0.0
categorical__c_case_number_13007156MM10A,0.0
categorical__c_case_number_13007199CF10A,0.0
categorical__c_case_number_13007172MM10A,0.0
categorical__c_case_number_13007176MM10A,0.0
categorical__c_case_number_13007177MM10A,0.0
categorical__c_case_number_13007183CF10A,0.0
categorical__c_case_number_13007185CF10A,0.0
categorical__c_case_number_13007185MM10A,0.0
categorical__c_case_number_13007187CF10A,0.0
categorical__c_case_number_13007190CF10A,0.0
categorical__c_case_number_13007192CF10A,0.0
categorical__c_case_number_13007194MM10A,0.0
categorical__c_case_number_13007167MM10A,0.0
categorical__c_case_number_13006519CF10A,0.0
categorical__c_case_number_13006529CF10A,0.0
categorical__c_case_number_13006538CF10A,0.0
categorical__c_case_number_13006539CF10A,0.0
categorical__c_case_number_13006542CF10A,0.0
categorical__c_case_number_13006548CF10A,0.0
categorical__c_case_number_13006559MM10A,0.0
categorical__c_case_number_13006562MM10A,0.0
categorical__c_case_number_13006576CF10A,0.0
categorical__c_case_number_13006834CF10A,0.0
categorical__c_case_number_13006585MM10A,0.0
categorical__c_case_number_13006587MM10A,0.0
categorical__c_case_number_13006588MM10A,0.0
categorical__c_case_number_13006593CF10A,0.0
categorical__c_case_number_13006597CF10A,0.0
categorical__c_case_number_13006604CF10A,0.0
categorical__c_case_number_13006606CF10A,0.0
categorical__c_case_number_13006609CF10A,0.0
categorical__c_case_number_13006613CF10A,0.0
categorical__c_case_number_13006617MM10A,0.0
categorical__c_case_number_13006582MM10A,0.0
categorical__c_case_number_13006413CF10A,0.0
categorical__c_case_number_13006415CF10A,0.0
categorical__c_case_number_13006418MM10A,0.0
categorical__c_case_number_13006419CF10A,0.0
categorical__c_case_number_13006424CF10A,0.0
categorical__c_case_number_13006433CF10A,0.0
categorical__c_case_number_13006435CF10A,0.0
categorical__c_case_number_13006437CF10A,0.0
categorical__c_case_number_13006444CF10A,0.0
categorical__c_case_number_13006461CF10A,0.0
categorical__c_case_number_13006502CF10A,0.0
categorical__c_case_number_13006464CF10A,0.0
categorical__c_case_number_13006471CF10A,0.0
categorical__c_case_number_13006472CF10A,0.0
categorical__c_case_number_13006473TC10A,0.0
categorical__c_case_number_13006481CF10A,0.0
categorical__c_case_number_13006483CF10A,0.0
categorical__c_case_number_13006489CF10A,0.0
categorical__c_case_number_13006496CF10A,0.0
categorical__c_case_number_13006497MM10A,0.0
categorical__c_case_number_13006498MM10A,0.0
categorical__c_case_number_13006463MM10A,0.0
categorical__c_case_number_13006742MM10A,0.0
categorical__c_case_number_13006746CF10A,0.0
categorical__c_case_number_13006749CF10A,0.0
categorical__c_case_number_13006755CF10A,0.0
categorical__c_case_number_13006759CF10A,0.0
categorical__c_case_number_13006759MM10A,0.0
categorical__c_case_number_13006761CF10A,0.0
categorical__c_case_number_13006766CF10A,0.0
categorical__c_case_number_13006767MM10A,0.0
categorical__c_case_number_13006769CF10A,0.0
categorical__c_case_number_13006619CF10A,0.0
categorical__c_case_number_13006784CF10A,0.0
categorical__c_case_number_13006785CF10A,0.0
categorical__c_case_number_13006791CF10A,0.0
categorical__c_case_number_13006794CF10A,0.0
categorical__c_case_number_13006795CF10A,0.0
categorical__c_case_number_13006799CF10A,0.0
categorical__c_case_number_13006806CF10A,0.0
categorical__c_case_number_13006809CF10A,0.0
categorical__c_case_number_13006815CF10A,0.0
categorical__c_case_number_13006827CF10A,0.0
categorical__c_case_number_13006769MM10A,0.0
categorical__c_case_number_13006620CF10A,0.0
categorical__c_case_number_13006620MM10A,0.0
categorical__c_case_number_13006627MM10A,0.0
categorical__c_case_number_13006629MM10A,0.0
categorical__c_case_number_13006645MM10A,0.0
categorical__c_case_number_13006646CF10A,0.0
categorical__c_case_number_13006649CF10A,0.0
categorical__c_case_number_13006649MM10A,0.0
categorical__c_case_number_13006650CF10A,0.0
categorical__c_case_number_13006650MM10A,0.0
categorical__c_case_number_13006741CF10A,0.0
categorical__c_case_number_13006655MO10A,0.0
categorical__c_case_number_13006656MM10A,0.0
categorical__c_case_number_13006675CF10A,0.0
categorical__c_case_number_13006678CF10A,0.0
categorical__c_case_number_13006688CF10A,0.0
categorical__c_case_number_13006695CF10A,0.0
categorical__c_case_number_13006723CF10A,0.0
categorical__c_case_number_13006726CF10A,0.0
categorical__c_case_number_13006730CF10A,0.0
categorical__c_case_number_13006732CF10A,0.0
categorical__c_case_number_13006654CF10A,0.0
categorical__c_case_number_13008048CF10A,0.0
categorical__c_case_number_13008070MM10A,0.0
categorical__c_case_number_13008071CF10A,0.0
categorical__c_case_number_13008078MM10A,0.0
categorical__c_case_number_13008095MM10A,0.0
categorical__c_case_number_13008099MM10A,0.0
categorical__c_case_number_13008102MM10A,0.0
categorical__c_case_number_13008117MM10A,0.0
categorical__c_case_number_13008123MM10A,0.0
categorical__c_case_number_13007341CF10A,0.0
categorical__c_case_number_13008154MM10A,0.0
categorical__c_case_number_13008161MM10A,0.0
categorical__c_case_number_13008163MM10A,0.0
categorical__c_case_number_13008165MM10A,0.0
categorical__c_case_number_13008172MM10A,0.0
categorical__c_case_number_13008180MM10A,0.0
categorical__c_case_number_13008181CF10A,0.0
categorical__c_case_number_13008193CF10A,0.0
categorical__c_case_number_13008230CF10A,0.0
categorical__c_case_number_13008253CF10A,0.0
categorical__c_case_number_13008128MM10A,0.0
categorical__c_case_number_13007808CF10A,0.0
categorical__c_case_number_13007819MM10A,0.0
categorical__c_case_number_13007855MM10A,0.0
categorical__c_case_number_13007858CF10A,0.0
categorical__c_case_number_13007866CF10A,0.0
categorical__c_case_number_13007875MM10A,0.0
categorical__c_case_number_13007880MM10A,0.0
categorical__c_case_number_13007916MM10A,0.0
categorical__c_case_number_13007917CF10A,0.0
categorical__c_case_number_13007935CF10A,0.0
categorical__c_case_number_13008020CF10A,0.0
categorical__c_case_number_13007958MM10A,0.0
categorical__c_case_number_13007964MM10A,0.0
categorical__c_case_number_13007972MM10A,0.0
categorical__c_case_number_13007982MM10A,0.0
categorical__c_case_number_13007984CF10A,0.0
categorical__c_case_number_13007997MM10A,0.0
categorical__c_case_number_13008008MM10A,0.0
categorical__c_case_number_13008009MM10A,0.0
categorical__c_case_number_13008010CF10A,0.0
categorical__c_case_number_13008016MM10A,0.0
categorical__c_case_number_13007937MM10A,0.0
categorical__c_case_number_13008503CF10A,0.0
categorical__c_case_number_13008506CF10A,0.0
categorical__c_case_number_13008532CF10A,0.0
categorical__c_case_number_13008536MM10A,0.0
categorical__c_case_number_13008542CF10A,0.0
categorical__c_case_number_13008544MM10A,0.0
categorical__c_case_number_13008546MM10A,0.0
categorical__c_case_number_13008550CF10A,0.0
categorical__c_case_number_13008601CF10A,0.0
categorical__c_case_number_13008618CF10A,0.0
categorical__c_case_number_13008274MM10A,0.0
categorical__c_case_number_13008631MM10A,0.0
categorical__c_case_number_13008632MM10A,0.0
categorical__c_case_number_13008645MM10A,0.0
categorical__c_case_number_13008650MM10A,0.0
categorical__c_case_number_13008670CF10A,0.0
categorical__c_case_number_13008672CF10A,0.0
categorical__c_case_number_13008676MM10A,0.0
categorical__c_case_number_13008689MM10A,0.0
categorical__c_case_number_13008693MM10A,0.0
categorical__c_case_number_13008698MM10A,0.0
categorical__c_case_number_13008630MO10A,0.0
categorical__c_case_number_13008295MM10A,0.0
categorical__c_case_number_13008298MM10A,0.0
categorical__c_case_number_13008303MM10A,0.0
categorical__c_case_number_13008304MM10A,0.0
categorical__c_case_number_13008305MM10A,0.0
categorical__c_case_number_13008322MM10A,0.0
categorical__c_case_number_13008324CF10A,0.0
categorical__c_case_number_13008331MM10A,0.0
categorical__c_case_number_13008338CF10A,0.0
categorical__c_case_number_13008342MM10A,0.0
categorical__c_case_number_13008474MM10A,0.0
categorical__c_case_number_13008355MM10A,0.0
categorical__c_case_number_13008356MM10A,0.0
categorical__c_case_number_13008358CF10A,0.0
categorical__c_case_number_13008373CF10A,0.0
categorical__c_case_number_13008390CF10A,0.0
categorical__c_case_number_13008447TC10A,0.0
categorical__c_case_number_13008466MM10A,0.0
categorical__c_case_number_13008468MM10A,0.0
categorical__c_case_number_13008471CF10A,0.0
categorical__c_case_number_13008472MM10A,0.0
categorical__c_case_number_13008351TC10A,0.0
categorical__c_case_number_13007454CF10A,0.0
categorical__c_case_number_13007466CF10A,0.0
categorical__c_case_number_13007466MM10A,0.0
categorical__c_case_number_13007467CF10A,0.0
categorical__c_case_number_13007473CF10A,0.0
categorical__c_case_number_13007476CF10A,0.0
categorical__c_case_number_13007477CF10A,0.0
categorical__c_case_number_13007480CF10A,0.0
categorical__c_case_number_13007482CF10A,0.0
categorical__c_case_number_13007802MM10A,0.0
categorical__c_case_number_13007488CF10A,0.0
categorical__c_case_number_13007491CF10A,0.0
categorical__c_case_number_13007492CF10A,0.0
categorical__c_case_number_13007499CF10A,0.0
categorical__c_case_number_13007501CF10A,0.0
categorical__c_case_number_13007505CF10A,0.0
categorical__c_case_number_13007510CF10A,0.0
categorical__c_case_number_13007523CF10A,0.0
categorical__c_case_number_13007528MM10A,0.0
categorical__c_case_number_13007530CF10A,0.0
categorical__c_case_number_13007486CF10A,0.0
categorical__c_case_number_13007359CF10A,0.0
categorical__c_case_number_13007360CF10A,0.0
categorical__c_case_number_13007366CF10A,0.0
categorical__c_case_number_13007370MM10A,0.0
categorical__c_case_number_13007371CF10A,0.0
categorical__c_case_number_13007374MM10A,0.0
categorical__c_case_number_13007385MM10A,0.0
categorical__c_case_number_13007394MM10A,0.0
categorical__c_case_number_13007397CF10A,0.0
categorical__c_case_number_13007416CF10A,0.0
categorical__c_case_number_13007450CF10A,0.0
categorical__c_case_number_13007418MM10A,0.0
categorical__c_case_number_13007423CF10A,0.0
categorical__c_case_number_13007426CF10A,0.0
categorical__c_case_number_13007430CF10A,0.0
categorical__c_case_number_13007433CF10A,0.0
categorical__c_case_number_13007440MM10A,0.0
categorical__c_case_number_13007442CF10A,0.0
categorical__c_case_number_13007445MM10A,0.0
categorical__c_case_number_13007446CF10A,0.0
categorical__c_case_number_13007447CF10A,0.0
categorical__c_case_number_13007417CF10A,0.0
categorical__c_case_number_13007634CF10A,0.0
categorical__c_case_number_13007640TC10A,0.0
categorical__c_case_number_13007646CF10A,0.0
categorical__c_case_number_13007651MM10A,0.0
categorical__c_case_number_13007654MM10A,0.0
categorical__c_case_number_13007655MM10A,0.0
categorical__c_case_number_13007666CF10A,0.0
categorical__c_case_number_13007672MM10A,0.0
categorical__c_case_number_13007676MM10A,0.0
categorical__c_case_number_13007680MM10A,0.0
categorical__c_case_number_13007533CF10A,0.0
categorical__c_case_number_13007725CF10A,0.0
categorical__c_case_number_13007726CF10A,0.0
categorical__c_case_number_13007744CF10A,0.0
categorical__c_case_number_13007775CF10A,0.0
categorical__c_case_number_13007776CF10A,0.0
categorical__c_case_number_13007787MM10A,0.0
categorical__c_case_number_13007789CF10A,0.0
categorical__c_case_number_13007791CF10A,0.0
categorical__c_case_number_13007797CF10A,0.0
categorical__c_case_number_13007802CF10A,0.0
categorical__c_case_number_13007691MM10A,0.0
categorical__c_case_number_13007540MM10A,0.0
categorical__c_case_number_13007549CF10A,0.0
categorical__c_case_number_13007555CF10A,0.0
categorical__c_case_number_13007560CF10A,0.0
categorical__c_case_number_13007563CF10A,0.0
categorical__c_case_number_13007565CF10A,0.0
categorical__c_case_number_13007576CF10A,0.0
categorical__c_case_number_13007593CF10A,0.0
categorical__c_case_number_13007597MM10A,0.0
categorical__c_case_number_13007599CF10A,0.0
categorical__c_case_number_13007627CF10A,0.0
categorical__c_case_number_13007601MM10A,0.0
categorical__c_case_number_13007602CF10A,0.0
categorical__c_case_number_13007603CF10A,0.0
categorical__c_case_number_13007609MM10A,0.0
categorical__c_case_number_13007616MM10A,0.0
categorical__c_case_number_13007619CF10A,0.0
categorical__c_case_number_13007621CF10A,0.0
categorical__c_case_number_13007624MM10A,0.0
categorical__c_case_number_13007625CF10A,0.0
categorical__c_case_number_13007626CF10A,0.0
categorical__c_case_number_13007601CF10A,0.0
categorical__c_case_number_12017038CF10A,0.0
categorical__c_case_number_12017050CF10A,0.0
categorical__c_case_number_12017104CF10A,0.0
categorical__c_case_number_12017179TC30A,0.0
categorical__c_case_number_12017200CF10A,0.0
categorical__c_case_number_12017244CF10A,0.0
categorical__c_case_number_12017311CF10A,0.0
categorical__c_case_number_12017517MM10A,0.0
categorical__c_case_number_12017664CF10A,0.0
categorical__c_case_number_13003373MM10A,0.0
categorical__c_case_number_12017819CF10A,0.0
categorical__c_case_number_12017847CF10A,0.0
categorical__c_case_number_12017851CF10A,0.0
categorical__c_case_number_12017860CF10A,0.0
categorical__c_case_number_12017918CF10A,0.0
categorical__c_case_number_12017929CF10A,0.0
categorical__c_case_number_12017959CF10A,0.0
categorical__c_case_number_12017968CF10A,0.0
categorical__c_case_number_12017982CF10A,0.0
categorical__c_case_number_12018010CF10A,0.0
categorical__c_case_number_12017764CF10A,0.0
categorical__c_case_number_12015843CF10A,0.0
categorical__c_case_number_12015942CF10A,0.0
categorical__c_case_number_12015964CF10A,0.0
categorical__c_case_number_12015996CF10A,0.0
categorical__c_case_number_12016046CF10A,0.0
categorical__c_case_number_12016064CF10A,0.0
categorical__c_case_number_12016112CF10A,0.0
categorical__c_case_number_12016221CF10A,0.0
categorical__c_case_number_12016300CF10A,0.0
categorical__c_case_number_12016358MM10A,0.0
categorical__c_case_number_12017010CF10A,0.0
categorical__c_case_number_12016410CF10A,0.0
categorical__c_case_number_12016504MM10A,0.0
categorical__c_case_number_12016646CF10A,0.0
categorical__c_case_number_12016651CF10A,0.0
categorical__c_case_number_12016746CF10A,0.0
categorical__c_case_number_12016802CF10A,0.0
categorical__c_case_number_12016850CF10A,0.0
categorical__c_case_number_12016933CF10A,0.0
categorical__c_case_number_12016990CF10A,0.0
categorical__c_case_number_12017006CF10A,0.0
categorical__c_case_number_12016368CF10A,0.0
categorical__c_case_number_12018809CF10A,0.0
categorical__c_case_number_12018849CF10A,0.0
categorical__c_case_number_12019235MM10A,0.0
categorical__c_case_number_12019369TC10A,0.0
categorical__c_case_number_12019864MM10A,0.0
categorical__c_case_number_12019905MM10A,0.0
categorical__c_case_number_12020160MM10A,0.0
categorical__c_case_number_12020358MM10A,0.0
categorical__c_case_number_12020597MM10A,0.0
categorical__c_case_number_12018170CF10A,0.0
categorical__c_case_number_12021485MM10A,0.0
categorical__c_case_number_12021892TC10A,0.0
categorical__c_case_number_12022160MM10A,0.0
categorical__c_case_number_12022220MM10A,0.0
categorical__c_case_number_12022394MM10A,0.0
categorical__c_case_number_12022838TC10A,0.0
categorical__c_case_number_12022946MO10A,0.0
categorical__c_case_number_12022971MM10A,0.0
categorical__c_case_number_12023063MM10A,0.0
categorical__c_case_number_12023207MM10A,0.0
categorical__c_case_number_12021226MM10A,0.0
categorical__c_case_number_12018195CF10A,0.0
categorical__c_case_number_12018201CF10A,0.0
categorical__c_case_number_12018293CF10A,0.0
categorical__c_case_number_12018298CF10A,0.0
categorical__c_case_number_12018329CF10A,0.0
categorical__c_case_number_12018393CF10A,0.0
categorical__c_case_number_12018408CF10A,0.0
categorical__c_case_number_12018423CF10A,0.0
categorical__c_case_number_12018428CF10A,0.0
categorical__c_case_number_12018443CF10A,0.0
categorical__c_case_number_12018767CF10A,0.0
categorical__c_case_number_12018476CF10A,0.0
categorical__c_case_number_12018532CF10A,0.0
categorical__c_case_number_12018672CF10A,0.0
categorical__c_case_number_12018690MM10A,0.0
categorical__c_case_number_12018707CF10A,0.0
categorical__c_case_number_12018748CF10A,0.0
categorical__c_case_number_12018748MM10A,0.0
categorical__c_case_number_12018751MM10A,0.0
categorical__c_case_number_12018752CF10A,0.0
categorical__c_case_number_12018762CF10A,0.0
categorical__c_case_number_12018452CF10A,0.0
categorical__c_case_number_12010393CF10A,0.0
categorical__c_case_number_12010459CF10A,0.0
categorical__c_case_number_12010479CF10A,0.0
categorical__c_case_number_12010548CF10A,0.0
categorical__c_case_number_12010556MM10A,0.0
categorical__c_case_number_12010613CF10A,0.0
categorical__c_case_number_12010684CF10A,0.0
categorical__c_case_number_12010699CF10A,0.0
categorical__c_case_number_12010779CF10A,0.0
categorical__c_case_number_12015804CF10A,0.0
categorical__c_case_number_12011145CF10A,0.0
categorical__c_case_number_12011350CF10A,0.0
categorical__c_case_number_12011362CF10A,0.0
categorical__c_case_number_12011657CF10A,0.0
categorical__c_case_number_12011660CF10A,0.0
categorical__c_case_number_12011759CF10A,0.0
categorical__c_case_number_12012009CF10A,0.0
categorical__c_case_number_12012054CF10A,0.0
categorical__c_case_number_12012106CF10A,0.0
categorical__c_case_number_12012229CF10A,0.0
categorical__c_case_number_12010890CF10A,0.0
categorical__c_case_number_12007727CF10A,0.0
categorical__c_case_number_12007837CF10A,0.0
categorical__c_case_number_12007973CF10A,0.0
categorical__c_case_number_12008029CF10A,0.0
categorical__c_case_number_12008113CF10A,0.0
categorical__c_case_number_12008280CF10A,0.0
categorical__c_case_number_12008376CF10A,0.0
categorical__c_case_number_12008652CF10A,0.0
categorical__c_case_number_12008794MM10A,0.0
categorical__c_case_number_12008851MM10A,0.0
categorical__c_case_number_12010013CF10A,0.0
categorical__c_case_number_12009076CF10A,0.0
categorical__c_case_number_12009173CF10A,0.0
categorical__c_case_number_12009221CF10A,0.0
categorical__c_case_number_12009386MM10A,0.0
categorical__c_case_number_12009514CF10A,0.0
categorical__c_case_number_12009614CF10A,0.0
categorical__c_case_number_12009681CF10A,0.0
categorical__c_case_number_12009689CF10A,0.0
categorical__c_case_number_12009778MM10A,0.0
categorical__c_case_number_12009951CF10A,0.0
categorical__c_case_number_12009003CF10A,0.0
categorical__c_case_number_12014508MM10A,0.0
categorical__c_case_number_12014635CF10A,0.0
categorical__c_case_number_12014646CF10A,0.0
categorical__c_case_number_12014745MM10A,0.0
categorical__c_case_number_12014773CF10A,0.0
categorical__c_case_number_12014798CF10A,0.0
categorical__c_case_number_12014982CF10A,0.0
categorical__c_case_number_12014999CF10A,0.0
categorical__c_case_number_12015004TC20A,0.0
categorical__c_case_number_12015023CF10A,0.0
categorical__c_case_number_12012443CF10A,0.0
categorical__c_case_number_12015065MO10A,0.0
categorical__c_case_number_12015243CF10A,0.0
categorical__c_case_number_12015318MM10A,0.0
categorical__c_case_number_12015342CF10A,0.0
categorical__c_case_number_12015375CF10A,0.0
categorical__c_case_number_12015557TC10A,0.0
categorical__c_case_number_12015700CF10A,0.0
categorical__c_case_number_12015728MM10A,0.0
categorical__c_case_number_12015748MM10A,0.0
categorical__c_case_number_12015794CF10A,0.0
categorical__c_case_number_12015053CF10A,0.0
categorical__c_case_number_12012449CF10A,0.0
categorical__c_case_number_12012719CO10A,0.0
categorical__c_case_number_12012807MM10A,0.0
categorical__c_case_number_12012951CF10A,0.0
categorical__c_case_number_12012959CF10A,0.0
categorical__c_case_number_12012979CF10A,0.0
categorical__c_case_number_12013014CF10A,0.0
categorical__c_case_number_12013129CF10A,0.0
categorical__c_case_number_12013210CF10A,0.0
categorical__c_case_number_12013432MM10A,0.0
categorical__c_case_number_12014461MM10A,0.0
categorical__c_case_number_12013535CF10A,0.0
categorical__c_case_number_12013597CF10A,0.0
categorical__c_case_number_12013696CF10A,0.0
categorical__c_case_number_12013816CF10A,0.0
categorical__c_case_number_12013834CF10A,0.0
categorical__c_case_number_12014001CF10A,0.0
categorical__c_case_number_12014025CF10A,0.0
categorical__c_case_number_12014029CF10A,0.0
categorical__c_case_number_12014130CF10A,0.0
categorical__c_case_number_12014345CF10A,0.0
categorical__c_case_number_12013508CF10A,0.0
categorical__c_case_number_13000251CF10A,0.0
categorical__c_case_number_13000258MM10A,0.0
categorical__c_case_number_13000263CF10A,0.0
categorical__c_case_number_13000270CF10A,0.0
categorical__c_case_number_13000272CF10A,0.0
categorical__c_case_number_13000275CF10A,0.0
categorical__c_case_number_13000278CF10A,0.0
categorical__c_case_number_13000279CF10A,0.0
categorical__c_case_number_13000282CF10A,0.0
categorical__c_case_number_12023383MM10A,0.0
categorical__c_case_number_13000289CF10A,0.0
categorical__c_case_number_13000290CF10A,0.0
categorical__c_case_number_13000295CF10A,0.0
categorical__c_case_number_13000304MM10A,0.0
categorical__c_case_number_13000306MM10A,0.0
categorical__c_case_number_13000307CF10A,0.0
categorical__c_case_number_13000312MM10A,0.0
categorical__c_case_number_13000313MM10A,0.0
categorical__c_case_number_13000317CF10A,0.0
categorical__c_case_number_13000318CF10A,0.0
categorical__c_case_number_13000286CF10A,0.0
categorical__c_case_number_13000137CF10A,0.0
categorical__c_case_number_13000138CF10A,0.0
categorical__c_case_number_13000139CF10A,0.0
categorical__c_case_number_13000140CF10A,0.0
categorical__c_case_number_13000151CF10A,0.0
categorical__c_case_number_13000167CF10A,0.0
categorical__c_case_number_13000173MM10A,0.0
categorical__c_case_number_13000174MM10A,0.0
categorical__c_case_number_13000175MM10A,0.0
categorical__c_case_number_13000178MM10A,0.0
categorical__c_case_number_13000247CF10A,0.0
categorical__c_case_number_13000194MM10A,0.0
categorical__c_case_number_13000195MM10A,0.0
categorical__c_case_number_13000196MM10A,0.0
categorical__c_case_number_13000198CF10A,0.0
categorical__c_case_number_13000201CF10A,0.0
categorical__c_case_number_13000208CF10A,0.0
categorical__c_case_number_13000208MM10A,0.0
categorical__c_case_number_13000224CF10A,0.0
categorical__c_case_number_13000241CF10A,0.0
categorical__c_case_number_13000246CF10A,0.0
categorical__c_case_number_13000191CF10A,0.0
categorical__c_case_number_13000433CF10A,0.0
categorical__c_case_number_13000441CF10A,0.0
categorical__c_case_number_13000444CF10A,0.0
categorical__c_case_number_13000448CF10A,0.0
categorical__c_case_number_13000459CF10A,0.0
categorical__c_case_number_13000460CF10A,0.0
categorical__c_case_number_13000460MM10A,0.0
categorical__c_case_number_13000461MM10A,0.0
categorical__c_case_number_13000467CF10A,0.0
categorical__c_case_number_13000467TC10A,0.0
categorical__c_case_number_13000319CF10A,0.0
categorical__c_case_number_13000470CF10A,0.0
categorical__c_case_number_13000471CF10A,0.0
categorical__c_case_number_13000477CF10A,0.0
categorical__c_case_number_13000495CF10A,0.0
categorical__c_case_number_13000497TC10A,0.0
categorical__c_case_number_13000501CF10A,0.0
categorical__c_case_number_13000502CF10A,0.0
categorical__c_case_number_13000503CF10A,0.0
categorical__c_case_number_13000512CF10A,0.0
categorical__c_case_number_13000518MM10A,0.0
categorical__c_case_number_13000468CF10A,0.0
categorical__c_case_number_13000320CF10A,0.0
categorical__c_case_number_13000322CF10A,0.0
categorical__c_case_number_13000326CF10A,0.0
categorical__c_case_number_13000330CF10A,0.0
categorical__c_case_number_13000335CF10A,0.0
categorical__c_case_number_13000358CF10A,0.0
categorical__c_case_number_13000375CF10A,0.0
categorical__c_case_number_13000380CF10A,0.0
categorical__c_case_number_13000386CF10A,0.0
categorical__c_case_number_13000387CF10A,0.0
categorical__c_case_number_13000430CF10A,0.0
categorical__c_case_number_13000390CF10A,0.0
categorical__c_case_number_13000390MM10A,0.0
categorical__c_case_number_13000391CF10A,0.0
categorical__c_case_number_13000391MM10A,0.0
categorical__c_case_number_13000393CF10A,0.0
categorical__c_case_number_13000395CF10A,0.0
categorical__c_case_number_13000396CF10A,0.0
categorical__c_case_number_13000399CF10A,0.0
categorical__c_case_number_13000400CF10A,0.0
categorical__c_case_number_13000412CF10A,0.0
categorical__c_case_number_13000389MM10A,0.0
categorical__c_case_number_12026644TC10A,0.0
categorical__c_case_number_12039480TC10A,0.0
categorical__c_case_number_12042413TC10A,0.0
categorical__c_case_number_12043635TC10A,0.0
categorical__c_case_number_12047991TC10A,0.0
categorical__c_case_number_12052779TC10A,0.0
categorical__c_case_number_12055993TC10A,0.0
categorical__c_case_number_12056716TC10A,0.0
categorical__c_case_number_12058249TC10A,0.0
categorical__c_case_number_13000134CF10A,0.0
categorical__c_case_number_12059636TC10A,0.0
categorical__c_case_number_12072600TC30A,0.0
categorical__c_case_number_12078938TC20A,0.0
categorical__c_case_number_12140584TC30A,0.0
categorical__c_case_number_12164131TC30A,0.0
categorical__c_case_number_13000001TC10A,0.0
categorical__c_case_number_13000002MM10A,0.0
categorical__c_case_number_13000005CF10A,0.0
categorical__c_case_number_13000006MM10A,0.0
categorical__c_case_number_13000010CF10A,0.0
categorical__c_case_number_12058957TC10A,0.0
categorical__c_case_number_12023915MM10A,0.0
categorical__c_case_number_12024026MM10A,0.0
categorical__c_case_number_12024138MM10A,0.0
categorical__c_case_number_12024312MM10A,0.0
categorical__c_case_number_12024497MM10A,0.0
categorical__c_case_number_12024513MM10A,0.0
categorical__c_case_number_12024611MO10A,0.0
categorical__c_case_number_12024683MM10A,0.0
categorical__c_case_number_12025273MM10A,0.0
categorical__c_case_number_12025281NI20A,0.0
categorical__c_case_number_12026489MM10A,0.0
categorical__c_case_number_12025503MM10A,0.0
categorical__c_case_number_12025506MM10A,0.0
categorical__c_case_number_12025639MO10A,0.0
categorical__c_case_number_12025753MM10A,0.0
categorical__c_case_number_12025993MM10A,0.0
categorical__c_case_number_12026002MM10A,0.0
categorical__c_case_number_12026154MM10A,0.0
categorical__c_case_number_12026166MM10A,0.0
categorical__c_case_number_12026283MM10A,0.0
categorical__c_case_number_12026484MM10A,0.0
categorical__c_case_number_12025316MM10A,0.0
categorical__c_case_number_13000071CF10A,0.0
categorical__c_case_number_13000072CF10A,0.0
categorical__c_case_number_13000075CF10A,0.0
categorical__c_case_number_13000079CF10A,0.0
categorical__c_case_number_13000084CF10A,0.0
categorical__c_case_number_13000085CF10A,0.0
categorical__c_case_number_13000085MM30A,0.0
categorical__c_case_number_13000088CF10A,0.0
categorical__c_case_number_13000091CF10A,0.0
categorical__c_case_number_13000095CF10A,0.0
categorical__c_case_number_13000017CF10A,0.0
categorical__c_case_number_13000098CF10A,0.0
categorical__c_case_number_13000103CF10A,0.0
categorical__c_case_number_13000107CF10A,0.0
categorical__c_case_number_13000112CF10A,0.0
categorical__c_case_number_13000112MM10A,0.0
categorical__c_case_number_13000121CF10A,0.0
categorical__c_case_number_13000123CF10A,0.0
categorical__c_case_number_13000124CF10A,0.0
categorical__c_case_number_13000125CF10A,0.0
categorical__c_case_number_13000130CF10A,0.0
categorical__c_case_number_13000096CF10A,0.0
categorical__c_case_number_13000025MM10A,0.0
categorical__c_case_number_13000026CF10A,0.0
categorical__c_case_number_13000031CF10A,0.0
categorical__c_case_number_13000032CF10A,0.0
categorical__c_case_number_13000034CF10A,0.0
categorical__c_case_number_13000035MM10A,0.0
categorical__c_case_number_13000037CF10A,0.0
categorical__c_case_number_13000039CF10A,0.0
categorical__c_case_number_13000041MM10A,0.0
categorical__c_case_number_13000047CF10A,0.0
categorical__c_case_number_13000069CF10A,0.0
categorical__c_case_number_13000050CF10A,0.0
categorical__c_case_number_13000053MM10A,0.0
categorical__c_case_number_13000055MM10A,0.0
categorical__c_case_number_13000056MM10A,0.0
categorical__c_case_number_13000057CF10A,0.0
categorical__c_case_number_13000060MM10A,0.0
categorical__c_case_number_13000061MM10A,0.0
categorical__c_case_number_13000062MM10A,0.0
categorical__c_case_number_13000066CF10A,0.0
categorical__c_case_number_13000067CF10A,0.0
categorical__c_case_number_13000048MM10A,0.0
categorical__c_case_number_09020924CF10A,0.0
categorical__c_case_number_09021940MM10A,0.0
categorical__c_case_number_09022719CF10A,0.0
categorical__c_case_number_09022790CF10A,0.0
categorical__c_case_number_09024265TC10A,0.0
categorical__c_case_number_09024482MM10A,0.0
categorical__c_case_number_09066249TC30A,0.0
categorical__c_case_number_10000783MM30A,0.0
categorical__c_case_number_10000805CF10A,0.0
categorical__c_case_number_12007678MM10A,0.0
categorical__c_case_number_10001656CF10A,0.0
categorical__c_case_number_10001925CF10B,0.0
categorical__c_case_number_10002822CF10A,0.0
categorical__c_case_number_10002862CF10A,0.0
categorical__c_case_number_10004575MM10A,0.0
categorical__c_case_number_10005414CF10A,0.0
categorical__c_case_number_10005511CF10A,0.0
categorical__c_case_number_10006429CF10A,0.0
categorical__c_case_number_10006540CF10B,0.0
categorical__c_case_number_10007133CF10A,0.0
categorical__c_case_number_10001021CF10A,0.0
categorical__c_case_number_09002234CF10A,0.0
categorical__c_case_number_09002853MO30A,0.0
categorical__c_case_number_09002935MM10A,0.0
categorical__c_case_number_09005522CF10A,0.0
categorical__c_case_number_09006566CF10A,0.0
categorical__c_case_number_09006688CF10A,0.0
categorical__c_case_number_09007328CF10A,0.0
categorical__c_case_number_09007486CF10A,0.0
categorical__c_case_number_09008167CF10A,0.0
categorical__c_case_number_09010005CF10A,0.0
categorical__c_case_number_09019388MM10A,0.0
categorical__c_case_number_09011772CF10A,0.0
categorical__c_case_number_09012616CF10B,0.0
categorical__c_case_number_09013094CF10A,0.0
categorical__c_case_number_09013475CF10A,0.0
categorical__c_case_number_09013778CF10A,0.0
categorical__c_case_number_09014657TI20A,0.0
categorical__c_case_number_09018346CF10A,0.0
categorical__c_case_number_09018661CF10A,0.0
categorical__c_case_number_09018697MM10A,0.0
categorical__c_case_number_09018753TC10A,0.0
categorical__c_case_number_09011413CF10A,0.0
categorical__c_case_number_10017288CF10A,0.0
categorical__c_case_number_10017474CF10A,0.0
categorical__c_case_number_10018309CF10A,0.0
categorical__c_case_number_10018447CF10A,0.0
categorical__c_case_number_10019497CF10A,0.0
categorical__c_case_number_10020216MM10A,0.0
categorical__c_case_number_10020252CF10A,0.0
categorical__c_case_number_10020426CF10A,0.0
categorical__c_case_number_10020847CF10A,0.0
categorical__c_case_number_10021781CF10A,0.0
categorical__c_case_number_10008126CF10A,0.0
categorical__c_case_number_10023009MM10A,0.0
categorical__c_case_number_10024514TC40A,0.0
categorical__c_case_number_10024535MM10A,0.0
categorical__c_case_number_10024797MM10A,0.0
categorical__c_case_number_10026202MM10A,0.0
categorical__c_case_number_10027101MM10A,0.0
categorical__c_case_number_10027144MM10A,0.0
categorical__c_case_number_10047214TC10A,0.0
categorical__c_case_number_10077131TC30A,0.0
categorical__c_case_number_11000274CF10A,0.0
categorical__c_case_number_10021864CF10A,0.0
categorical__c_case_number_10008298MM10A,0.0
categorical__c_case_number_10008587MO10A,0.0
categorical__c_case_number_10009122CF10A,0.0
categorical__c_case_number_10009916CF10A,0.0
categorical__c_case_number_10010012CF10A,0.0
categorical__c_case_number_10010032CF10A,0.0
categorical__c_case_number_10011278CF10A,0.0
categorical__c_case_number_10011424CF10A,0.0
categorical__c_case_number_10011555CF10A,0.0
categorical__c_case_number_10012932CF10A,0.0
categorical__c_case_number_10017179CF10A,0.0
categorical__c_case_number_10013534CF10A,0.0
categorical__c_case_number_10014332CF10A,0.0
categorical__c_case_number_10014588CF10A,0.0
categorical__c_case_number_10014591CF10A,0.0
categorical__c_case_number_10014854CF10A,0.0
categorical__c_case_number_10015308CF10A,0.0
categorical__c_case_number_10015383CF10A,0.0
categorical__c_case_number_10016285TC10A,0.0
categorical__c_case_number_10016314CF10A,0.0
categorical__c_case_number_10017138MM10A,0.0
categorical__c_case_number_10013335CF10B,0.0
categorical__out_custody_2016-04-08,0.0
categorical__out_custody_2016-04-09,0.0
categorical__out_custody_2016-04-11,0.0
categorical__out_custody_2016-04-18,0.0
categorical__out_custody_2016-04-19,0.0
categorical__age_cat_Greater than 45,0.0
categorical__c_case_number_04027017MM10A,0.0
categorical__c_case_number_04052533TC30A,0.0
categorical__c_case_number_05002511CF10A,0.0
categorical__c_case_number_09001823MM30A,0.0
categorical__c_case_number_05014965CF10A,0.0
categorical__c_case_number_05020781MM10A,0.0
categorical__c_case_number_05034850TC10A,0.0
categorical__c_case_number_06001402MM40A,0.0
categorical__c_case_number_06007045CF10A,0.0
categorical__c_case_number_06011505CF10A,0.0
categorical__c_case_number_06015054MM10A,0.0
categorical__c_case_number_06021703CF10A,0.0
categorical__c_case_number_06023809MM10A,0.0
categorical__c_case_number_06093744TC20A,0.0
categorical__c_case_number_05003601CF10A,0.0
categorical__c_case_number_04017955CF10A,0.0
categorical__out_custody_2016-03-22,0.0
categorical__out_custody_2016-03-21,0.0
categorical__c_case_number_01004839CF10A,0.0
categorical__out_custody_2020-01-01,0.0
numeric__juv_fel_count,0.0
numeric__juv_misd_count,0.0
numeric__juv_other_count,0.0
numeric__priors_count,0.0
numeric__days_b_screening_arrest,0.0
categorical__out_custody_2016-04-06,0.0
numeric__decile_score.1,0.0
categorical__c_case_number_00022077MM10A,0.0
categorical__out_custody_2016-03-23,0.0
categorical__out_custody_2016-03-27,0.0
categorical__out_custody_2016-03-28,0.0
categorical__out_custody_2016-03-29,0.0
categorical__out_custody_2016-03-30,0.0
categorical__out_custody_2016-04-01,0.0
categorical__out_custody_2016-04-02,0.0
categorical__out_custody_2016-04-05,0.0
numeric__c_days_from_compas,0.0
categorical__c_case_number_08014336CF10A,0.0
categorical__c_case_number_08015707CF10A,0.0
categorical__c_case_number_08015791CF10A,0.0
categorical__c_case_number_08018965CF10A,0.0
categorical__c_case_number_08020871CF10A,0.0
categorical__c_case_number_08021085MM10A,0.0
categorical__c_case_number_08021349CF10A,0.0
categorical__c_case_number_08021895MM10A,0.0
categorical__c_case_number_08022579MO10A,0.0
categorical__c_case_number_08023125CF10A,0.0
categorical__c_case_number_07003603CF10A,0.0
categorical__c_case_number_08023891CF10A,0.0
categorical__c_case_number_08024134CF10A,0.0
categorical__c_case_number_08025512TC10A,0.0
categorical__c_case_number_08027016MM10A,0.0
categorical__c_case_number_08027204MM10A,0.0
categorical__c_case_number_08058411TC40A,0.0
categorical__c_case_number_09000226MM10A,0.0
categorical__c_case_number_09000911CF10A,0.0
categorical__c_case_number_09001028TC10A,0.0
categorical__c_case_number_09001262CF10A,0.0
categorical__c_case_number_08023370CF10A,0.0
categorical__c_case_number_07006838CF10A,0.0
categorical__c_case_number_07010629CF10A,0.0
categorical__c_case_number_07011575CF10A,0.0
categorical__c_case_number_07012379CF10A,0.0
categorical__c_case_number_07013022CF10A,0.0
categorical__c_case_number_07014551CF10A,0.0
categorical__c_case_number_07017047CF10A,0.0
categorical__c_case_number_07023637CF10A,0.0
categorical__c_case_number_07028509MM10A,0.0
categorical__c_case_number_07049837TC10A,0.0
categorical__c_case_number_08013538CF10A,0.0
categorical__c_case_number_08001926CF10A,0.0
categorical__c_case_number_08002767MM40A,0.0
categorical__c_case_number_08003375MM20A,0.0
categorical__c_case_number_08003795CF10A,0.0
categorical__c_case_number_08003834CF10A,0.0
categorical__c_case_number_08004604CF10A,0.0
categorical__c_case_number_08005705CF10A,0.0
categorical__c_case_number_08007031CF10A,0.0
categorical__c_case_number_08008163MM10A,0.0
categorical__c_case_number_08010781CF10A,0.0
categorical__c_case_number_07091584TC20A,0.0
categorical__c_case_number_12000560MM20A,0.0
categorical__c_case_number_12000637CF10A,0.0
categorical__c_case_number_12000670CF10A,0.0
categorical__c_case_number_12000792CF10A,0.0
categorical__c_case_number_12000821CF10A,0.0
categorical__c_case_number_12001097MO40A,0.0
categorical__c_case_number_12001226MM30A,0.0
categorical__c_case_number_12001255TC10A,0.0
categorical__c_case_number_12001290CF10A,0.0
categorical__c_case_number_11000301CF10A,0.0
categorical__c_case_number_12001481CF10A,0.0
categorical__c_case_number_12001565CF10A,0.0
categorical__c_case_number_12001627CF10A,0.0
categorical__c_case_number_12002308CF10A,0.0
categorical__c_case_number_12002361CF10A,0.0
categorical__c_case_number_12002463CF10A,0.0
categorical__c_case_number_12002493MM20A,0.0
categorical__c_case_number_12002654CF10A,0.0
categorical__c_case_number_12002724MM10A,0.0
categorical__c_case_number_12002830CF10A,0.0
categorical__c_case_number_12001442CF10A,0.0
categorical__c_case_number_11020634CF10A,0.0
categorical__c_case_number_11020721CF10A,0.0
categorical__c_case_number_11021360MM10A,0.0
categorical__c_case_number_11024059MM10A,0.0
categorical__c_case_number_11025606MM10A,0.0
categorical__c_case_number_11025642MO10A,0.0
categorical__c_case_number_11026244MO10A,0.0
categorical__c_case_number_11027500MM10A,0.0
categorical__c_case_number_11033444TC20A,0.0
categorical__c_case_number_11037540TC10A,0.0
categorical__c_case_number_12000507CF10A,0.0
categorical__c_case_number_11067674TC40A,0.0
categorical__c_case_number_11070116TC40A,0.0
categorical__c_case_number_11078240TC20A,0.0
categorical__c_case_number_11083457TC20A,0.0
categorical__c_case_number_11126344TI30A,0.0
categorical__c_case_number_12000192CF10A,0.0
categorical__c_case_number_12000212CF10A,0.0
categorical__c_case_number_12000242CF10A,0.0
categorical__c_case_number_12000304CF10A,0.0
categorical__c_case_number_12000487MO30A,0.0
categorical__c_case_number_11046593TC10A,0.0
categorical__c_case_number_12005333CF10A,0.0
categorical__c_case_number_12005343CF10A,0.0
categorical__c_case_number_12005378CF10A,0.0
categorical__c_case_number_12005397MO10A,0.0
categorical__c_case_number_12005555MM10A,0.0
categorical__c_case_number_12005599MM10A,0.0
categorical__c_case_number_12005643CF10A,0.0
categorical__c_case_number_12005762MM10A,0.0
categorical__c_case_number_12005832CF10A,0.0
categorical__c_case_number_12005852MO40A,0.0
categorical__c_case_number_12002905CF10A,0.0
categorical__c_case_number_12006115CF10A,0.0
categorical__c_case_number_12006122CF10A,0.0
categorical__c_case_number_12006176MM10A,0.0
categorical__c_case_number_12006180CF10A,0.0
categorical__c_case_number_12006199CF10A,0.0
categorical__c_case_number_12006269MM10A,0.0
categorical__c_case_number_12006842CF10A,0.0
categorical__c_case_number_12007246CF10A,0.0
categorical__c_case_number_12007422MO10A,0.0
categorical__c_case_number_12007620CF10A,0.0
categorical__c_case_number_12005943CF10A,0.0
categorical__c_case_number_12002931CF10A,0.0
categorical__c_case_number_12003002CF10A,0.0
categorical__c_case_number_12003079MM10A,0.0
categorical__c_case_number_12003092CF10A,0.0
categorical__c_case_number_12003226MM10A,0.0
categorical__c_case_number_12003284MO40A,0.0
categorical__c_case_number_12003419MM10A,0.0
categorical__c_case_number_12003600CF10A,0.0
categorical__c_case_number_12003623CF10A,0.0
categorical__c_case_number_12003670CF10A,0.0
categorical__c_case_number_12005060MM10A,0.0
categorical__c_case_number_12003953MM10A,0.0
categorical__c_case_number_12004305CF10A,0.0
categorical__c_case_number_12004314CF10A,0.0
categorical__c_case_number_12004391CF10A,0.0
categorical__c_case_number_12004489MM10A,0.0
categorical__c_case_number_12004753CF10A,0.0
categorical__c_case_number_12004926CF10A,0.0
categorical__c_case_number_12005031CF10A,0.0
categorical__c_case_number_12005033CF10A,0.0
categorical__c_case_number_12005047CF10A,0.0
categorical__c_case_number_12003875MM10A,0.0
categorical__c_case_number_11006754CF10A,0.0
categorical__c_case_number_11007679TC40A,0.0
categorical__c_case_number_11007863CF10A,0.0
categorical__c_case_number_11008067CF10A,0.0
categorical__c_case_number_11008191CF10A,0.0
categorical__c_case_number_11008341CF10A,0.0
categorical__c_case_number_11008629CF10A,0.0
categorical__c_case_number_11008772CF10A,0.0
categorical__c_case_number_11008987MM10A,0.0
categorical__c_case_number_11020604CF10A,0.0
categorical__c_case_number_11010506CF10A,0.0
categorical__c_case_number_11010574CF10A,0.0
categorical__c_case_number_11011212CF10A,0.0
categorical__c_case_number_11011337MM10A,0.0
categorical__c_case_number_11011470MM10A,0.0
categorical__c_case_number_11012041CF10A,0.0
categorical__c_case_number_11012497CF10A,0.0
categorical__c_case_number_11012675MM10A,0.0
categorical__c_case_number_11012788CF10A,0.0
categorical__c_case_number_11012836CF10A,0.0
categorical__c_case_number_11009021CF10A,0.0
categorical__c_case_number_11000338CF10A,0.0
categorical__c_case_number_11000491MM30A,0.0
categorical__c_case_number_11000917CF10A,0.0
categorical__c_case_number_11000991CF10A,0.0
categorical__c_case_number_11001609CF10A,0.0
categorical__c_case_number_11001881CF10A,0.0
categorical__c_case_number_11001942CF10A,0.0
categorical__c_case_number_11002011CF10A,0.0
categorical__c_case_number_11003049CF10A,0.0
categorical__c_case_number_11003279CF10A,0.0
categorical__c_case_number_11006737CF10A,0.0
categorical__c_case_number_11003425CF10A,0.0
categorical__c_case_number_11003479MO40A,0.0
categorical__c_case_number_11003760CF10A,0.0
categorical__c_case_number_11004179MO10A,0.0
categorical__c_case_number_11004198CF10A,0.0
categorical__c_case_number_11004711CF10A,0.0
categorical__c_case_number_11005074MM10B,0.0
categorical__c_case_number_11005752CF10A,0.0
categorical__c_case_number_11006386CF10A,0.0
categorical__c_case_number_11006650MM10A,0.0
categorical__c_case_number_11003377CF10A,0.0
categorical__c_case_number_11016528CF10A,0.0
categorical__c_case_number_11016558CF10A,0.0
categorical__c_case_number_11017327MM10A,0.0
categorical__c_case_number_11017426MM10A,0.0
categorical__c_case_number_11018142CF10A,0.0
categorical__c_case_number_11018233MM10A,0.0
categorical__c_case_number_11018746CF10A,0.0
categorical__c_case_number_11018844CF10A,0.0
categorical__c_case_number_11018891CF10A,0.0
categorical__c_case_number_11018944TC40A,0.0
categorical__c_case_number_11013003CF10A,0.0
categorical__c_case_number_11019278CF10A,0.0
categorical__c_case_number_11019376CF10A,0.0
categorical__c_case_number_11019434CF10A,0.0
categorical__c_case_number_11019440CF10A,0.0
categorical__c_case_number_11019841CF10A,0.0
categorical__c_case_number_11019971CF10A,0.0
categorical__c_case_number_11020217CF10A,0.0
categorical__c_case_number_11020261CF10A,0.0
categorical__c_case_number_11020517MM10A,0.0
categorical__c_case_number_11020553CF10A,0.0
categorical__c_case_number_11019061CF10A,0.0
categorical__c_case_number_11013082CF10A,0.0
categorical__c_case_number_11013444CF10A,0.0
categorical__c_case_number_11013456CF10A,0.0
categorical__c_case_number_11013532CF10A,0.0
categorical__c_case_number_11013722MM10A,0.0
categorical__c_case_number_11013978MM10A,0.0
categorical__c_case_number_11014072CF10A,0.0
categorical__c_case_number_11014152CF10A,0.0
categorical__c_case_number_11014207CF10A,0.0
categorical__c_case_number_11014296CF10A,0.0
categorical__c_case_number_11016387CF10A,0.0
categorical__c_case_number_11014497CF10A,0.0
categorical__c_case_number_11014564CF10A,0.0
categorical__c_case_number_11014615CF10A,0.0
categorical__c_case_number_11014702CF10A,0.0
categorical__c_case_number_11015127CF10A,0.0
categorical__c_case_number_11015284CF10A,0.0
categorical__c_case_number_11015474CF10A,0.0
categorical__c_case_number_11015816CF10A,0.0
categorical__c_case_number_11015818MM10A,0.0
categorical__c_case_number_11016118CF10A,0.0
categorical__c_case_number_11014376CF10A,0.0
categorical__c_case_number_13002481CF10A,0.0
categorical__c_case_number_13002483CF10A,0.0
categorical__c_case_number_13002485CF10A,0.0
categorical__c_case_number_13002495CF10A,0.0
categorical__c_case_number_13002507CF10A,0.0
categorical__c_case_number_13002508CF10A,0.0
categorical__c_case_number_13002509CF10A,0.0
categorical__c_case_number_13002516CF10A,0.0
categorical__c_case_number_13002518CF10A,0.0
categorical__c_case_number_13000523CF10A,0.0
categorical__c_case_number_13002526CF10A,0.0
categorical__c_case_number_13002527CF10A,0.0
categorical__c_case_number_13002528CF10A,0.0
categorical__c_case_number_13002529CF10A,0.0
categorical__c_case_number_13002530CF10A,0.0
categorical__c_case_number_13002537CF10A,0.0
categorical__c_case_number_13002537MM10A,0.0
categorical__c_case_number_13002538CF10A,0.0
categorical__c_case_number_13002542CF10A,0.0
categorical__c_case_number_13002542MM10A,0.0
categorical__c_case_number_13002524CF10A,0.0
categorical__c_case_number_13002400MM10A,0.0
categorical__c_case_number_13002401MM10A,0.0
categorical__c_case_number_13002402CF10A,0.0
categorical__c_case_number_13002405MM10A,0.0
categorical__c_case_number_13002407MM10A,0.0
categorical__c_case_number_13002411CF10A,0.0
categorical__c_case_number_13002415CF10A,0.0
categorical__c_case_number_13002419MM10A,0.0
categorical__c_case_number_13002420CF10A,0.0
categorical__c_case_number_13002423CF10A,0.0
categorical__c_case_number_13002475CF10A,0.0
categorical__c_case_number_13002427CF10A,0.0
categorical__c_case_number_13002432MM10A,0.0
categorical__c_case_number_13002436CF10A,0.0
categorical__c_case_number_13002440MM10A,0.0
categorical__c_case_number_13002444MM10A,0.0
categorical__c_case_number_13002445CF10A,0.0
categorical__c_case_number_13002448CF10A,0.0
categorical__c_case_number_13002455MM10A,0.0
categorical__c_case_number_13002463CF10A,0.0
categorical__c_case_number_13002465CF10A,0.0
categorical__c_case_number_13002425CF10A,0.0
categorical__c_case_number_13002625CF10A,0.0
categorical__c_case_number_13002627CF10A,0.0
categorical__c_case_number_13002630CF10A,0.0
categorical__c_case_number_13002636CF10A,0.0
categorical__c_case_number_13002656CF10A,0.0
categorical__c_case_number_13002658CF10A,0.0
categorical__c_case_number_13002666CF10A,0.0
categorical__c_case_number_13002667CF10A,0.0
categorical__c_case_number_13002668CF10A,0.0
categorical__c_case_number_13002543MM10A,0.0
categorical__c_case_number_13002674CF10A,0.0
categorical__c_case_number_13002675CF10A,0.0
categorical__c_case_number_13002677CF10A,0.0
categorical__c_case_number_13002681CF10A,0.0
categorical__c_case_number_13002684CF10A,0.0
categorical__c_case_number_13002685CF10A,0.0
categorical__c_case_number_13002686CF10A,0.0
categorical__c_case_number_13002692CF10A,0.0
categorical__c_case_number_13002693CF10A,0.0
categorical__c_case_number_13002696CF10A,0.0
categorical__c_case_number_13002673CF10A,0.0
categorical__c_case_number_13002550CF10A,0.0
categorical__c_case_number_13002555MM10A,0.0
categorical__c_case_number_13002556CF10A,0.0
categorical__c_case_number_13002558CF10A,0.0
categorical__c_case_number_13002559MM10A,0.0
categorical__c_case_number_13002561CF10A,0.0
categorical__c_case_number_13002563CF10A,0.0
categorical__c_case_number_13002564CF10A,0.0
categorical__c_case_number_13002565MM10A,0.0
categorical__c_case_number_13002573CF10A,0.0
categorical__c_case_number_13002619CF10A,0.0
categorical__c_case_number_13002585CF10A,0.0
categorical__c_case_number_13002589CF10A,0.0
categorical__c_case_number_13002591CF10A,0.0
categorical__c_case_number_13002600CF10A,0.0
categorical__c_case_number_13002603CF10A,0.0
categorical__c_case_number_13002610CF10A,0.0
categorical__c_case_number_13002611CF10A,0.0
categorical__c_case_number_13002614CF10A,0.0
categorical__c_case_number_13002615CF10A,0.0
categorical__c_case_number_13002617CF10A,0.0
categorical__c_case_number_13002580CF10A,0.0
categorical__c_case_number_13002123CF10A,0.0
categorical__c_case_number_13002127CF10A,0.0
categorical__c_case_number_13002139CF10A,0.0
categorical__c_case_number_13002146TC10A,0.0
categorical__c_case_number_13002156CF10A,0.0
categorical__c_case_number_13002163MM10A,0.0
categorical__c_case_number_13002170MO10A,0.0
categorical__c_case_number_13002173MO10A,0.0
categorical__c_case_number_13002177CF10A,0.0
categorical__c_case_number_13002393MM10A,0.0
categorical__c_case_number_13002190MM10A,0.0
categorical__c_case_number_13002192CF10A,0.0
categorical__c_case_number_13002206CF10A,0.0
categorical__c_case_number_13002220CF10A,0.0
categorical__c_case_number_13002220MM10A,0.0
categorical__c_case_number_13002233CF10A,0.0
categorical__c_case_number_13002237CF10A,0.0
categorical__c_case_number_13002240CF10A,0.0
categorical__c_case_number_13002242CF10A,0.0
categorical__c_case_number_13002244CF10A,0.0
categorical__c_case_number_13002183MM10A,0.0
categorical__c_case_number_13002040CF10A,0.0
categorical__c_case_number_13002044CF10A,0.0
categorical__c_case_number_13002059CF10A,0.0
categorical__c_case_number_13002060CF10A,0.0
categorical__c_case_number_13002065CF10A,0.0
categorical__c_case_number_13002070CF10A,0.0
categorical__c_case_number_13002073CF10A,0.0
categorical__c_case_number_13002077MM10A,0.0
categorical__c_case_number_13002078CF10A,0.0
categorical__c_case_number_13002081MM10A,0.0
categorical__c_case_number_13002115TC10A,0.0
categorical__c_case_number_13002086CF10A,0.0
categorical__c_case_number_13002091CF10A,0.0
categorical__c_case_number_13002096MM10A,0.0
categorical__c_case_number_13002100CF10A,0.0
categorical__c_case_number_13002104MM10A,0.0
categorical__c_case_number_13002105CF10A,0.0
categorical__c_case_number_13002106CF10A,0.0
categorical__c_case_number_13002109CF10A,0.0
categorical__c_case_number_13002110CF10A,0.0
categorical__c_case_number_13002112CF10A,0.0
categorical__c_case_number_13002085MM10A,0.0
categorical__c_case_number_13002336MM20A,0.0
categorical__c_case_number_13002338CF10A,0.0
categorical__c_case_number_13002345CF10A,0.0
categorical__c_case_number_13002346CF10A,0.0
categorical__c_case_number_13002355CF10A,0.0
categorical__c_case_number_13002358CF10A,0.0
categorical__c_case_number_13002360MM10A,0.0
categorical__c_case_number_13002363MM10A,0.0
categorical__c_case_number_13002365CF10A,0.0
categorical__c_case_number_13002367CF10A,0.0
categorical__c_case_number_13002247CF10A,0.0
categorical__c_case_number_13002368MM10A,0.0
categorical__c_case_number_13002371MM10A,0.0
categorical__c_case_number_13002376MM10A,0.0
categorical__c_case_number_13002377MM10A,0.0
categorical__c_case_number_13002382CF10A,0.0
categorical__c_case_number_13002383CF10A,0.0
categorical__c_case_number_13002383MM10A,0.0
categorical__c_case_number_13002386CF10A,0.0
categorical__c_case_number_13002391CF10A,0.0
categorical__c_case_number_13002391MM10A,0.0
categorical__c_case_number_13002368CF10A,0.0
categorical__c_case_number_13002251CF10A,0.0
categorical__c_case_number_13002254MM10A,0.0
categorical__c_case_number_13002257CF10A,0.0
categorical__c_case_number_13002257MM10A,0.0
categorical__c_case_number_13002258CF10A,0.0
categorical__c_case_number_13002266CF10A,0.0
categorical__c_case_number_13002267CF10A,0.0
categorical__c_case_number_13002274CF10A,0.0
categorical__c_case_number_13002275MM10A,0.0
categorical__c_case_number_13002276MM10A,0.0
categorical__c_case_number_13002335CF10A,0.0
categorical__c_case_number_13002293CF10A,0.0
categorical__c_case_number_13002302CF10A,0.0
categorical__c_case_number_13002303CF10A,0.0
categorical__c_case_number_13002305CF10A,0.0
categorical__c_case_number_13002307CF10A,0.0
categorical__c_case_number_13002308CF10A,0.0
categorical__c_case_number_13002318CF10A,0.0
categorical__c_case_number_13002326CF10A,0.0
categorical__c_case_number_13002332CF10A,0.0
categorical__c_case_number_13002333CF10A,0.0
categorical__c_case_number_13002280CF10A,0.0
categorical__c_case_number_13003104CF10A,0.0
categorical__c_case_number_13003111CF10A,0.0
categorical__c_case_number_13003112CF10A,0.0
categorical__c_case_number_13003113CF10A,0.0
categorical__c_case_number_13003119CF10A,0.0
categorical__c_case_number_13003124MM10A,0.0
categorical__c_case_number_13003127MM10A,0.0
categorical__c_case_number_13003128CF10A,0.0
categorical__c_case_number_13003133MM10A,0.0
categorical__c_case_number_13002696MM10A,0.0
categorical__c_case_number_13003141CF10A,0.0
categorical__c_case_number_13003145CF10A,0.0
categorical__c_case_number_13003147CF10A,0.0
categorical__c_case_number_13003154MM10A,0.0
categorical__c_case_number_13003157CF10A,0.0
categorical__c_case_number_13003160MM10A,0.0
categorical__c_case_number_13003162CF10A,0.0
categorical__c_case_number_13003163CF10A,0.0
categorical__c_case_number_13003172MM10A,0.0
categorical__c_case_number_13003183CF10A,0.0
categorical__c_case_number_13003139CF10A,0.0
categorical__c_case_number_13003020CF10A,0.0
categorical__c_case_number_13003027CF10A,0.0
categorical__c_case_number_13003029CF10A,0.0
categorical__c_case_number_13003030CF10A,0.0
categorical__c_case_number_13003032CF10A,0.0
categorical__c_case_number_13003037MM10A,0.0
categorical__c_case_number_13003041CF10A,0.0
categorical__c_case_number_13003045MM10A,0.0
categorical__c_case_number_13003051MM10A,0.0
categorical__c_case_number_13003052CF10A,0.0
categorical__c_case_number_13003102CF10A,0.0
categorical__c_case_number_13003058CF10A,0.0
categorical__c_case_number_13003060CF10A,0.0
categorical__c_case_number_13003067CF10A,0.0
categorical__c_case_number_13003068CF10A,0.0
categorical__c_case_number_13003069CF10A,0.0
categorical__c_case_number_13003080CF10A,0.0
categorical__c_case_number_13003080TC10A,0.0
categorical__c_case_number_13003084CF10A,0.0
categorical__c_case_number_13003093CF10A,0.0
categorical__c_case_number_13003099CF10A,0.0
categorical__c_case_number_13003055CF10A,0.0
categorical__c_case_number_13003295CF10A,0.0
categorical__c_case_number_13003297CF10A,0.0
categorical__c_case_number_13003298CF10A,0.0
categorical__c_case_number_13003303CF10A,0.0
categorical__c_case_number_13003308CF10A,0.0
categorical__c_case_number_13003312CF10A,0.0
categorical__c_case_number_13003319CF10A,0.0
categorical__c_case_number_13003326CF10A,0.0
categorical__c_case_number_13003328CF10A,0.0
categorical__c_case_number_13003330MM10A,0.0
categorical__c_case_number_13003188MM10A,0.0
categorical__c_case_number_13003356MM10A,0.0
categorical__c_case_number_13003360MM10A,0.0
categorical__c_case_number_13003361CF10A,0.0
categorical__c_case_number_13003362CF10A,0.0
categorical__c_case_number_13003363CF10A,0.0
categorical__c_case_number_13003365CF10A,0.0
categorical__c_case_number_13003366CF10A,0.0
categorical__c_case_number_13003369CF10A,0.0
categorical__c_case_number_13003370CF10A,0.0
categorical__c_case_number_13003371MM10A,0.0
categorical__c_case_number_13003336CF10A,0.0
categorical__c_case_number_13003196CF10A,0.0
categorical__c_case_number_13003199CF10A,0.0
categorical__c_case_number_13003211MM10A,0.0
categorical__c_case_number_13003218CF10A,0.0
categorical__c_case_number_13003220CF10A,0.0
categorical__c_case_number_13003224CF10A,0.0
categorical__c_case_number_13003236CF10A,0.0
categorical__c_case_number_13003239CF10A,0.0
categorical__c_case_number_13003244CF10A,0.0
categorical__c_case_number_13003246CF10A,0.0
categorical__c_case_number_13003294CF10A,0.0
categorical__c_case_number_13003251MM10A,0.0
categorical__c_case_number_13003255CF10A,0.0
categorical__c_case_number_13003258CF10A,0.0
categorical__c_case_number_13003259CF10A,0.0
categorical__c_case_number_13003260MM10A,0.0
categorical__c_case_number_13003284CF10A,0.0
categorical__c_case_number_13003285CF10A,0.0
categorical__c_case_number_13003288CF10A,0.0
categorical__c_case_number_13003290CF10A,0.0
categorical__c_case_number_13003293CF10A,0.0
categorical__c_case_number_13003246MM10A,0.0
categorical__c_case_number_13002782CF10A,0.0
categorical__c_case_number_13002784MM10A,0.0
categorical__c_case_number_13002786CF10A,0.0
categorical__c_case_number_13002792MM10A,0.0
categorical__c_case_number_13002795CF10A,0.0
categorical__c_case_number_13002796CF10A,0.0
categorical__c_case_number_13002796MM10A,0.0
categorical__c_case_number_13002797MM10A,0.0
categorical__c_case_number_13002807CF10A,0.0
categorical__c_case_number_13003011CF10A,0.0
categorical__c_case_number_13002815CF10A,0.0
categorical__c_case_number_13002818CF10A,0.0
categorical__c_case_number_13002819CF10A,0.0
categorical__c_case_number_13002827CF10A,0.0
categorical__c_case_number_13002829CF10A,0.0
categorical__c_case_number_13002836CF10A,0.0
categorical__c_case_number_13002837CF10A,0.0
categorical__c_case_number_13002839CF10A,0.0
categorical__c_case_number_13002841CF10A,0.0
categorical__c_case_number_13002843CF10A,0.0
categorical__c_case_number_13002809CF10A,0.0
categorical__c_case_number_13002703CF10A,0.0
categorical__c_case_number_13002715MM10A,0.0
categorical__c_case_number_13002721MM10A,0.0
categorical__c_case_number_13002725CF10A,0.0
categorical__c_case_number_13002727CF10A,0.0
categorical__c_case_number_13002737CF10A,0.0
categorical__c_case_number_13002740MM10A,0.0
categorical__c_case_number_13002747CF10A,0.0
categorical__c_case_number_13002748CF10A,0.0
categorical__c_case_number_13002752CF10A,0.0
categorical__c_case_number_13002774CF10A,0.0
categorical__c_case_number_13002754CF10A,0.0
categorical__c_case_number_13002755CF10A,0.0
categorical__c_case_number_13002756CF10A,0.0
categorical__c_case_number_13002757CF10A,0.0
categorical__c_case_number_13002758MM10A,0.0
categorical__c_case_number_13002760CF10A,0.0
categorical__c_case_number_13002762CF10A,0.0
categorical__c_case_number_13002766CF10A,0.0
categorical__c_case_number_13002769MM10A,0.0
categorical__c_case_number_13002771CF10A,0.0
categorical__c_case_number_13002753CF10A,0.0
categorical__c_case_number_13002942CF10A,0.0
categorical__c_case_number_13002944TC10A,0.0
categorical__c_case_number_13002945CF10A,0.0
categorical__c_case_number_13002945MM10A,0.0
categorical__c_case_number_13002948CF10A,0.0
categorical__c_case_number_13002949MM10A,0.0
categorical__c_case_number_13002959MM10A,0.0
categorical__c_case_number_13002960CF10A,0.0
categorical__c_case_number_13002961CF10A,0.0
categorical__c_case_number_13002961MM10A,0.0
categorical__c_case_number_13002846CF10A,0.0
categorical__c_case_number_13002969CF10A,0.0
categorical__c_case_number_13002974CF10A,0.0
categorical__c_case_number_13002975CF10A,0.0
categorical__c_case_number_13002979CF10A,0.0
categorical__c_case_number_13002984CF10A,0.0
categorical__c_case_number_13002993CF10A,0.0
categorical__c_case_number_13002997CF10A,0.0
categorical__c_case_number_13003002CF10A,0.0
categorical__c_case_number_13003002TC10A,0.0
categorical__c_case_number_13003010CF10A,0.0
categorical__c_case_number_13002962MM10A,0.0
categorical__c_case_number_13002848CF10A,0.0
categorical__c_case_number_13002849CF10A,0.0
categorical__c_case_number_13002850CF10A,0.0
categorical__c_case_number_13002853CF10A,0.0
categorical__c_case_number_13002857CF10A,0.0
categorical__c_case_number_13002860CF10A,0.0
categorical__c_case_number_13002865CF10A,0.0
categorical__c_case_number_13002865MM10A,0.0
categorical__c_case_number_13002871CF10A,0.0
categorical__c_case_number_13002878MM10A,0.0
categorical__c_case_number_13002940CF10A,0.0
categorical__c_case_number_13002883MM10A,0.0
categorical__c_case_number_13002888CF10A,0.0
categorical__c_case_number_13002888MM10A,0.0
categorical__c_case_number_13002891MM10A,0.0
categorical__c_case_number_13002892MM10A,0.0
categorical__c_case_number_13002910MM10A,0.0
categorical__c_case_number_13002922MM10A,0.0
categorical__c_case_number_13002928CF10A,0.0
categorical__c_case_number_13002935MM10A,0.0
categorical__c_case_number_13002939MM10A,0.0
categorical__c_case_number_13002881CF10A,0.0
categorical__c_case_number_13000931CF10A,0.0
categorical__c_case_number_13000939CF10A,0.0
categorical__c_case_number_13000942CF10A,0.0
categorical__c_case_number_13000986CF10A,0.0
categorical__c_case_number_13000988CF10A,0.0
categorical__c_case_number_13000990CF10A,0.0
categorical__c_case_number_13000992CF10A,0.0
categorical__c_case_number_13000995CF10A,0.0
categorical__c_case_number_13000997MM10A,0.0
categorical__c_case_number_13002039CF10A,0.0
categorical__c_case_number_13001000MM10A,0.0
categorical__c_case_number_13001004CF10A,0.0
categorical__c_case_number_13001004MM10A,0.0
categorical__c_case_number_13001013MM20A,0.0
categorical__c_case_number_13001015CF10A,0.0
categorical__c_case_number_13001017MO10A,0.0
categorical__c_case_number_13001025CF10A,0.0
categorical__c_case_number_13001030MM10A,0.0
categorical__c_case_number_13001032CF10A,0.0
categorical__c_case_number_13001047CF10A,0.0
categorical__c_case_number_13000998MM10A,0.0
categorical__c_case_number_13000867CF10A,0.0
categorical__c_case_number_13000868CF10A,0.0
categorical__c_case_number_13000872MM10A,0.0
categorical__c_case_number_13000874MM10A,0.0
categorical__c_case_number_13000877MM10A,0.0
categorical__c_case_number_13000879CF10A,0.0
categorical__c_case_number_13000880CF10A,0.0
categorical__c_case_number_13000880MM10A,0.0
categorical__c_case_number_13000882CF10A,0.0
categorical__c_case_number_13000890CF10A,0.0
categorical__c_case_number_13000930CF10A,0.0
categorical__c_case_number_13000898CF10A,0.0
categorical__c_case_number_13000899CF10A,0.0
categorical__c_case_number_13000900CF10A,0.0
categorical__c_case_number_13000901CF10A,0.0
categorical__c_case_number_13000903CF10A,0.0
categorical__c_case_number_13000906CF10A,0.0
categorical__c_case_number_13000906MM10A,0.0
categorical__c_case_number_13000911CF10A,0.0
categorical__c_case_number_13000921CF10A,0.0
categorical__c_case_number_13000929CF10A,0.0
categorical__c_case_number_13000894CF10A,0.0
categorical__c_case_number_13001146MM10A,0.0
categorical__c_case_number_13001153CF10A,0.0
categorical__c_case_number_13001158CF10A,0.0
categorical__c_case_number_13001159CF10A,0.0
categorical__c_case_number_13001168CF10A,0.0
categorical__c_case_number_13001181CF10A,0.0
categorical__c_case_number_13001183CF10A,0.0
categorical__c_case_number_13001189MM10A,0.0
categorical__c_case_number_13001190TC10A,0.0
categorical__c_case_number_13001192CF10A,0.0
categorical__c_case_number_13001055CF10A,0.0
categorical__c_case_number_13001196MM10A,0.0
categorical__c_case_number_13001205MM10A,0.0
categorical__c_case_number_13001206MM10A,0.0
categorical__c_case_number_13001227CF10A,0.0
categorical__c_case_number_13001245CF10A,0.0
categorical__c_case_number_13001247CF10A,0.0
categorical__c_case_number_13001249CF10A,0.0
categorical__c_case_number_13001250CF10A,0.0
categorical__c_case_number_13001252CF10A,0.0
categorical__c_case_number_13001269CF10A,0.0
categorical__c_case_number_13001196CF10A,0.0
categorical__c_case_number_13001056CF10A,0.0
categorical__c_case_number_13001058CF10A,0.0
categorical__c_case_number_13001062CF10A,0.0
categorical__c_case_number_13001063CF10A,0.0
categorical__c_case_number_13001073CF10A,0.0
categorical__c_case_number_13001074CF10A,0.0
categorical__c_case_number_13001078CF10A,0.0
categorical__c_case_number_13001082CF10A,0.0
categorical__c_case_number_13001085CF10A,0.0
categorical__c_case_number_13001089TC10A,0.0
categorical__c_case_number_13001141CF10A,0.0
categorical__c_case_number_13001092TC10A,0.0
categorical__c_case_number_13001097CF10A,0.0
categorical__c_case_number_13001097MM10A,0.0
categorical__c_case_number_13001101CF10A,0.0
categorical__c_case_number_13001101MO10A,0.0
categorical__c_case_number_13001110CF10A,0.0
categorical__c_case_number_13001114CF10A,0.0
categorical__c_case_number_13001120CF10A,0.0
categorical__c_case_number_13001135CF10A,0.0
categorical__c_case_number_13001137MM10A,0.0
categorical__c_case_number_13001092CF10A,0.0
categorical__c_case_number_13000613CF10A,0.0
categorical__c_case_number_13000614CF10A,0.0
categorical__c_case_number_13000619CF10A,0.0
categorical__c_case_number_13000621CF10A,0.0
categorical__c_case_number_13000624CF10A,0.0
categorical__c_case_number_13000627CF10A,0.0
categorical__c_case_number_13000630CF10A,0.0
categorical__c_case_number_13000631CF10A,0.0
categorical__c_case_number_13000633CF10A,0.0
categorical__c_case_number_13000864CF10A,0.0
categorical__c_case_number_13000637CF10A,0.0
categorical__c_case_number_13000639CF10A,0.0
categorical__c_case_number_13000643CF10A,0.0
categorical__c_case_number_13000644CF10A,0.0
categorical__c_case_number_13000645CF10A,0.0
categorical__c_case_number_13000646CF10A,0.0
categorical__c_case_number_13000651CF10A,0.0
categorical__c_case_number_13000655CF10A,0.0
categorical__c_case_number_13000662CF10A,0.0
categorical__c_case_number_13000683CF10A,0.0
categorical__c_case_number_13000635CF10A,0.0
categorical__c_case_number_13000527CF10A,0.0
categorical__c_case_number_13000529CF10A,0.0
categorical__c_case_number_13000532MM10A,0.0
categorical__c_case_number_13000533MM10A,0.0
categorical__c_case_number_13000536CF10A,0.0
categorical__c_case_number_13000541CF10A,0.0
categorical__c_case_number_13000546CF10A,0.0
categorical__c_case_number_13000554CF10A,0.0
categorical__c_case_number_13000558CF10A,0.0
categorical__c_case_number_13000560CF10A,0.0
categorical__c_case_number_13000611CF10A,0.0
categorical__c_case_number_13000566CF10A,0.0
categorical__c_case_number_13000570TC10A,0.0
categorical__c_case_number_13000573CF10A,0.0
categorical__c_case_number_13000580CF10A,0.0
categorical__c_case_number_13000581TC10A,0.0
categorical__c_case_number_13000586MM10A,0.0
categorical__c_case_number_13000590CF10A,0.0
categorical__c_case_number_13000592CF10A,0.0
categorical__c_case_number_13000599CF10A,0.0
categorical__c_case_number_13000609CF10A,0.0
categorical__c_case_number_13000564CF10A,0.0
categorical__c_case_number_13000762CF10A,0.0
categorical__c_case_number_13000762MM10A,0.0
categorical__c_case_number_13000765CF10A,0.0
categorical__c_case_number_13000766CF10A,0.0
categorical__c_case_number_13000785MO10A,0.0
categorical__c_case_number_13000786CF10A,0.0
categorical__c_case_number_13000793CF10A,0.0
categorical__c_case_number_13000794MM10A,0.0
categorical__c_case_number_13000796MM10A,0.0
categorical__c_case_number_13000805CF10A,0.0
categorical__c_case_number_13000684MM10A,0.0
categorical__c_case_number_13000810CF10A,0.0
categorical__c_case_number_13000814CF10A,0.0
categorical__c_case_number_13000817CF10A,0.0
categorical__c_case_number_13000822CF10A,0.0
categorical__c_case_number_13000825CF10A,0.0
categorical__c_case_number_13000838CF10A,0.0
categorical__c_case_number_13000839CF10A,0.0
categorical__c_case_number_13000850CF10A,0.0
categorical__c_case_number_13000853MO10A,0.0
categorical__c_case_number_13000862CF10A,0.0
categorical__c_case_number_13000807CF10A,0.0
categorical__c_case_number_13000691MM10A,0.0
categorical__c_case_number_13000693CF10A,0.0
categorical__c_case_number_13000697MM10A,0.0
categorical__c_case_number_13000699CF10A,0.0
categorical__c_case_number_13000699MM10A,0.0
categorical__c_case_number_13000706MM10A,0.0
categorical__c_case_number_13000708CF10A,0.0
categorical__c_case_number_13000708MM10A,0.0
categorical__c_case_number_13000712CF10A,0.0
categorical__c_case_number_13000713CF10A,0.0
categorical__c_case_number_13000750CF10A,0.0
categorical__c_case_number_13000716MM10A,0.0
categorical__c_case_number_13000717CF10A,0.0
categorical__c_case_number_13000720MM10A,0.0
categorical__c_case_number_13000722CF10A,0.0
categorical__c_case_number_13000727MM10A,0.0
categorical__c_case_number_13000727MM40A,0.0
categorical__c_case_number_13000729CF10A,0.0
categorical__c_case_number_13000730MM10A,0.0
categorical__c_case_number_13000734CF10A,0.0
categorical__c_case_number_13000749MM10A,0.0
categorical__c_case_number_13000716CF10A,0.0
categorical__c_case_number_13001782CF10A,0.0
categorical__c_case_number_13001783CF10A,0.0
categorical__c_case_number_13001785CF10A,0.0
categorical__c_case_number_13001791CF10A,0.0
categorical__c_case_number_13001795CF10A,0.0
categorical__c_case_number_13001804CF10A,0.0
categorical__c_case_number_13001811CF10A,0.0
categorical__c_case_number_13001812MM10A,0.0
categorical__c_case_number_13001817MM10A,0.0
categorical__c_case_number_13001275CF10A,0.0
categorical__c_case_number_13001823MM10A,0.0
categorical__c_case_number_13001825CF10A,0.0
categorical__c_case_number_13001825MM10A,0.0
categorical__c_case_number_13001828MM10A,0.0
categorical__c_case_number_13001831MM10A,0.0
categorical__c_case_number_13001834CF10A,0.0
categorical__c_case_number_13001843CF10A,0.0
categorical__c_case_number_13001845CF10A,0.0
categorical__c_case_number_13001845MM10A,0.0
categorical__c_case_number_13001848MM10A,0.0
categorical__c_case_number_13001821CF10A,0.0
categorical__c_case_number_13001693CF10A,0.0
categorical__c_case_number_13001695MO10A,0.0
categorical__c_case_number_13001699CF10A,0.0
categorical__c_case_number_13001701MM10A,0.0
categorical__c_case_number_13001711MM10A,0.0
categorical__c_case_number_13001715MM10A,0.0
categorical__c_case_number_13001725MM10A,0.0
categorical__c_case_number_13001727CF10A,0.0
categorical__c_case_number_13001728CF10A,0.0
categorical__c_case_number_13001734CF10A,0.0
categorical__c_case_number_13001781TC10A,0.0
categorical__c_case_number_13001740CF10A,0.0
categorical__c_case_number_13001742CF10A,0.0
categorical__c_case_number_13001745CF10A,0.0
categorical__c_case_number_13001747CF10A,0.0
categorical__c_case_number_13001749CF10A,0.0
categorical__c_case_number_13001758CF10A,0.0
categorical__c_case_number_13001761CF10A,0.0
categorical__c_case_number_13001764CF10A,0.0
categorical__c_case_number_13001778TC10A,0.0
categorical__c_case_number_13001779CF10A,0.0
categorical__c_case_number_13001737CF10A,0.0
categorical__c_case_number_13001943CF10A,0.0
categorical__c_case_number_13001958CF10A,0.0
categorical__c_case_number_13001970CF10A,0.0
categorical__c_case_number_13001976CF10A,0.0
categorical__c_case_number_13001981CF10A,0.0
categorical__c_case_number_13001982CF10A,0.0
categorical__c_case_number_13001984CF10A,0.0
categorical__c_case_number_13001995CF10A,0.0
categorical__c_case_number_13001998CF10A,0.0
categorical__c_case_number_13002002CF10A,0.0
categorical__c_case_number_13001851CF10A,0.0
categorical__c_case_number_13002009CF10A,0.0
categorical__c_case_number_13002010TC10A,0.0
categorical__c_case_number_13002012MM10A,0.0
categorical__c_case_number_13002013MM10A,0.0
categorical__c_case_number_13002015CF10A,0.0
categorical__c_case_number_13002017CF10A,0.0
categorical__c_case_number_13002025CF10A,0.0
categorical__c_case_number_13002026CF10A,0.0
categorical__c_case_number_13002032CF10A,0.0
categorical__c_case_number_13002033CF10A,0.0
categorical__c_case_number_13002006CF10A,0.0
categorical__c_case_number_13001852CF10A,0.0
categorical__c_case_number_13001858CF10A,0.0
categorical__c_case_number_13001861CF10A,0.0
categorical__c_case_number_13001862MM10A,0.0
categorical__c_case_number_13001878MM10A,0.0
categorical__c_case_number_13001879CF10A,0.0
categorical__c_case_number_13001879MO10A,0.0
categorical__c_case_number_13001886MM10A,0.0
categorical__c_case_number_13001900CF10A,0.0
categorical__c_case_number_13001902CF10A,0.0
categorical__c_case_number_13001931MM10A,0.0
categorical__c_case_number_13001905CF10A,0.0
categorical__c_case_number_13001912CF10A,0.0
categorical__c_case_number_13001914CF10A,0.0
categorical__c_case_number_13001917CF10A,0.0
categorical__c_case_number_13001922CF10A,0.0
categorical__c_case_number_13001924MM10A,0.0
categorical__c_case_number_13001925MM10A,0.0
categorical__c_case_number_13001926MM10A,0.0
categorical__c_case_number_13001927MM10A,0.0
categorical__c_case_number_13001930MM10A,0.0
categorical__c_case_number_13001904CF10A,0.0
categorical__c_case_number_13001358MM10A,0.0
categorical__c_case_number_13001363CF10A,0.0
categorical__c_case_number_13001368CF10A,0.0
categorical__c_case_number_13001369CF10A,0.0
categorical__c_case_number_13001371CF10A,0.0
categorical__c_case_number_13001372CF10A,0.0
categorical__c_case_number_13001375CF10A,0.0
categorical__c_case_number_13001375MM10A,0.0
categorical__c_case_number_13001376MM10A,0.0
categorical__c_case_number_13001689CF10A,0.0
categorical__c_case_number_13001388MM10A,0.0
categorical__c_case_number_13001401MM10A,0.0
categorical__c_case_number_13001407MM10A,0.0
categorical__c_case_number_13001410CF10A,0.0
categorical__c_case_number_13001412CF10A,0.0
categorical__c_case_number_13001417MM10A,0.0
categorical__c_case_number_13001419CF10A,0.0
categorical__c_case_number_13001425MM10A,0.0
categorical__c_case_number_13001426CF10A,0.0
categorical__c_case_number_13001427CF10A,0.0
categorical__c_case_number_13001378MM10A,0.0
categorical__c_case_number_13001277CF10A,0.0
categorical__c_case_number_13001282CF10A,0.0
categorical__c_case_number_13001296CF10A,0.0
categorical__c_case_number_13001296MM10A,0.0
categorical__c_case_number_13001297MM10A,0.0
categorical__c_case_number_13001298MM10A,0.0
categorical__c_case_number_13001301CF10A,0.0
categorical__c_case_number_13001306MM10A,0.0
categorical__c_case_number_13001315CF10A,0.0
categorical__c_case_number_13001318CF10A,0.0
categorical__c_case_number_13001354MM10A,0.0
categorical__c_case_number_13001329CF10A,0.0
categorical__c_case_number_13001330CF10A,0.0
categorical__c_case_number_13001331CF10A,0.0
categorical__c_case_number_13001334CF10A,0.0
categorical__c_case_number_13001334MO10A,0.0
categorical__c_case_number_13001339CF10A,0.0
categorical__c_case_number_13001341CF10A,0.0
categorical__c_case_number_13001342CF10A,0.0
categorical__c_case_number_13001345CF10A,0.0
categorical__c_case_number_13001351MM10A,0.0
categorical__c_case_number_13001326MM10A,0.0
categorical__c_case_number_13001523CF10A,0.0
categorical__c_case_number_13001524MM10A,0.0
categorical__c_case_number_13001553CF10A,0.0
categorical__c_case_number_13001554CF10A,0.0
categorical__c_case_number_13001555CF10A,0.0
categorical__c_case_number_13001559CF10A,0.0
categorical__c_case_number_13001560CF10A,0.0
categorical__c_case_number_13001562CF10A,0.0
categorical__c_case_number_13001570CF10A,0.0
categorical__c_case_number_13001571CF10A,0.0
categorical__c_case_number_13001429MM10A,0.0
categorical__c_case_number_13001573CF10A,0.0
categorical__c_case_number_13001578CF10A,0.0
categorical__c_case_number_13001601MM10A,0.0
categorical__c_case_number_13001602CF10A,0.0
categorical__c_case_number_13001602MO10A,0.0
categorical__c_case_number_13001606CF10A,0.0
categorical__c_case_number_13001629CF10A,0.0
categorical__c_case_number_13001635CF10A,0.0
categorical__c_case_number_13001641CF10A,0.0
categorical__c_case_number_13001647CF10A,0.0
categorical__c_case_number_13001572CF10A,0.0
categorical__c_case_number_13001436CF10A,0.0
categorical__c_case_number_13001437MM10A,0.0
categorical__c_case_number_13001438MM10A,0.0
categorical__c_case_number_13001439CF10A,0.0
categorical__c_case_number_13001443MM10A,0.0
categorical__c_case_number_13001446CF10A,0.0
categorical__c_case_number_13001448CF10A,0.0
categorical__c_case_number_13001461CF10A,0.0
categorical__c_case_number_13001476CF10A,0.0
categorical__c_case_number_13001486CF10A,0.0
categorical__c_case_number_13001521MM10A,0.0
categorical__c_case_number_13001488MM10A,0.0
categorical__c_case_number_13001490CF10A,0.0
categorical__c_case_number_13001501CF10A,0.0
categorical__c_case_number_13001502CF10A,0.0
categorical__c_case_number_13001504CF10A,0.0
categorical__c_case_number_13001505CF10A,0.0
categorical__c_case_number_13001511MM10A,0.0
categorical__c_case_number_13001516CF10A,0.0
categorical__c_case_number_13001516MM10A,0.0
categorical__c_case_number_13001518CF10A,0.0
categorical__c_case_number_13001487CF10A,0.0
categorical__c_case_number_14002304CF10A,0.0
categorical__c_case_number_14002311CF10A,0.0
categorical__c_case_number_14002312CF10A,0.0
categorical__c_case_number_14002330CF10A,0.0
categorical__c_case_number_14002337CF10A,0.0
categorical__c_case_number_14002357CF10A,0.0
categorical__c_case_number_14002359CF10A,0.0
categorical__c_case_number_14002366CF10A,0.0
categorical__c_case_number_14002367MM10A,0.0
categorical__c_case_number_13011706CF10A,0.0
categorical__c_case_number_14002370CF10A,0.0
categorical__c_case_number_14002370MU10A,0.0
categorical__c_case_number_14002371MM10A,0.0
categorical__c_case_number_14002400MU10A,0.0
categorical__c_case_number_14002407CF10A,0.0
categorical__c_case_number_14002431CF10A,0.0
categorical__c_case_number_14002433CF10A,0.0
categorical__c_case_number_14002470MM10A,0.0
categorical__c_case_number_14002471MM10A,0.0
categorical__c_case_number_14002483CF10A,0.0
categorical__c_case_number_14002369CF10A,0.0
categorical__c_case_number_14002193MM10A,0.0
categorical__c_case_number_14002196CF10A,0.0
categorical__c_case_number_14002208MM10A,0.0
categorical__c_case_number_14002209MM10A,0.0
categorical__c_case_number_14002213CF10A,0.0
categorical__c_case_number_14002231MM10A,0.0
categorical__c_case_number_14002238CF10A,0.0
categorical__c_case_number_14002241MM10A,0.0
categorical__c_case_number_14002242MM10A,0.0
categorical__c_case_number_14002245CF10A,0.0
categorical__c_case_number_14002295CF10A,0.0
categorical__c_case_number_14002253MM10A,0.0
categorical__c_case_number_14002261MM10A,0.0
categorical__c_case_number_14002272MM10A,0.0
categorical__c_case_number_14002279CF10A,0.0
categorical__c_case_number_14002280MM10A,0.0
categorical__c_case_number_14002285MM10A,0.0
categorical__c_case_number_14002287MM10A,0.0
categorical__c_case_number_14002291MM10A,0.0
categorical__c_case_number_14002292CF10A,0.0
categorical__c_case_number_14002294CF10A,0.0
categorical__c_case_number_14002251CF10A,0.0
categorical__c_case_number_14002632CF10A,0.0
categorical__c_case_number_14002637MU10A,0.0
categorical__c_case_number_14002640MU10A,0.0
categorical__c_case_number_14002644MM10A,0.0
categorical__c_case_number_14002651CF10A,0.0
categorical__c_case_number_14002654CF10A,0.0
categorical__c_case_number_14002659MM10A,0.0
categorical__c_case_number_14002661CF10A,0.0
categorical__c_case_number_14002663MM10A,0.0
categorical__c_case_number_14002487CF10A,0.0
categorical__c_case_number_14002666CF10A,0.0
categorical__c_case_number_14002669CF10A,0.0
categorical__c_case_number_14002677MU10A,0.0
categorical__c_case_number_14002679MM10A,0.0
categorical__c_case_number_14002680CF10A,0.0
categorical__c_case_number_14002682CF10A,0.0
categorical__c_case_number_14002685MM10A,0.0
categorical__c_case_number_14002686MM10A,0.0
categorical__c_case_number_14002687MM10A,0.0
categorical__c_case_number_14002691CF10A,0.0
categorical__c_case_number_14002664MM10A,0.0
categorical__c_case_number_14002490CF10A,0.0
categorical__c_case_number_14002495CF10A,0.0
categorical__c_case_number_14002500MU10A,0.0
categorical__c_case_number_14002523CF10A,0.0
categorical__c_case_number_14002530CF10A,0.0
categorical__c_case_number_14002537CF10A,0.0
categorical__c_case_number_14002544CF10A,0.0
categorical__c_case_number_14002548CF10A,0.0
categorical__c_case_number_14002552CF10A,0.0
categorical__c_case_number_14002557CF10A,0.0
categorical__c_case_number_14002630CF10A,0.0
categorical__c_case_number_14002560MM10A,0.0
categorical__c_case_number_14002599CF10A,0.0
categorical__c_case_number_14002600CF10A,0.0
categorical__c_case_number_14002607CF10A,0.0
categorical__c_case_number_14002613CF10A,0.0
categorical__c_case_number_14002618CF10A,0.0
categorical__c_case_number_14002620CF10A,0.0
categorical__c_case_number_14002622MM10A,0.0
categorical__c_case_number_14002627CF10A,0.0
categorical__c_case_number_14002627MM10A,0.0
categorical__c_case_number_14002560CF10A,0.0
categorical__c_case_number_14001756CF10A,0.0
categorical__c_case_number_14001757CF10A,0.0
categorical__c_case_number_14001775MM10A,0.0
categorical__c_case_number_14001777CF10A,0.0
categorical__c_case_number_14001777MM10A,0.0
categorical__c_case_number_14001779CF10A,0.0
categorical__c_case_number_14001781MM10A,0.0
categorical__c_case_number_14001782MM10A,0.0
categorical__c_case_number_14001786CF10A,0.0
categorical__c_case_number_14002183CF10A,0.0
categorical__c_case_number_14001802CF10A,0.0
categorical__c_case_number_14001807CF10A,0.0
categorical__c_case_number_14001814MM10A,0.0
categorical__c_case_number_14001817MM10A,0.0
categorical__c_case_number_14001823CF10A,0.0
categorical__c_case_number_14001826CF10A,0.0
categorical__c_case_number_14001847CF10A,0.0
categorical__c_case_number_14001859CF10A,0.0
categorical__c_case_number_14001875CF10A,0.0
categorical__c_case_number_14001876CF10A,0.0
categorical__c_case_number_14001792MM10A,0.0
categorical__c_case_number_14001639CF10A,0.0
categorical__c_case_number_14001640CF10A,0.0
categorical__c_case_number_14001653CF10A,0.0
categorical__c_case_number_14001658CF10A,0.0
categorical__c_case_number_14001659CF10A,0.0
categorical__c_case_number_14001660CF10A,0.0
categorical__c_case_number_14001665CF10A,0.0
categorical__c_case_number_14001682MM10A,0.0
categorical__c_case_number_14001683MM10A,0.0
categorical__c_case_number_14001687MM10A,0.0
categorical__c_case_number_14001754CF10A,0.0
categorical__c_case_number_14001699MM10A,0.0
categorical__c_case_number_14001700CF10A,0.0
categorical__c_case_number_14001722CF10A,0.0
categorical__c_case_number_14001725CF10A,0.0
categorical__c_case_number_14001736CF10A,0.0
categorical__c_case_number_14001736MM10A,0.0
categorical__c_case_number_14001742MM10A,0.0
categorical__c_case_number_14001744CF10A,0.0
categorical__c_case_number_14001745MM10A,0.0
categorical__c_case_number_14001752CF10A,0.0
categorical__c_case_number_14001690CF10A,0.0
categorical__c_case_number_14002051MM10A,0.0
categorical__c_case_number_14002068CF10A,0.0
categorical__c_case_number_14002070CF10A,0.0
categorical__c_case_number_14002072CF10A,0.0
categorical__c_case_number_14002075CF10A,0.0
categorical__c_case_number_14002080CF10A,0.0
categorical__c_case_number_14002088CF10A,0.0
categorical__c_case_number_14002103MU10A,0.0
categorical__c_case_number_14002116CF10A,0.0
categorical__c_case_number_14002123MM10A,0.0
categorical__c_case_number_14001877CF10A,0.0
categorical__c_case_number_14002128CF10A,0.0
categorical__c_case_number_14002137CF10A,0.0
categorical__c_case_number_14002138CF10A,0.0
categorical__c_case_number_14002142CF10A,0.0
categorical__c_case_number_14002157CF10A,0.0
categorical__c_case_number_14002164CF10A,0.0
categorical__c_case_number_14002167MM10A,0.0
categorical__c_case_number_14002168CF10A,0.0
categorical__c_case_number_14002174MM10A,0.0
categorical__c_case_number_14002175CF10A,0.0
categorical__c_case_number_14002125CF10A,0.0
categorical__c_case_number_14001879CF10A,0.0
categorical__c_case_number_14001881MM10A,0.0
categorical__c_case_number_14001882CF10A,0.0
categorical__c_case_number_14001883CF10A,0.0
categorical__c_case_number_14001892CF10A,0.0
categorical__c_case_number_14001896CF10A,0.0
categorical__c_case_number_14001922CF10A,0.0
categorical__c_case_number_14001926CF10A,0.0
categorical__c_case_number_14001935CF10A,0.0
categorical__c_case_number_14001939CF10A,0.0
categorical__c_case_number_14002048CF10A,0.0
categorical__c_case_number_14001953CF10A,0.0
categorical__c_case_number_14001956CF10A,0.0
categorical__c_case_number_14001958CF10A,0.0
categorical__c_case_number_14001959MM10A,0.0
categorical__c_case_number_14001960MM10A,0.0
categorical__c_case_number_14001974CF10A,0.0
categorical__c_case_number_14001976MU10A,0.0
categorical__c_case_number_14001999CF10A,0.0
categorical__c_case_number_14002005CF10A,0.0
categorical__c_case_number_14002015CF10A,0.0
categorical__c_case_number_14001942CF10A,0.0
categorical__c_case_number_14003535CF10A,0.0
categorical__c_case_number_14003538MM10A,0.0
categorical__c_case_number_14003540MM10A,0.0
categorical__c_case_number_14003542MM10A,0.0
categorical__c_case_number_14003559MM10A,0.0
categorical__c_case_number_14003566CF10A,0.0
categorical__c_case_number_14003586CF10A,0.0
categorical__c_case_number_14003591CF10A,0.0
categorical__c_case_number_14003604CF10A,0.0
categorical__c_case_number_14002691MM10A,0.0
categorical__c_case_number_14003621CF10A,0.0
categorical__c_case_number_14003627CF10A,0.0
categorical__c_case_number_14003627TC10A,0.0
categorical__c_case_number_14003634MM10A,0.0
categorical__c_case_number_14003635CF10A,0.0
categorical__c_case_number_14003646CF10A,0.0
categorical__c_case_number_14003649CF10A,0.0
categorical__c_case_number_14003655MM10A,0.0
categorical__c_case_number_14003659CF10A,0.0
categorical__c_case_number_14003668CF10A,0.0
categorical__c_case_number_14003615CF10A,0.0
categorical__c_case_number_14003397CF10A,0.0
categorical__c_case_number_14003418CF10A,0.0
categorical__c_case_number_14003430CF10A,0.0
categorical__c_case_number_14003431CF10A,0.0
categorical__c_case_number_14003432MM10A,0.0
categorical__c_case_number_14003434CF10A,0.0
categorical__c_case_number_14003435CF10A,0.0
categorical__c_case_number_14003437CF10A,0.0
categorical__c_case_number_14003442MM10A,0.0
categorical__c_case_number_14003451CF10A,0.0
categorical__c_case_number_14003531CF10A,0.0
categorical__c_case_number_14003494CF10A,0.0
categorical__c_case_number_14003495MM10A,0.0
categorical__c_case_number_14003503CF10A,0.0
categorical__c_case_number_14003505MM10A,0.0
categorical__c_case_number_14003508MM10A,0.0
categorical__c_case_number_14003518CF10A,0.0
categorical__c_case_number_14003519CF10A,0.0
categorical__c_case_number_14003529CF10A,0.0
categorical__c_case_number_14003530CF10A,0.0
categorical__c_case_number_14003530MO40A,0.0
categorical__c_case_number_14003489CF10A,0.0
categorical__c_case_number_14003851CF10A,0.0
categorical__c_case_number_14003853CF10A,0.0
categorical__c_case_number_14003890CF10A,0.0
categorical__c_case_number_14003902CF10A,0.0
categorical__c_case_number_14003908CF10A,0.0
categorical__c_case_number_14003910CF10A,0.0
categorical__c_case_number_14003917MM10A,0.0
categorical__c_case_number_14003925MM10A,0.0
categorical__c_case_number_14003953CF10A,0.0
categorical__c_case_number_14003962CF10A,0.0
categorical__c_case_number_14003672MM10A,0.0
categorical__c_case_number_14003969CF10A,0.0
categorical__c_case_number_14003976CF10A,0.0
categorical__c_case_number_14003977MM10A,0.0
categorical__c_case_number_14004011CF10A,0.0
categorical__c_case_number_14004021MM10A,0.0
categorical__c_case_number_14004030CF10A,0.0
categorical__c_case_number_14004035CF10A,0.0
categorical__c_case_number_14004037MM10A,0.0
categorical__c_case_number_14004039MM10A,0.0
categorical__c_case_number_14004041MM10A,0.0
categorical__c_case_number_14003966CF10A,0.0
categorical__c_case_number_14003673CF10A,0.0
categorical__c_case_number_14003674CF10A,0.0
categorical__c_case_number_14003705CF10A,0.0
categorical__c_case_number_14003712CF10A,0.0
categorical__c_case_number_14003719MM10A,0.0
categorical__c_case_number_14003736CF10A,0.0
categorical__c_case_number_14003755CF10A,0.0
categorical__c_case_number_14003762CF10A,0.0
categorical__c_case_number_14003774CF10A,0.0
categorical__c_case_number_14003775CF10A,0.0
categorical__c_case_number_14003834CF10A,0.0
categorical__c_case_number_14003784MM10A,0.0
categorical__c_case_number_14003785CF10A,0.0
categorical__c_case_number_14003786CF10A,0.0
categorical__c_case_number_14003794MU10A,0.0
categorical__c_case_number_14003797MM10A,0.0
categorical__c_case_number_14003802CF10A,0.0
categorical__c_case_number_14003804CF10A,0.0
categorical__c_case_number_14003805MM10A,0.0
categorical__c_case_number_14003819CF10A,0.0
categorical__c_case_number_14003828CF10A,0.0
categorical__c_case_number_14003775MM10A,0.0
categorical__c_case_number_14002903CF10A,0.0
categorical__c_case_number_14002904CF10A,0.0
categorical__c_case_number_14002909CF10A,0.0
categorical__c_case_number_14002914CF10A,0.0
categorical__c_case_number_14002922CF10A,0.0
categorical__c_case_number_14002923CF10A,0.0
categorical__c_case_number_14002935CF10A,0.0
categorical__c_case_number_14002940CF10A,0.0
categorical__c_case_number_14002945CF10A,0.0
categorical__c_case_number_14003387CF10A,0.0
categorical__c_case_number_14002986CF10A,0.0
categorical__c_case_number_14002997CF10A,0.0
categorical__c_case_number_14002998CF10A,0.0
categorical__c_case_number_14003000CF10A,0.0
categorical__c_case_number_14003002CF10A,0.0
categorical__c_case_number_14003004CF10A,0.0
categorical__c_case_number_14003005CF10A,0.0
categorical__c_case_number_14003006CF10A,0.0
categorical__c_case_number_14003010CF10A,0.0
categorical__c_case_number_14003013MM10A,0.0
categorical__c_case_number_14002946CF10A,0.0
categorical__c_case_number_14002693MM10A,0.0
categorical__c_case_number_14002703CF10A,0.0
categorical__c_case_number_14002710CF10A,0.0
categorical__c_case_number_14002711CF10A,0.0
categorical__c_case_number_14002715CF10A,0.0
categorical__c_case_number_14002730CF10A,0.0
categorical__c_case_number_14002730MM10A,0.0
categorical__c_case_number_14002740CF10A,0.0
categorical__c_case_number_14002743CF10A,0.0
categorical__c_case_number_14002778CF10A,0.0
categorical__c_case_number_14002873CF10A,0.0
categorical__c_case_number_14002808CF10A,0.0
categorical__c_case_number_14002808MO40A,0.0
categorical__c_case_number_14002810CF10A,0.0
categorical__c_case_number_14002813MM10A,0.0
categorical__c_case_number_14002818MM10A,0.0
categorical__c_case_number_14002819MM10A,0.0
categorical__c_case_number_14002829MU10A,0.0
categorical__c_case_number_14002839MU10A,0.0
categorical__c_case_number_14002844MU10A,0.0
categorical__c_case_number_14002865CF10A,0.0
categorical__c_case_number_14002791CF10A,0.0
categorical__c_case_number_14003189CF10A,0.0
categorical__c_case_number_14003198CF10A,0.0
categorical__c_case_number_14003205MM10A,0.0
categorical__c_case_number_14003206CF10A,0.0
categorical__c_case_number_14003211CF10A,0.0
categorical__c_case_number_14003217CF10A,0.0
categorical__c_case_number_14003251CF10A,0.0
categorical__c_case_number_14003277MM10A,0.0
categorical__c_case_number_14003296CF10A,0.0
categorical__c_case_number_14003305CF10A,0.0
categorical__c_case_number_14003014CF10A,0.0
categorical__c_case_number_14003308CF10A,0.0
categorical__c_case_number_14003315CF10A,0.0
categorical__c_case_number_14003341CF10A,0.0
categorical__c_case_number_14003350CF10A,0.0
categorical__c_case_number_14003369CF10A,0.0
categorical__c_case_number_14003372CF10A,0.0
categorical__c_case_number_14003374MM10A,0.0
categorical__c_case_number_14003376CF10A,0.0
categorical__c_case_number_14003379CF10A,0.0
categorical__c_case_number_14003382CF10A,0.0
categorical__c_case_number_14003306CF10A,0.0
categorical__c_case_number_14003015CF10A,0.0
categorical__c_case_number_14003016CF10A,0.0
categorical__c_case_number_14003018CF10A,0.0
categorical__c_case_number_14003032CF10A,0.0
categorical__c_case_number_14003033CF10A,0.0
categorical__c_case_number_14003038CF10A,0.0
categorical__c_case_number_14003048CF10A,0.0
categorical__c_case_number_14003053CF10A,0.0
categorical__c_case_number_14003063CF10A,0.0
categorical__c_case_number_14003086MM10A,0.0
categorical__c_case_number_14003179CF10A,0.0
categorical__c_case_number_14003104CF10A,0.0
categorical__c_case_number_14003105CF10A,0.0
categorical__c_case_number_14003107CF10A,0.0
categorical__c_case_number_14003111MM10A,0.0
categorical__c_case_number_14003114CF10A,0.0
categorical__c_case_number_14003131CF10A,0.0
categorical__c_case_number_14003146MM10A,0.0
categorical__c_case_number_14003149CF10A,0.0
categorical__c_case_number_14003173CF10A,0.0
categorical__c_case_number_14003178CF10A,0.0
categorical__c_case_number_14003100CF10A,0.0
categorical__c_case_number_14000168MM10A,0.0
categorical__c_case_number_14000170CF10A,0.0
categorical__c_case_number_14000170MM10A,0.0
categorical__c_case_number_14000173MM10A,0.0
categorical__c_case_number_14000174CF10A,0.0
categorical__c_case_number_14000188MM10A,0.0
categorical__c_case_number_14000189MM10A,0.0
categorical__c_case_number_14000193MM10A,0.0
categorical__c_case_number_14000198CF10A,0.0
categorical__c_case_number_14001636MM10A,0.0
categorical__c_case_number_14000231CF10A,0.0
categorical__c_case_number_14000240CF10A,0.0
categorical__c_case_number_14000242CF10A,0.0
categorical__c_case_number_14000244MM30A,0.0
categorical__c_case_number_14000254CF10A,0.0
categorical__c_case_number_14000263CF10A,0.0
categorical__c_case_number_14000267CF10A,0.0
categorical__c_case_number_14000273CF10A,0.0
categorical__c_case_number_14000274MU10A,0.0
categorical__c_case_number_14000280MM10A,0.0
categorical__c_case_number_14000198MM10A,0.0
categorical__c_case_number_14000105MM10A,0.0
categorical__c_case_number_14000113CF10A,0.0
categorical__c_case_number_14000122CF10A,0.0
categorical__c_case_number_14000123MM10A,0.0
categorical__c_case_number_14000126CF10A,0.0
categorical__c_case_number_14000129CF10A,0.0
categorical__c_case_number_14000129MM10A,0.0
categorical__c_case_number_14000132CF10A,0.0
categorical__c_case_number_14000133CF10A,0.0
categorical__c_case_number_14000137CF10A,0.0
categorical__c_case_number_14000167MM10A,0.0
categorical__c_case_number_14000144CF10A,0.0
categorical__c_case_number_14000149MM10A,0.0
categorical__c_case_number_14000150CF10A,0.0
categorical__c_case_number_14000150MM10A,0.0
categorical__c_case_number_14000152MM10A,0.0
categorical__c_case_number_14000154CF10A,0.0
categorical__c_case_number_14000157CF10A,0.0
categorical__c_case_number_14000160CF10A,0.0
categorical__c_case_number_14000164CF10A,0.0
categorical__c_case_number_14000166MM10A,0.0
categorical__c_case_number_14000141CF10A,0.0
categorical__c_case_number_14000440CF10A,0.0
categorical__c_case_number_14000444MU10A,0.0
categorical__c_case_number_14000458CF10A,0.0
categorical__c_case_number_14000458MO40A,0.0
categorical__c_case_number_14000466CF10A,0.0
categorical__c_case_number_14000468CF10A,0.0
categorical__c_case_number_14000477CF10A,0.0
categorical__c_case_number_14000479CF10A,0.0
categorical__c_case_number_14000484CF10A,0.0
categorical__c_case_number_14000285CF10A,0.0
categorical__c_case_number_14000490CF10A,0.0
categorical__c_case_number_14000494CF10A,0.0
categorical__c_case_number_14000499CF10A,0.0
categorical__c_case_number_14000514MM10A,0.0
categorical__c_case_number_14000517MM10A,0.0
categorical__c_case_number_14000523CF10A,0.0
categorical__c_case_number_14000524CF10A,0.0
categorical__c_case_number_14000528CF10A,0.0
categorical__c_case_number_14000529CF10A,0.0
categorical__c_case_number_14000540CF10A,0.0
categorical__c_case_number_14000487CF10A,0.0
categorical__c_case_number_14000293CF10A,0.0
categorical__c_case_number_14000304CF10A,0.0
categorical__c_case_number_14000319CF10A,0.0
categorical__c_case_number_14000337CF10A,0.0
categorical__c_case_number_14000345CF10A,0.0
categorical__c_case_number_14000347CF10A,0.0
categorical__c_case_number_14000353CF10A,0.0
categorical__c_case_number_14000371CF10A,0.0
categorical__c_case_number_14000372MU10A,0.0
categorical__c_case_number_14000374CF10A,0.0
categorical__c_case_number_14000439CF10A,0.0
categorical__c_case_number_14000377CF10A,0.0
categorical__c_case_number_14000380CF10A,0.0
categorical__c_case_number_14000387MU10A,0.0
categorical__c_case_number_14000392MM10A,0.0
categorical__c_case_number_14000393MM10A,0.0
categorical__c_case_number_14000396MM10A,0.0
categorical__c_case_number_14000399MM10A,0.0
categorical__c_case_number_14000418MM10A,0.0
categorical__c_case_number_14000419CF10A,0.0
categorical__c_case_number_14000429CF10A,0.0
categorical__c_case_number_14000376CF10A,0.0
categorical__c_case_number_13023750MM10A,0.0
categorical__c_case_number_13023752MM10A,0.0
categorical__c_case_number_13023762MM10A,0.0
categorical__c_case_number_13023764MM10A,0.0
categorical__c_case_number_13023769MM10A,0.0
categorical__c_case_number_13023806MM10A,0.0
categorical__c_case_number_13023815MM10A,0.0
categorical__c_case_number_13023819MM10A,0.0
categorical__c_case_number_13023834MM10A,0.0
categorical__c_case_number_14000104CF10A,0.0
categorical__c_case_number_13023836MM10A,0.0
categorical__c_case_number_13023875MM10A,0.0
categorical__c_case_number_13023880MM10A,0.0
categorical__c_case_number_13023881MM10A,0.0
categorical__c_case_number_13023882MM10A,0.0
categorical__c_case_number_13023885MM10A,0.0
categorical__c_case_number_13023896MM10A,0.0
categorical__c_case_number_13023903MM10A,0.0
categorical__c_case_number_13023914MM10A,0.0
categorical__c_case_number_13023915MM10A,0.0
categorical__c_case_number_13023835MM10A,0.0
categorical__c_case_number_13023417MM10A,0.0
categorical__c_case_number_13023426MM10A,0.0
categorical__c_case_number_13023488MM10A,0.0
categorical__c_case_number_13023502MM10A,0.0
categorical__c_case_number_13023510MM10A,0.0
categorical__c_case_number_13023525MM10A,0.0
categorical__c_case_number_13023534MM10A,0.0
categorical__c_case_number_13023542MM10A,0.0
categorical__c_case_number_13023553MM10A,0.0
categorical__c_case_number_13023560MM10A,0.0
categorical__c_case_number_13023727MM10A,0.0
categorical__c_case_number_13023566MM10A,0.0
categorical__c_case_number_13023569MM10A,0.0
categorical__c_case_number_13023579MM10A,0.0
categorical__c_case_number_13023584MM10A,0.0
categorical__c_case_number_13023599MM10A,0.0
categorical__c_case_number_13023661MM10A,0.0
categorical__c_case_number_13023696MM10A,0.0
categorical__c_case_number_13023703MM10A,0.0
categorical__c_case_number_13023706MM10A,0.0
categorical__c_case_number_13023712MM10A,0.0
categorical__c_case_number_13023564MM10A,0.0
categorical__c_case_number_13078801TC20A,0.0
categorical__c_case_number_14000011CF10A,0.0
categorical__c_case_number_14000019MM10A,0.0
categorical__c_case_number_14000024CF10A,0.0
categorical__c_case_number_14000025CF10A,0.0
categorical__c_case_number_14000027CF10A,0.0
categorical__c_case_number_14000032MM10A,0.0
categorical__c_case_number_14000038MM10A,0.0
categorical__c_case_number_14000041MM10A,0.0
categorical__c_case_number_14000042CF10A,0.0
categorical__c_case_number_13023916MM10A,0.0
categorical__c_case_number_14000049MM10A,0.0
categorical__c_case_number_14000050MM10A,0.0
categorical__c_case_number_14000051CF10A,0.0
categorical__c_case_number_14000052CF10A,0.0
categorical__c_case_number_14000057CF10A,0.0
categorical__c_case_number_14000058CF10A,0.0
categorical__c_case_number_14000081CF10A,0.0
categorical__c_case_number_14000088CF10A,0.0
categorical__c_case_number_14000088MM10A,0.0
categorical__c_case_number_14000092MM10A,0.0
categorical__c_case_number_14000043MM10A,0.0
categorical__c_case_number_13023945MM10A,0.0
categorical__c_case_number_13023963MM10A,0.0
categorical__c_case_number_13023993MM10A,0.0
categorical__c_case_number_13024001MM10A,0.0
categorical__c_case_number_13024008MM10A,0.0
categorical__c_case_number_13024021MM10A,0.0
categorical__c_case_number_13026961TC10A,0.0
categorical__c_case_number_13027058TC10A,0.0
categorical__c_case_number_13028152TC10A,0.0
categorical__c_case_number_13028890TC10A,0.0
categorical__c_case_number_13070495NI20A,0.0
categorical__c_case_number_13038758TC10A,0.0
categorical__c_case_number_13039034TC10A,0.0
categorical__c_case_number_13039660TC10A,0.0
categorical__c_case_number_13041841TC10A,0.0
categorical__c_case_number_13042343TC10A,0.0
categorical__c_case_number_13042937TC10A,0.0
categorical__c_case_number_13043243TC10A,0.0
categorical__c_case_number_13044394TC10A,0.0
categorical__c_case_number_13049962TC30A,0.0
categorical__c_case_number_13050561TC40A,0.0
categorical__c_case_number_13032329TC10A,0.0
categorical__c_case_number_14001254CF10A,0.0
categorical__c_case_number_14001266MM10A,0.0
categorical__c_case_number_14001274CF10A,0.0
categorical__c_case_number_14001279CF10A,0.0
categorical__c_case_number_14001280MM10A,0.0
categorical__c_case_number_14001289CF10A,0.0
categorical__c_case_number_14001305CF10A,0.0
categorical__c_case_number_14001313CF10A,0.0
categorical__c_case_number_14001316CF10A,0.0
categorical__c_case_number_14000544CF10A,0.0
categorical__c_case_number_14001336CF10A,0.0
categorical__c_case_number_14001341CF10A,0.0
categorical__c_case_number_14001351CF10A,0.0
categorical__c_case_number_14001353CF10A,0.0
categorical__c_case_number_14001354CF10A,0.0
categorical__c_case_number_14001369MM10A,0.0
categorical__c_case_number_14001373CF10A,0.0
categorical__c_case_number_14001375MM10A,0.0
categorical__c_case_number_14001389CF10A,0.0
categorical__c_case_number_14001389MM10A,0.0
categorical__c_case_number_14001331CF10A,0.0
categorical__c_case_number_14001106CF10A,0.0
categorical__c_case_number_14001109MM10A,0.0
categorical__c_case_number_14001117CF10A,0.0
categorical__c_case_number_14001119CF10A,0.0
categorical__c_case_number_14001125MM10A,0.0
categorical__c_case_number_14001127CF10A,0.0
categorical__c_case_number_14001146CF10A,0.0
categorical__c_case_number_14001175CF10A,0.0
categorical__c_case_number_14001185CF10A,0.0
categorical__c_case_number_14001186CF10A,0.0
categorical__c_case_number_14001249CF10A,0.0
categorical__c_case_number_14001202CF10A,0.0
categorical__c_case_number_14001208CF10A,0.0
categorical__c_case_number_14001214MM40A,0.0
categorical__c_case_number_14001216CF10A,0.0
categorical__c_case_number_14001216MM40A,0.0
categorical__c_case_number_14001225CF10A,0.0
categorical__c_case_number_14001234CF10A,0.0
categorical__c_case_number_14001238CF10A,0.0
categorical__c_case_number_14001241CF10A,0.0
categorical__c_case_number_14001247CF10A,0.0
categorical__c_case_number_14001192CF10A,0.0
categorical__c_case_number_14001485CF10A,0.0
categorical__c_case_number_14001486CF10A,0.0
categorical__c_case_number_14001489CF10A,0.0
categorical__c_case_number_14001495MM10A,0.0
categorical__c_case_number_14001499CF10A,0.0
categorical__c_case_number_14001502CF10A,0.0
categorical__c_case_number_14001509CF10A,0.0
categorical__c_case_number_14001510CF10A,0.0
categorical__c_case_number_14001512CF10A,0.0
categorical__c_case_number_14001513MM10A,0.0
categorical__c_case_number_14001396MM10A,0.0
categorical__c_case_number_14001521CF10A,0.0
categorical__c_case_number_14001576CF10A,0.0
categorical__c_case_number_14001577CF10A,0.0
categorical__c_case_number_14001593CF10A,0.0
categorical__c_case_number_14001597CF10A,0.0
categorical__c_case_number_14001613MM10A,0.0
categorical__c_case_number_14001614MM10A,0.0
categorical__c_case_number_14001628CF10A,0.0
categorical__c_case_number_14001630CF10A,0.0
categorical__c_case_number_14001635MM10A,0.0
categorical__c_case_number_14001514CF10A,0.0
categorical__c_case_number_14001400MM10A,0.0
categorical__c_case_number_14001401CF10A,0.0
categorical__c_case_number_14001403MM10A,0.0
categorical__c_case_number_14001409CF10A,0.0
categorical__c_case_number_14001411CF10A,0.0
categorical__c_case_number_14001414CF10A,0.0
categorical__c_case_number_14001414MM10A,0.0
categorical__c_case_number_14001418MU10A,0.0
categorical__c_case_number_14001420TC10A,0.0
categorical__c_case_number_14001421CF10A,0.0
categorical__c_case_number_14001472CF10A,0.0
categorical__c_case_number_14001425MM10A,0.0
categorical__c_case_number_14001432CF10A,0.0
categorical__c_case_number_14001438MM10A,0.0
categorical__c_case_number_14001441CF10A,0.0
categorical__c_case_number_14001445CF10A,0.0
categorical__c_case_number_14001456CF10A,0.0
categorical__c_case_number_14001456MM10A,0.0
categorical__c_case_number_14001463CF10A,0.0
categorical__c_case_number_14001465CF10A,0.0
categorical__c_case_number_14001467CF10A,0.0
categorical__c_case_number_14001422CF10A,0.0
categorical__c_case_number_14000707CF10A,0.0
categorical__c_case_number_14000711CF10A,0.0
categorical__c_case_number_14000722CF10A,0.0
categorical__c_case_number_14000753CF10A,0.0
categorical__c_case_number_14000768CF10A,0.0
categorical__c_case_number_14000770CF10A,0.0
categorical__c_case_number_14000775CF10A,0.0
categorical__c_case_number_14000782CF10A,0.0
categorical__c_case_number_14000791CF10A,0.0
categorical__c_case_number_14001095CF10A,0.0
categorical__c_case_number_14000801CF10A,0.0
categorical__c_case_number_14000808CF10A,0.0
categorical__c_case_number_14000818CF10A,0.0
categorical__c_case_number_14000830CF10A,0.0
categorical__c_case_number_14000831CF10A,0.0
categorical__c_case_number_14000836MM10A,0.0
categorical__c_case_number_14000840MM10A,0.0
categorical__c_case_number_14000845CF10A,0.0
categorical__c_case_number_14000848MM10A,0.0
categorical__c_case_number_14000850MM10A,0.0
categorical__c_case_number_14000796CF10A,0.0
categorical__c_case_number_14000555MM10A,0.0
categorical__c_case_number_14000557CF10A,0.0
categorical__c_case_number_14000563MM10A,0.0
categorical__c_case_number_14000564CF10A,0.0
categorical__c_case_number_14000565MM10A,0.0
categorical__c_case_number_14000573MM10A,0.0
categorical__c_case_number_14000574MM10A,0.0
categorical__c_case_number_14000575CF10A,0.0
categorical__c_case_number_14000577CF10A,0.0
categorical__c_case_number_14000581CF10A,0.0
categorical__c_case_number_14000698CF10A,0.0
categorical__c_case_number_14000598MM10A,0.0
categorical__c_case_number_14000604CF10A,0.0
categorical__c_case_number_14000613CF10A,0.0
categorical__c_case_number_14000625CF10A,0.0
categorical__c_case_number_14000626CF10A,0.0
categorical__c_case_number_14000648MM10A,0.0
categorical__c_case_number_14000651MM10A,0.0
categorical__c_case_number_14000656CF10A,0.0
categorical__c_case_number_14000687CF10A,0.0
categorical__c_case_number_14000691CF10A,0.0
categorical__c_case_number_14000589MM10A,0.0
categorical__c_case_number_14000979CF10A,0.0
categorical__c_case_number_14000988CF10A,0.0
categorical__c_case_number_14000989MM10A,0.0
categorical__c_case_number_14000990MM10A,0.0
categorical__c_case_number_14000992MM10A,0.0
categorical__c_case_number_14000996CF10A,0.0
categorical__c_case_number_14000999CF10A,0.0
categorical__c_case_number_14001000MM10A,0.0
categorical__c_case_number_14001002CF10A,0.0
categorical__c_case_number_14001009MM10A,0.0
categorical__c_case_number_14000868CF10A,0.0
categorical__c_case_number_14001011MU10A,0.0
categorical__c_case_number_14001012CF10A,0.0
categorical__c_case_number_14001015MU10A,0.0
categorical__c_case_number_14001025CF10A,0.0
categorical__c_case_number_14001058CF10A,0.0
categorical__c_case_number_14001062CF10A,0.0
categorical__c_case_number_14001066CF10A,0.0
categorical__c_case_number_14001075CF10A,0.0
categorical__c_case_number_14001077CF10A,0.0
categorical__c_case_number_14001079CF10A,0.0
categorical__c_case_number_14001010MU10A,0.0
categorical__c_case_number_14000870CF10A,0.0
categorical__c_case_number_14000873CF10A,0.0
categorical__c_case_number_14000875CF10A,0.0
categorical__c_case_number_14000884CF10A,0.0
categorical__c_case_number_14000886CF10A,0.0
categorical__c_case_number_14000892CF10A,0.0
categorical__c_case_number_14000909CF10A,0.0
categorical__c_case_number_14000913CF10A,0.0
categorical__c_case_number_14000916CF10A,0.0
categorical__c_case_number_14000925CF10A,0.0
categorical__c_case_number_14000977CF10A,0.0
categorical__c_case_number_14000937CF10A,0.0
categorical__c_case_number_14000937MM10A,0.0
categorical__c_case_number_14000940CF10A,0.0
categorical__c_case_number_14000944CF10A,0.0
categorical__c_case_number_14000961CF10A,0.0
categorical__c_case_number_14000962MM10A,0.0
categorical__c_case_number_14000963MM10A,0.0
categorical__c_case_number_14000969MM10A,0.0
categorical__c_case_number_14000973CF10A,0.0
categorical__c_case_number_14000976CF10A,0.0
categorical__c_case_number_14000928CF10A,0.0
categorical__c_case_number_14011663MM10A,0.0
categorical__c_case_number_14011664MM10A,0.0
categorical__c_case_number_14011695CF10A,0.0
categorical__c_case_number_14011706CF10A,0.0
categorical__c_case_number_14011744MM10A,0.0
categorical__c_case_number_14011761CF10A,0.0
categorical__c_case_number_14011764CF10A,0.0
categorical__c_case_number_14011786CF10A,0.0
categorical__c_case_number_14011789CF10A,0.0
categorical__c_case_number_14004043CF10A,0.0
categorical__c_case_number_14011836MM10A,0.0
categorical__c_case_number_14011853MM10A,0.0
categorical__c_case_number_14011855CF10A,0.0
categorical__c_case_number_14011919MM10A,0.0
categorical__c_case_number_14011986CF10A,0.0
categorical__c_case_number_14012047MM10A,0.0
categorical__c_case_number_14012107MM10A,0.0
categorical__c_case_number_14012113CF10A,0.0
categorical__c_case_number_14012116CF10A,0.0
categorical__c_case_number_14012146CF10A,0.0
categorical__c_case_number_14011801CF10A,0.0
categorical__c_case_number_14011210CF10A,0.0
categorical__c_case_number_14011222CF10A,0.0
categorical__c_case_number_14011231CF10A,0.0
categorical__c_case_number_14011290CF10A,0.0
categorical__c_case_number_14011294CF10A,0.0
categorical__c_case_number_14011300CF10A,0.0
categorical__c_case_number_14011335CF10A,0.0
categorical__c_case_number_14011343CF10A,0.0
categorical__c_case_number_14011378CF10A,0.0
categorical__c_case_number_14011438CF10A,0.0
categorical__c_case_number_14011649CF10A,0.0
categorical__c_case_number_14011447MM10A,0.0
categorical__c_case_number_14011475CF10A,0.0
categorical__c_case_number_14011481CF10A,0.0
categorical__c_case_number_14011486CF10A,0.0
categorical__c_case_number_14011501CF10A,0.0
categorical__c_case_number_14011556CF10A,0.0
categorical__c_case_number_14011569CF10A,0.0
categorical__c_case_number_14011603CF10A,0.0
categorical__c_case_number_14011614CF10A,0.0
categorical__c_case_number_14011644CF10A,0.0
categorical__c_case_number_14011439CF10A,0.0
categorical__c_case_number_14012456CF10A,0.0
categorical__c_case_number_14012484CF10A,0.0
categorical__c_case_number_14012489CF10A,0.0
categorical__c_case_number_14012510CF10A,0.0
categorical__c_case_number_14012562CF10A,0.0
categorical__c_case_number_14012574CF10A,0.0
categorical__c_case_number_14012584MM10A,0.0
categorical__c_case_number_14012626MM10A,0.0
categorical__c_case_number_14012639CF10A,0.0
categorical__c_case_number_14012162CF10A,0.0
categorical__c_case_number_14012703CF10A,0.0
categorical__c_case_number_14012711CF10A,0.0
categorical__c_case_number_14012720MM10A,0.0
categorical__c_case_number_14012774CF10A,0.0
categorical__c_case_number_14012781CF10A,0.0
categorical__c_case_number_14012782CF10A,0.0
categorical__c_case_number_14012815CF10A,0.0
categorical__c_case_number_14012825CF10A,0.0
categorical__c_case_number_14012830CF10A,0.0
categorical__c_case_number_14012833CF10A,0.0
categorical__c_case_number_14012702CF10A,0.0
categorical__c_case_number_14012181CF10A,0.0
categorical__c_case_number_14012226CF10A,0.0
categorical__c_case_number_14012243CF10A,0.0
categorical__c_case_number_14012245CF10A,0.0
categorical__c_case_number_14012251CF10A,0.0
categorical__c_case_number_14012269CF10A,0.0
categorical__c_case_number_14012270MO10A,0.0
categorical__c_case_number_14012318MM10A,0.0
categorical__c_case_number_14012337MM10A,0.0
categorical__c_case_number_14012344MU10A,0.0
categorical__c_case_number_14012448CF10A,0.0
categorical__c_case_number_14012353CF10A,0.0
categorical__c_case_number_14012358MU10A,0.0
categorical__c_case_number_14012364MU10A,0.0
categorical__c_case_number_14012365CF10A,0.0
categorical__c_case_number_14012374MM10A,0.0
categorical__c_case_number_14012384MM10A,0.0
categorical__c_case_number_14012419CF10A,0.0
categorical__c_case_number_14012442CF10A,0.0
categorical__c_case_number_14012445CF10A,0.0
categorical__c_case_number_14012447CF10A,0.0
categorical__c_case_number_14012352CF10A,0.0
categorical__c_case_number_14009870CF10A,0.0
categorical__c_case_number_14009885CF10A,0.0
categorical__c_case_number_14009911MU10A,0.0
categorical__c_case_number_14009912CF10A,0.0
categorical__c_case_number_14009938CF10A,0.0
categorical__c_case_number_14009976MM10A,0.0
categorical__c_case_number_14009978CF10A,0.0
categorical__c_case_number_14009980CF10A,0.0
categorical__c_case_number_14009985CF10A,0.0
categorical__c_case_number_14011154CF10A,0.0
categorical__c_case_number_14010014CF10A,0.0
categorical__c_case_number_14010016CF10A,0.0
categorical__c_case_number_14010034MM10A,0.0
categorical__c_case_number_14010073MM10A,0.0
categorical__c_case_number_14010172CF10A,0.0
categorical__c_case_number_14010205CF10A,0.0
categorical__c_case_number_14010207MM10A,0.0
categorical__c_case_number_14010233CF10A,0.0
categorical__c_case_number_14010239CF10A,0.0
categorical__c_case_number_14010278MM10A,0.0
categorical__c_case_number_14010013CF10A,0.0
categorical__c_case_number_14009437CF10A,0.0
categorical__c_case_number_14009443MU10A,0.0
categorical__c_case_number_14009450MU10A,0.0
categorical__c_case_number_14009463CF10A,0.0
categorical__c_case_number_14009467CF10A,0.0
categorical__c_case_number_14009514CF10A,0.0
categorical__c_case_number_14009516CF10A,0.0
categorical__c_case_number_14009529CF10A,0.0
categorical__c_case_number_14009546CF10A,0.0
categorical__c_case_number_14009547CF10A,0.0
categorical__c_case_number_14009847MM10A,0.0
categorical__c_case_number_14009552CF10A,0.0
categorical__c_case_number_14009558CF10A,0.0
categorical__c_case_number_14009571CF10A,0.0
categorical__c_case_number_14009572CF10A,0.0
categorical__c_case_number_14009576CF10A,0.0
categorical__c_case_number_14009617CF10A,0.0
categorical__c_case_number_14009688MM10A,0.0
categorical__c_case_number_14009798CF10A,0.0
categorical__c_case_number_14009812CF10A,0.0
categorical__c_case_number_14009829MM10A,0.0
categorical__c_case_number_14009548CF10A,0.0
categorical__c_case_number_14010583CF10A,0.0
categorical__c_case_number_14010589CF10A,0.0
categorical__c_case_number_14010634CF10A,0.0
categorical__c_case_number_14010662CF10A,0.0
categorical__c_case_number_14010666CF10A,0.0
categorical__c_case_number_14010672CF10A,0.0
categorical__c_case_number_14010711CF10A,0.0
categorical__c_case_number_14010718CF10A,0.0
categorical__c_case_number_14010769MM10A,0.0
categorical__c_case_number_14010775CF10A,0.0
categorical__c_case_number_14010287MM10A,0.0
categorical__c_case_number_14010893MM10A,0.0
categorical__c_case_number_14010906CF10A,0.0
categorical__c_case_number_14010956CF10A,0.0
categorical__c_case_number_14010956MO10A,0.0
categorical__c_case_number_14011016MM10A,0.0
categorical__c_case_number_14011026CF10A,0.0
categorical__c_case_number_14011045CF10A,0.0
categorical__c_case_number_14011046CF10A,0.0
categorical__c_case_number_14011072CF10A,0.0
categorical__c_case_number_14011103CF10A,0.0
categorical__c_case_number_14010824MM10A,0.0
categorical__c_case_number_14010291MM10A,0.0
categorical__c_case_number_14010332CF10A,0.0
categorical__c_case_number_14010347MM10A,0.0
categorical__c_case_number_14010364MM10A,0.0
categorical__c_case_number_14010373CF10A,0.0
categorical__c_case_number_14010391CF10A,0.0
categorical__c_case_number_14010413CF10A,0.0
categorical__c_case_number_14010440MU10A,0.0
categorical__c_case_number_14010448CF10A,0.0
categorical__c_case_number_14010451CF10A,0.0
categorical__c_case_number_14010574CF10A,0.0
categorical__c_case_number_14010507CF10A,0.0
categorical__c_case_number_14010516CF10A,0.0
categorical__c_case_number_14010518CF10A,0.0
categorical__c_case_number_14010520MU10A,0.0
categorical__c_case_number_14010523CF10A,0.0
categorical__c_case_number_14010530CF10A,0.0
categorical__c_case_number_14010542MM10A,0.0
categorical__c_case_number_14010544CF10A,0.0
categorical__c_case_number_14010547CF10A,0.0
categorical__c_case_number_14010550MM10A,0.0
categorical__c_case_number_14010500CF10A,0.0
categorical__c_case_number_14014611CF10A,0.0
categorical__c_case_number_14014650CF10A,0.0
categorical__c_case_number_14014678CF10A,0.0
categorical__c_case_number_14014683CF10A,0.0
categorical__c_case_number_14014686CF10A,0.0
categorical__c_case_number_14014691CF10A,0.0
categorical__c_case_number_14014703MM10A,0.0
categorical__c_case_number_14014718CF10A,0.0
categorical__c_case_number_14014723CF10A,0.0
categorical__c_case_number_14012926CF10A,0.0
categorical__c_case_number_14014765MM10A,0.0
categorical__c_case_number_14014772CF10A,0.0
categorical__c_case_number_14014777CF10A,0.0
categorical__c_case_number_14014806CF10A,0.0
categorical__c_case_number_14014807CF10A,0.0
categorical__c_case_number_14014814MM10A,0.0
categorical__c_case_number_14014820CF10A,0.0
categorical__c_case_number_14014858CF10A,0.0
categorical__c_case_number_14014870MM10A,0.0
categorical__c_case_number_14014921CF10A,0.0
categorical__c_case_number_14014753CF10A,0.0
categorical__c_case_number_14014302CF10A,0.0
categorical__c_case_number_14014308MM10A,0.0
categorical__c_case_number_14014333CF10A,0.0
categorical__c_case_number_14014364CF10A,0.0
categorical__c_case_number_14014375MM10A,0.0
categorical__c_case_number_14014387MM10A,0.0
categorical__c_case_number_14014393CF10A,0.0
categorical__c_case_number_14014405CF10A,0.0
categorical__c_case_number_14014410CF10A,0.0
categorical__c_case_number_14014417CF10A,0.0
categorical__c_case_number_14014591CF10A,0.0
categorical__c_case_number_14014447CF10A,0.0
categorical__c_case_number_14014448MM10A,0.0
categorical__c_case_number_14014463CF10A,0.0
categorical__c_case_number_14014474CF10A,0.0
categorical__c_case_number_14014536CF10A,0.0
categorical__c_case_number_14014550CF10A,0.0
categorical__c_case_number_14014572CF10A,0.0
categorical__c_case_number_14014579CF10A,0.0
categorical__c_case_number_14014587CF10A,0.0
categorical__c_case_number_14014588CF10A,0.0
categorical__c_case_number_14014428CF10A,0.0
categorical__c_case_number_14015157CF10A,0.0
categorical__c_case_number_14015188CF10A,0.0
categorical__c_case_number_14015213MM10A,0.0
categorical__c_case_number_14015226CF10A,0.0
categorical__c_case_number_14015227MM10A,0.0
categorical__c_case_number_14015228CF10A,0.0
categorical__c_case_number_14015242CF10A,0.0
categorical__c_case_number_14015245CF10A,0.0
categorical__c_case_number_14015248CF10A,0.0
categorical__c_case_number_14015270CF10A,0.0
categorical__c_case_number_14014927CF10A,0.0
categorical__c_case_number_14015288CF10A,0.0
categorical__c_case_number_14015307CF10A,0.0
categorical__c_case_number_14015310CF10A,0.0
categorical__c_case_number_14015317CF10A,0.0
categorical__c_case_number_14015322MM10A,0.0
categorical__c_case_number_14015327CF10A,0.0
categorical__c_case_number_14015346CF10A,0.0
categorical__c_case_number_14015347CF10A,0.0
categorical__c_case_number_14015356CF10A,0.0
categorical__c_case_number_14015364CF10A,0.0
categorical__c_case_number_14015275CF10A,0.0
categorical__c_case_number_14014960MM10A,0.0
categorical__c_case_number_14014994CF10A,0.0
categorical__c_case_number_14015002CF10A,0.0
categorical__c_case_number_14015004CF10A,0.0
categorical__c_case_number_14015007CF10A,0.0
categorical__c_case_number_14015012CF10A,0.0
categorical__c_case_number_14015041CF10A,0.0
categorical__c_case_number_14015044CF10A,0.0
categorical__c_case_number_14015046MM10A,0.0
categorical__c_case_number_14015052CF10A,0.0
categorical__c_case_number_14015144CF10A,0.0
categorical__c_case_number_14015066CF10A,0.0
categorical__c_case_number_14015082CF10A,0.0
categorical__c_case_number_14015093MM10A,0.0
categorical__c_case_number_14015105CF10A,0.0
categorical__c_case_number_14015114CF10A,0.0
categorical__c_case_number_14015117CF10A,0.0
categorical__out_custody_2016-02-29,0.0
categorical__c_case_number_14015122CF10A,0.0
categorical__c_case_number_14015130CF10A,0.0
categorical__c_case_number_14015131CF10A,0.0
categorical__c_case_number_14015054CF10A,0.0
categorical__c_case_number_14013402MM10A,0.0
categorical__c_case_number_14013403CF10A,0.0
categorical__c_case_number_14013408CF10A,0.0
categorical__c_case_number_14013424CF10A,0.0
categorical__c_case_number_14013441CF10A,0.0
categorical__c_case_number_14013476CF10A,0.0
categorical__c_case_number_14013479CF10A,0.0
categorical__c_case_number_14013484CF10A,0.0
categorical__c_case_number_14013485CF10A,0.0
categorical__c_case_number_14014288CF10A,0.0
categorical__c_case_number_14013558CF10A,0.0
categorical__c_case_number_14013568CF10A,0.0
categorical__c_case_number_14013587CF10A,0.0
categorical__c_case_number_14013589CF10A,0.0
categorical__c_case_number_14013596CF10A,0.0
categorical__c_case_number_14013640CF10A,0.0
categorical__c_case_number_14013648MM10A,0.0
categorical__c_case_number_14013655MM10A,0.0
categorical__c_case_number_14013669MM10A,0.0
categorical__c_case_number_14013671CF10A,0.0
categorical__c_case_number_14013494CF10A,0.0
categorical__c_case_number_14012933CF10A,0.0
categorical__c_case_number_14012958CF10A,0.0
categorical__c_case_number_14012982MM10A,0.0
categorical__c_case_number_14013051CF10A,0.0
categorical__c_case_number_14013072CF10A,0.0
categorical__c_case_number_14013078CF10A,0.0
categorical__c_case_number_14013080MM10A,0.0
categorical__c_case_number_14013117CF10A,0.0
categorical__c_case_number_14013147CF10A,0.0
categorical__c_case_number_14013193CF10A,0.0
categorical__c_case_number_14013402CF10A,0.0
categorical__c_case_number_14013277CF10A,0.0
categorical__c_case_number_14013293CF10A,0.0
categorical__c_case_number_14013295CF10A,0.0
categorical__c_case_number_14013352CF10A,0.0
categorical__c_case_number_14013356CF10A,0.0
categorical__c_case_number_14013379CF10A,0.0
categorical__c_case_number_14013380CF10A,0.0
categorical__c_case_number_14013386CF10A,0.0
categorical__c_case_number_14013389CF10A,0.0
categorical__c_case_number_14013392CF10A,0.0
categorical__c_case_number_14013215CF10A,0.0
categorical__c_case_number_14014067CF10A,0.0
categorical__c_case_number_14014072CF10A,0.0
categorical__c_case_number_14014082CF10A,0.0
categorical__c_case_number_14014087CF10A,0.0
categorical__c_case_number_14014105CF10A,0.0
categorical__c_case_number_14014106CF10A,0.0
categorical__c_case_number_14014117CF10A,0.0
categorical__c_case_number_14014123CF10A,0.0
categorical__c_case_number_14014140CF10A,0.0
categorical__c_case_number_14014153CF10A,0.0
categorical__c_case_number_14013686MM10A,0.0
categorical__c_case_number_14014182CF10A,0.0
categorical__c_case_number_14014184CF10A,0.0
categorical__c_case_number_14014198CF10A,0.0
categorical__c_case_number_14014206CF10A,0.0
categorical__c_case_number_14014216CF10A,0.0
categorical__c_case_number_14014217CF10A,0.0
categorical__c_case_number_14014243CF10A,0.0
categorical__c_case_number_14014284CF10A,0.0
categorical__c_case_number_14014286CF10A,0.0
categorical__c_case_number_14014287CF10A,0.0
categorical__c_case_number_14014157CF10A,0.0
categorical__c_case_number_14013718MM10A,0.0
categorical__c_case_number_14013739CF10A,0.0
categorical__c_case_number_14013754CF10A,0.0
categorical__c_case_number_14013787CF10A,0.0
categorical__c_case_number_14013790CF10A,0.0
categorical__c_case_number_14013803CF10A,0.0
categorical__c_case_number_14013826CF10A,0.0
categorical__c_case_number_14013841CF10A,0.0
categorical__c_case_number_14013843CF10A,0.0
categorical__c_case_number_14013865CF10A,0.0
categorical__c_case_number_14014052CF10A,0.0
categorical__c_case_number_14013910CF10A,0.0
categorical__c_case_number_14013922CF10A,0.0
categorical__c_case_number_14013925CF10A,0.0
categorical__c_case_number_14013962CF10A,0.0
categorical__c_case_number_14013979CF10A,0.0
categorical__c_case_number_14013983CF10A,0.0
categorical__c_case_number_14013989MM10A,0.0
categorical__c_case_number_14014006MM10A,0.0
categorical__c_case_number_14014041MM10A,0.0
categorical__c_case_number_14014043MM10A,0.0
categorical__c_case_number_14013886CF10A,0.0
categorical__c_case_number_14005271CF10A,0.0
categorical__c_case_number_14005278CF10A,0.0
categorical__c_case_number_14005313MU10A,0.0
categorical__c_case_number_14005315CF10A,0.0
categorical__c_case_number_14005318MM10A,0.0
categorical__c_case_number_14005328MM10A,0.0
categorical__c_case_number_14005342CF10A,0.0
categorical__c_case_number_14005403MM10A,0.0
categorical__c_case_number_14005414MM10A,0.0
categorical__c_case_number_14009430CF10A,0.0
categorical__c_case_number_14005432CF10A,0.0
categorical__c_case_number_14005435MM10A,0.0
categorical__c_case_number_14005437MM10A,0.0
categorical__c_case_number_14005457MM10A,0.0
categorical__c_case_number_14005465MM10A,0.0
categorical__c_case_number_14005471MM10A,0.0
categorical__c_case_number_14005473CF10A,0.0
categorical__c_case_number_14005481CF10A,0.0
categorical__c_case_number_14005492CF10A,0.0
categorical__c_case_number_14005495MM10A,0.0
categorical__c_case_number_14005427CF10A,0.0
categorical__c_case_number_14005016MM10A,0.0
categorical__c_case_number_14005017MM10A,0.0
categorical__c_case_number_14005050CF10A,0.0
categorical__c_case_number_14005066MU10A,0.0
categorical__c_case_number_14005069MU10A,0.0
categorical__c_case_number_14005073MU10A,0.0
categorical__c_case_number_14005076CF10A,0.0
categorical__c_case_number_14005077MU10A,0.0
categorical__c_case_number_14005079MM10A,0.0
categorical__c_case_number_14005085CF10A,0.0
categorical__c_case_number_14005239MM10A,0.0
categorical__c_case_number_14005100MM10A,0.0
categorical__c_case_number_14005138CF10A,0.0
categorical__c_case_number_14005138MM10A,0.0
categorical__c_case_number_14005166MM10A,0.0
categorical__c_case_number_14005167MM10A,0.0
categorical__c_case_number_14005204CF10A,0.0
categorical__c_case_number_14005219CF10A,0.0
categorical__c_case_number_14005228MM10A,0.0
categorical__c_case_number_14005233MM10A,0.0
categorical__c_case_number_14005238MM10A,0.0
categorical__c_case_number_14005094MM10A,0.0
categorical__c_case_number_14005934CF10A,0.0
categorical__c_case_number_14005955CF10A,0.0
categorical__c_case_number_14005962CF10A,0.0
categorical__c_case_number_14005964CF10A,0.0
categorical__c_case_number_14005970CF10A,0.0
categorical__c_case_number_14005982CF10A,0.0
categorical__c_case_number_14005985CF10A,0.0
categorical__c_case_number_14006018CF10A,0.0
categorical__c_case_number_14006020CF10A,0.0
categorical__c_case_number_14006045MM10A,0.0
categorical__c_case_number_14005510MM10A,0.0
categorical__c_case_number_14006220MM10A,0.0
categorical__c_case_number_14006232MM10A,0.0
categorical__c_case_number_14006253CF10A,0.0
categorical__c_case_number_14006285CF10A,0.0
categorical__c_case_number_14006287CF10A,0.0
categorical__c_case_number_14006303CF10A,0.0
categorical__c_case_number_14006313MM10A,0.0
categorical__c_case_number_14006320CF10A,0.0
categorical__c_case_number_14006328MM10A,0.0
categorical__c_case_number_14006353MM10A,0.0
categorical__c_case_number_14006210CF10A,0.0
categorical__c_case_number_14005521MM10A,0.0
categorical__c_case_number_14005523MM10A,0.0
categorical__c_case_number_14005532MM10A,0.0
categorical__c_case_number_14005540CF10A,0.0
categorical__c_case_number_14005590CF10A,0.0
categorical__c_case_number_14005642CF10A,0.0
categorical__c_case_number_14005656CF10A,0.0
categorical__c_case_number_14005660MU10A,0.0
categorical__c_case_number_14005666MU10A,0.0
categorical__c_case_number_14005768CF10A,0.0
categorical__c_case_number_14005932CF10A,0.0
categorical__c_case_number_14005778CF10A,0.0
categorical__c_case_number_14005791MM10A,0.0
categorical__c_case_number_14005799CF10A,0.0
categorical__c_case_number_14005804MM10A,0.0
categorical__c_case_number_14005820MU10A,0.0
categorical__c_case_number_14005851CF10A,0.0
categorical__c_case_number_14005855CF10A,0.0
categorical__c_case_number_14005858CF10A,0.0
categorical__c_case_number_14005912CF10A,0.0
categorical__c_case_number_14005916MM10A,0.0
categorical__c_case_number_14005770CF10A,0.0
categorical__c_case_number_14004157CF10A,0.0
categorical__c_case_number_14004158CF10A,0.0
categorical__c_case_number_14004178CF10A,0.0
categorical__c_case_number_14004184CF10A,0.0
categorical__c_case_number_14004186CF10A,0.0
categorical__c_case_number_14004200MM10A,0.0
categorical__c_case_number_14004227CF10A,0.0
categorical__c_case_number_14004231CF10A,0.0
categorical__c_case_number_14004235CF10A,0.0
categorical__c_case_number_14005013MM10A,0.0
categorical__c_case_number_14004243CF10A,0.0
categorical__c_case_number_14004249MM10A,0.0
categorical__c_case_number_14004251MM10A,0.0
categorical__c_case_number_14004256CF10A,0.0
categorical__c_case_number_14004295CF10A,0.0
categorical__c_case_number_14004307CF10A,0.0
categorical__c_case_number_14004308MU10A,0.0
categorical__c_case_number_14004339CF10A,0.0
categorical__c_case_number_14004354CF10A,0.0
categorical__c_case_number_14004358CF10A,0.0
categorical__c_case_number_14004241CF10A,0.0
categorical__c_case_number_14004045MM10A,0.0
categorical__c_case_number_14004046CF10A,0.0
categorical__c_case_number_14004048CF10A,0.0
categorical__c_case_number_14004057MM10A,0.0
categorical__c_case_number_14004060CF10A,0.0
categorical__c_case_number_14004062CF10A,0.0
categorical__c_case_number_14004062MM10A,0.0
categorical__c_case_number_14004063CF10A,0.0
categorical__c_case_number_14004071MM10A,0.0
categorical__c_case_number_14004076MM10A,0.0
categorical__c_case_number_14004145MM10A,0.0
categorical__c_case_number_14004080MM10A,0.0
categorical__c_case_number_14004082CF10A,0.0
categorical__c_case_number_14004087CF10A,0.0
categorical__c_case_number_14004090CF10A,0.0
categorical__c_case_number_14004092CF10A,0.0
categorical__c_case_number_14004093CF10A,0.0
categorical__c_case_number_14004102CF10A,0.0
categorical__c_case_number_14004108CF10A,0.0
categorical__c_case_number_14004143MM10A,0.0
categorical__c_case_number_14004144CF10A,0.0
categorical__c_case_number_14004077CF10A,0.0
categorical__c_case_number_14004643MU10A,0.0
categorical__c_case_number_14004711CF10A,0.0
categorical__c_case_number_14004735MM10A,0.0
categorical__c_case_number_14004746CF10A,0.0
categorical__c_case_number_14004753CF10A,0.0
categorical__c_case_number_14004781MM10A,0.0
categorical__c_case_number_14004793MM10A,0.0
categorical__c_case_number_14004794MM10A,0.0
categorical__c_case_number_14004841MU10A,0.0
categorical__c_case_number_14004843MU10A,0.0
categorical__c_case_number_14004378CF10A,0.0
categorical__c_case_number_14004894CF10A,0.0
categorical__c_case_number_14004944CF10A,0.0
categorical__c_case_number_14004962CF10A,0.0
categorical__c_case_number_14004981MM10A,0.0
categorical__c_case_number_14004982MM10A,0.0
categorical__c_case_number_14004986CF10A,0.0
categorical__c_case_number_14004986MM10A,0.0
categorical__c_case_number_14004996MM10A,0.0
categorical__c_case_number_14004999CF10A,0.0
categorical__c_case_number_14005003MM10A,0.0
categorical__c_case_number_14004865CF10A,0.0
categorical__c_case_number_14004379CF10A,0.0
categorical__c_case_number_14004381CF10A,0.0
categorical__c_case_number_14004408CF10A,0.0
categorical__c_case_number_14004425CF10A,0.0
categorical__c_case_number_14004434CF10A,0.0
categorical__c_case_number_14004467MM10A,0.0
categorical__c_case_number_14004479MM10A,0.0
categorical__c_case_number_14004493CF10A,0.0
categorical__c_case_number_14004499MM10A,0.0
categorical__c_case_number_14004514MM10A,0.0
categorical__c_case_number_14004634MM10A,0.0
categorical__c_case_number_14004520MU10A,0.0
categorical__c_case_number_14004521MU10A,0.0
categorical__c_case_number_14004524MM10A,0.0
categorical__c_case_number_14004525MM10A,0.0
categorical__c_case_number_14004534MM10A,0.0
categorical__c_case_number_14004550CF10A,0.0
categorical__c_case_number_14004563MM10A,0.0
categorical__c_case_number_14004606CF10A,0.0
categorical__c_case_number_14004619MM10A,0.0
categorical__c_case_number_14004626MM10A,0.0
categorical__c_case_number_14004519CF10A,0.0
categorical__c_case_number_14008292CF10A,0.0
categorical__c_case_number_14008324CF10A,0.0
categorical__c_case_number_14008346CF10A,0.0
categorical__c_case_number_14008346MM10A,0.0
categorical__c_case_number_14008370MM10A,0.0
categorical__c_case_number_14008420CF10A,0.0
categorical__c_case_number_14008454CF10A,0.0
categorical__c_case_number_14008486CF10A,0.0
categorical__c_case_number_14008527CF10A,0.0
categorical__c_case_number_14006354CF10A,0.0
categorical__c_case_number_14008597CF10A,0.0
categorical__c_case_number_14008607CF10A,0.0
categorical__c_case_number_14008614MM10A,0.0
categorical__c_case_number_14008615CF10A,0.0
categorical__c_case_number_14008618CF10A,0.0
categorical__c_case_number_14008642CF10A,0.0
categorical__c_case_number_14008648CF10A,0.0
categorical__c_case_number_14008668MM10A,0.0
categorical__c_case_number_14008695CF10A,0.0
categorical__c_case_number_14008700MM10A,0.0
categorical__c_case_number_14008531CF10A,0.0
categorical__c_case_number_14007876CF10A,0.0
categorical__c_case_number_14007890CF10A,0.0
categorical__c_case_number_14007925CF10A,0.0
categorical__c_case_number_14007944MM10A,0.0
categorical__c_case_number_14007974CF10A,0.0
categorical__c_case_number_14008005CF10A,0.0
categorical__c_case_number_14008029MM10A,0.0
categorical__c_case_number_14008031CF10A,0.0
categorical__c_case_number_14008044CF10A,0.0
categorical__c_case_number_14008069CF10A,0.0
categorical__c_case_number_14008273MM10A,0.0
categorical__c_case_number_14008101CF10A,0.0
categorical__c_case_number_14008104CF10A,0.0
categorical__c_case_number_14008112CF10A,0.0
categorical__c_case_number_14008157CF10A,0.0
categorical__c_case_number_14008168CF10A,0.0
categorical__c_case_number_14008225CF10A,0.0
categorical__c_case_number_14008229MM10A,0.0
categorical__c_case_number_14008230MM10A,0.0
categorical__c_case_number_14008244CF10A,0.0
categorical__c_case_number_14008249CF10A,0.0
categorical__c_case_number_14008093CF10A,0.0
categorical__c_case_number_14009173CF10A,0.0
categorical__c_case_number_14009174CF10A,0.0
categorical__c_case_number_14009186MM10A,0.0
categorical__c_case_number_14009200CF10A,0.0
categorical__c_case_number_14009204CF10A,0.0
categorical__c_case_number_14009213CF10A,0.0
categorical__c_case_number_14009215CF10A,0.0
categorical__c_case_number_14009244MU10A,0.0
categorical__c_case_number_14009264MU10A,0.0
categorical__c_case_number_14009265MM10A,0.0
categorical__c_case_number_14008705MM10A,0.0
categorical__c_case_number_14009329MM10A,0.0
categorical__c_case_number_14009339MM10A,0.0
categorical__c_case_number_14009350CF10A,0.0
categorical__c_case_number_14009361CF10A,0.0
categorical__c_case_number_14009362CF10A,0.0
categorical__c_case_number_14009373CF10A,0.0
categorical__c_case_number_14009374CF10A,0.0
categorical__c_case_number_14009375CF10A,0.0
categorical__c_case_number_14009379CF10A,0.0
categorical__c_case_number_14009397CF10A,0.0
categorical__c_case_number_14009275MU10A,0.0
categorical__c_case_number_14008720CF10A,0.0
categorical__c_case_number_14008721MM10A,0.0
categorical__c_case_number_14008727MM10A,0.0
categorical__c_case_number_14008754CF10A,0.0
categorical__c_case_number_14008757CF10A,0.0
categorical__c_case_number_14008758MM10A,0.0
categorical__c_case_number_14008768MM10A,0.0
categorical__c_case_number_14008784CF10A,0.0
categorical__c_case_number_14008796CF10A,0.0
categorical__c_case_number_14008811CF10A,0.0
categorical__c_case_number_14009137MM10A,0.0
categorical__c_case_number_14008880CF10A,0.0
categorical__c_case_number_14008882CF10A,0.0
categorical__c_case_number_14008895CF10A,0.0
categorical__c_case_number_14008946CF10A,0.0
categorical__c_case_number_14008978MU10A,0.0
categorical__c_case_number_14008982CF10A,0.0
categorical__c_case_number_14009024MM10A,0.0
categorical__c_case_number_14009025CF10A,0.0
categorical__c_case_number_14009070CF10A,0.0
categorical__c_case_number_14009085CF10A,0.0
categorical__c_case_number_14008851MM10A,0.0
categorical__c_case_number_14006616CF10A,0.0
categorical__c_case_number_14006619MM10A,0.0
categorical__c_case_number_14006621CF10A,0.0
categorical__c_case_number_14006669CF10A,0.0
categorical__c_case_number_14006705CF10A,0.0
categorical__c_case_number_14006721CF10A,0.0
categorical__c_case_number_14006736CF10A,0.0
categorical__c_case_number_14006740CF10A,0.0
categorical__c_case_number_14006742CF10A,0.0
categorical__c_case_number_14007854MM10A,0.0
categorical__c_case_number_14006785CF10A,0.0
categorical__c_case_number_14006802CF10A,0.0
categorical__c_case_number_14006807CF10A,0.0
categorical__c_case_number_14006811MU10A,0.0
categorical__c_case_number_14006822CF10A,0.0
categorical__c_case_number_14006834MU10A,0.0
categorical__c_case_number_14006865CF10A,0.0
categorical__c_case_number_14006869CF10A,0.0
categorical__c_case_number_14006876MM10A,0.0
categorical__c_case_number_14006899CF10A,0.0
categorical__c_case_number_14006771CF10A,0.0
categorical__c_case_number_14006354MM10A,0.0
categorical__c_case_number_14006367MU10A,0.0
categorical__c_case_number_14006390CF10A,0.0
categorical__c_case_number_14006408CF10A,0.0
categorical__c_case_number_14006412CF10A,0.0
categorical__c_case_number_14006418CF10A,0.0
categorical__c_case_number_14006432MM10A,0.0
categorical__c_case_number_14006448CF10A,0.0
categorical__c_case_number_14006477CF10A,0.0
categorical__c_case_number_14006483CF10A,0.0
categorical__c_case_number_14006607CF10A,0.0
categorical__c_case_number_14006509CF10A,0.0
categorical__c_case_number_14006512MU10A,0.0
categorical__c_case_number_14006519CF10A,0.0
categorical__c_case_number_14006525MM10A,0.0
categorical__c_case_number_14006530CF10A,0.0
categorical__c_case_number_14006531MM10A,0.0
categorical__c_case_number_14006553MM10A,0.0
categorical__c_case_number_14006559MM10A,0.0
categorical__c_case_number_14006567MM10A,0.0
categorical__c_case_number_14006578CF10A,0.0
categorical__c_case_number_14006500CF10A,0.0
categorical__c_case_number_14007422CF10A,0.0
categorical__c_case_number_14007426CF10A,0.0
categorical__c_case_number_14007445MM10A,0.0
categorical__c_case_number_14007449MM10A,0.0
categorical__c_case_number_14007463CF10A,0.0
categorical__c_case_number_14007471CF10A,0.0
categorical__c_case_number_14007475MM10A,0.0
categorical__c_case_number_14007480MM10A,0.0
categorical__c_case_number_14007528CF10A,0.0
categorical__c_case_number_14007554CF10A,0.0
categorical__c_case_number_14006909CF10A,0.0
categorical__c_case_number_14007562CF10A,0.0
categorical__c_case_number_14007578CF10A,0.0
categorical__c_case_number_14007615MM10A,0.0
categorical__c_case_number_14007693CF10A,0.0
categorical__c_case_number_14007714CF10A,0.0
categorical__c_case_number_14007774CF10A,0.0
categorical__c_case_number_14007779CF10A,0.0
categorical__c_case_number_14007805CF10A,0.0
categorical__c_case_number_14007814CF10A,0.0
categorical__c_case_number_14007837CF10A,0.0
categorical__c_case_number_14007561CF10A,0.0
categorical__c_case_number_14006915CF10A,0.0
categorical__c_case_number_14006919CF10A,0.0
categorical__c_case_number_14006947TC10A,0.0
categorical__c_case_number_14006971MU10A,0.0
categorical__c_case_number_14007038MM10A,0.0
categorical__c_case_number_14007072CF10A,0.0
categorical__c_case_number_14007076MO10A,0.0
categorical__c_case_number_14007154CF10A,0.0
categorical__c_case_number_14007163CF10A,0.0
categorical__c_case_number_14007168CF10A,0.0
categorical__c_case_number_14007417CF10A,0.0
categorical__c_case_number_14007179CF10A,0.0
categorical__c_case_number_14007209CF10A,0.0
categorical__c_case_number_14007217CF10A,0.0
categorical__c_case_number_14007237CF10A,0.0
categorical__c_case_number_14007260CF10A,0.0
categorical__c_case_number_14007264CF10A,0.0
categorical__c_case_number_14007308CF10A,0.0
categorical__c_case_number_14007316CF10A,0.0
categorical__c_case_number_14007385MU10A,0.0
categorical__c_case_number_14007388CF10A,0.0
categorical__c_case_number_14007176CF10A,0.0
categorical__c_case_number_13014600MM10A,0.0
categorical__c_case_number_13014602CF10A,0.0
categorical__c_case_number_13014603CF10A,0.0
categorical__c_case_number_13014612CF10A,0.0
categorical__c_case_number_13014625MM10A,0.0
categorical__c_case_number_13014630CF10A,0.0
categorical__c_case_number_13014643CF10A,0.0
categorical__c_case_number_13014644CF10A,0.0
categorical__c_case_number_13014644MM10A,0.0
categorical__c_case_number_13023380MM10A,0.0
categorical__c_case_number_13014650CF10A,0.0
categorical__c_case_number_13014651CF10A,0.0
categorical__c_case_number_13014659CF10A,0.0
categorical__c_case_number_13014666MM10A,0.0
categorical__c_case_number_13014667MM10A,0.0
categorical__c_case_number_13014672CF10A,0.0
categorical__c_case_number_13014700CF10A,0.0
categorical__c_case_number_13014709MM10A,0.0
categorical__c_case_number_13014710MM10A,0.0
categorical__c_case_number_13014713CF10A,0.0
categorical__c_case_number_13014645MM10A,0.0
categorical__c_case_number_13014430CF10A,0.0
categorical__c_case_number_13014443CF10A,0.0
categorical__c_case_number_13014450MM10A,0.0
categorical__c_case_number_13014454CF10A,0.0
categorical__c_case_number_13014462CF10A,0.0
categorical__c_case_number_13014467MM10A,0.0
categorical__c_case_number_13014469MM10A,0.0
categorical__c_case_number_13014470CF10A,0.0
categorical__c_case_number_13014475CF10A,0.0
categorical__c_case_number_13014475MM10A,0.0
categorical__c_case_number_13014593MM10A,0.0
categorical__c_case_number_13014513MM10A,0.0
categorical__c_case_number_13014514MM10A,0.0
categorical__c_case_number_13014515MM10A,0.0
categorical__c_case_number_13014543CF10A,0.0
categorical__c_case_number_13014549CF10A,0.0
categorical__c_case_number_13014562CF10A,0.0
categorical__c_case_number_13014562MM10A,0.0
categorical__c_case_number_13014568CF10A,0.0
categorical__c_case_number_13014578CF10A,0.0
categorical__c_case_number_13014591CF10A,0.0
categorical__c_case_number_13014495CF10A,0.0
categorical__c_case_number_13014777CF10A,0.0
categorical__c_case_number_13014778MM10A,0.0
categorical__c_case_number_13014781CF10A,0.0
categorical__c_case_number_13014795CF10A,0.0
categorical__c_case_number_13014806CF10A,0.0
categorical__c_case_number_13014809CF10A,0.0
categorical__c_case_number_13014815CF10A,0.0
categorical__c_case_number_13014822CF10A,0.0
categorical__c_case_number_13014825CF10A,0.0
categorical__c_case_number_13014713MM10A,0.0
categorical__c_case_number_13014839CF10A,0.0
categorical__c_case_number_13014849CF10A,0.0
categorical__c_case_number_13014853CF10A,0.0
categorical__c_case_number_13014856MM10A,0.0
categorical__c_case_number_13014862CF10A,0.0
categorical__c_case_number_13014864CF10A,0.0
categorical__c_case_number_13014866MM10A,0.0
categorical__c_case_number_13014877CF10A,0.0
categorical__c_case_number_13014877MM10A,0.0
categorical__c_case_number_13014882CF10A,0.0
categorical__c_case_number_13014829CF10A,0.0
categorical__c_case_number_13014714CF10A,0.0
categorical__c_case_number_13014716CF10A,0.0
categorical__c_case_number_13014717CF10A,0.0
categorical__c_case_number_13014721CF10A,0.0
categorical__c_case_number_13014732CF10A,0.0
categorical__c_case_number_13014734CF10A,0.0
categorical__c_case_number_13014734MM10A,0.0
categorical__c_case_number_13014735MM10A,0.0
categorical__c_case_number_13014740CF10A,0.0
categorical__c_case_number_13014747CF10A,0.0
categorical__c_case_number_13014771MM10A,0.0
categorical__c_case_number_13014751MM10A,0.0
categorical__c_case_number_13014753MM10A,0.0
categorical__c_case_number_13014754CF10A,0.0
categorical__c_case_number_13014754MM10A,0.0
categorical__c_case_number_13014755CF10A,0.0
categorical__c_case_number_13014757CF10A,0.0
categorical__c_case_number_13014764CF10A,0.0
categorical__c_case_number_13014765CF10A,0.0
categorical__c_case_number_13014769CF10A,0.0
categorical__c_case_number_13014771CF10A,0.0
categorical__c_case_number_13014750CF10A,0.0
categorical__c_case_number_13013989CF10A,0.0
categorical__c_case_number_13013996CF10A,0.0
categorical__c_case_number_13014007CF10A,0.0
categorical__c_case_number_13014011CF10A,0.0
categorical__c_case_number_13014019MM10A,0.0
categorical__c_case_number_13014025CF10A,0.0
categorical__c_case_number_13014036MM10A,0.0
categorical__c_case_number_13014052CF10A,0.0
categorical__c_case_number_13014061CF10A,0.0
categorical__c_case_number_13014425CF10A,0.0
categorical__c_case_number_13014074CF10A,0.0
categorical__c_case_number_13014075CF10A,0.0
categorical__c_case_number_13014076MO10A,0.0
categorical__c_case_number_13014082CF10A,0.0
categorical__c_case_number_13014095MM10A,0.0
categorical__c_case_number_13014098CF10A,0.0
categorical__c_case_number_13014106CF10A,0.0
categorical__c_case_number_13014107CF10A,0.0
categorical__c_case_number_13014108CF10A,0.0
categorical__c_case_number_13014121CF10A,0.0
categorical__c_case_number_13014064CF10A,0.0
categorical__c_case_number_13013838CF10A,0.0
categorical__c_case_number_13013849CF10A,0.0
categorical__c_case_number_13013850CF10A,0.0
categorical__c_case_number_13013853CF10A,0.0
categorical__c_case_number_13013857CF10A,0.0
categorical__c_case_number_13013878CF10A,0.0
categorical__c_case_number_13013887CF10A,0.0
categorical__c_case_number_13013889CF10A,0.0
categorical__c_case_number_13013891CF10A,0.0
categorical__c_case_number_13013893CF10A,0.0
categorical__c_case_number_13013970MM10A,0.0
categorical__c_case_number_13013909CF10A,0.0
categorical__c_case_number_13013916CF10A,0.0
categorical__c_case_number_13013922CF10A,0.0
categorical__c_case_number_13013927CF10A,0.0
categorical__c_case_number_13013931CF10A,0.0
categorical__c_case_number_13013940CF10A,0.0
categorical__c_case_number_13013943CF10A,0.0
categorical__c_case_number_13013952CF10A,0.0
categorical__c_case_number_13013964CF10A,0.0
categorical__c_case_number_13013965CF10A,0.0
categorical__c_case_number_13013904CF10A,0.0
categorical__c_case_number_13014279CF10A,0.0
categorical__c_case_number_13014292CF10A,0.0
categorical__c_case_number_13014297CF10A,0.0
categorical__c_case_number_13014304NI20A,0.0
categorical__c_case_number_13014305CF10A,0.0
categorical__c_case_number_13014318CF10A,0.0
categorical__c_case_number_13014326CF10A,0.0
categorical__c_case_number_13014340CF10A,0.0
categorical__c_case_number_13014341CF10A,0.0
categorical__c_case_number_13014353MM10A,0.0
categorical__c_case_number_13014123CF10A,0.0
categorical__c_case_number_13014370CF10A,0.0
categorical__c_case_number_13014371CF10A,0.0
categorical__c_case_number_13014372CF10A,0.0
categorical__c_case_number_13014382CF10A,0.0
categorical__c_case_number_13014393CF10A,0.0
categorical__c_case_number_13014397CF10A,0.0
categorical__c_case_number_13014398CF10A,0.0
categorical__c_case_number_13014406CF10A,0.0
categorical__c_case_number_13014417CF10A,0.0
categorical__c_case_number_13014418CF10A,0.0
categorical__c_case_number_13014368CF10A,0.0
categorical__c_case_number_13014150CF10A,0.0
categorical__c_case_number_13014154CF10A,0.0
categorical__c_case_number_13014164CF10A,0.0
categorical__c_case_number_13014168CF10A,0.0
categorical__c_case_number_13014176MM10A,0.0
categorical__c_case_number_13014178CF10A,0.0
categorical__c_case_number_13014179CF10A,0.0
categorical__c_case_number_13014180CF10A,0.0
categorical__c_case_number_13014186CF10A,0.0
categorical__c_case_number_13014193MM10A,0.0
categorical__c_case_number_13014274CF10A,0.0
categorical__c_case_number_13014209CF10A,0.0
categorical__c_case_number_13014224MM10A,0.0
categorical__c_case_number_13014253CF10A,0.0
categorical__c_case_number_13014254MM10A,0.0
categorical__c_case_number_13014255CF10A,0.0
categorical__c_case_number_13014255MM10A,0.0
categorical__c_case_number_13014265CF10A,0.0
categorical__c_case_number_13014267CF10A,0.0
categorical__c_case_number_13014269CF10A,0.0
categorical__c_case_number_13014270CF10A,0.0
categorical__c_case_number_13014202CF10A,0.0
categorical__c_case_number_13015497MM10A,0.0
categorical__c_case_number_13015499CF10A,0.0
categorical__c_case_number_13015521CF10A,0.0
categorical__c_case_number_13015538MM10A,0.0
categorical__c_case_number_13015540CF10A,0.0
categorical__c_case_number_13015540MM10A,0.0
categorical__c_case_number_13015543CF10A,0.0
categorical__c_case_number_13015554CF10A,0.0
categorical__c_case_number_13015557CF10A,0.0
categorical__c_case_number_13014884MM10A,0.0
categorical__c_case_number_13015562CF10A,0.0
categorical__c_case_number_13015569CF10A,0.0
categorical__c_case_number_13015575CF10A,0.0
categorical__c_case_number_13015581CF10A,0.0
categorical__c_case_number_13015585CF10A,0.0
categorical__c_case_number_13015594CF10A,0.0
categorical__c_case_number_13015599CF10A,0.0
categorical__c_case_number_13015600CF10A,0.0
categorical__c_case_number_13015602CF10A,0.0
categorical__c_case_number_13015605MM10A,0.0
categorical__c_case_number_13015561CF10A,0.0
categorical__c_case_number_13015371CF10A,0.0
categorical__c_case_number_13015376CF10A,0.0
categorical__c_case_number_13015381CF10A,0.0
categorical__c_case_number_13015381MM10A,0.0
categorical__c_case_number_13015383CF10A,0.0
categorical__c_case_number_13015387CF10A,0.0
categorical__c_case_number_13015388MM10A,0.0
categorical__c_case_number_13015392MM10A,0.0
categorical__c_case_number_13015394CF10A,0.0
categorical__c_case_number_13015398MM10A,0.0
categorical__c_case_number_13015495MM10A,0.0
categorical__c_case_number_13015408CF10A,0.0
categorical__c_case_number_13015426CF10A,0.0
categorical__c_case_number_13015447CF10A,0.0
categorical__c_case_number_13015455CF10A,0.0
categorical__c_case_number_13015457CF10A,0.0
categorical__c_case_number_13015466MM10A,0.0
categorical__c_case_number_13015475CF10A,0.0
categorical__c_case_number_13015485CF10A,0.0
categorical__c_case_number_13015490CF10A,0.0
categorical__c_case_number_13015495CF10A,0.0
categorical__c_case_number_13015402MM10A,0.0
categorical__c_case_number_13015691CF10A,0.0
categorical__c_case_number_13015695CF10A,0.0
categorical__c_case_number_13015696CF10A,0.0
categorical__c_case_number_13015698CF10A,0.0
categorical__c_case_number_13015711CF10A,0.0
categorical__c_case_number_13015714CF10A,0.0
categorical__c_case_number_13015716CF10A,0.0
categorical__c_case_number_13015719CF10A,0.0
categorical__c_case_number_13015723CF10A,0.0
categorical__c_case_number_13015725MM10A,0.0
categorical__c_case_number_13015609CF10A,0.0
categorical__c_case_number_13015729CF10A,0.0
categorical__c_case_number_13015730CF10A,0.0
categorical__c_case_number_13015733CF10A,0.0
categorical__c_case_number_13015737CF10A,0.0
categorical__c_case_number_13015742CF10A,0.0
categorical__c_case_number_13015742MM10A,0.0
categorical__c_case_number_13015750MM10A,0.0
categorical__c_case_number_13015751MM10A,0.0
categorical__c_case_number_13015770CF10A,0.0
categorical__c_case_number_13015781TC10A,0.0
categorical__c_case_number_13015728CF10A,0.0
categorical__c_case_number_13015612MM10A,0.0
categorical__c_case_number_13015618MM10A,0.0
categorical__c_case_number_13015624MM10A,0.0
categorical__c_case_number_13015625CF10A,0.0
categorical__c_case_number_13015626MM10A,0.0
categorical__c_case_number_13015629MM10A,0.0
categorical__c_case_number_13015632CF10A,0.0
categorical__c_case_number_13015636MM10A,0.0
categorical__c_case_number_13015644CF10A,0.0
categorical__c_case_number_13015644MM10A,0.0
categorical__c_case_number_13015689CF10A,0.0
categorical__c_case_number_13015650CF10A,0.0
categorical__c_case_number_13015652MM10A,0.0
categorical__c_case_number_13015656CF10A,0.0
categorical__c_case_number_13015658CF10A,0.0
categorical__c_case_number_13015662MM10A,0.0
categorical__c_case_number_13015663MM10A,0.0
categorical__c_case_number_13015675CF10A,0.0
categorical__c_case_number_13015676CF10A,0.0
categorical__c_case_number_13015684CF10A,0.0
categorical__c_case_number_13015685CF10A,0.0
categorical__c_case_number_13015646CF10A,0.0
categorical__c_case_number_13015047CF10A,0.0
categorical__c_case_number_13015053CF10A,0.0
categorical__c_case_number_13015053MM10A,0.0
categorical__c_case_number_13015056MM10A,0.0
categorical__c_case_number_13015060CF10A,0.0
categorical__c_case_number_13015068MM10A,0.0
categorical__c_case_number_13015079CF10A,0.0
categorical__c_case_number_13015090CF10A,0.0
categorical__c_case_number_13015094CF10A,0.0
categorical__c_case_number_13015359CF10A,0.0
categorical__c_case_number_13015099CF10A,0.0
categorical__c_case_number_13015103CF10A,0.0
categorical__c_case_number_13015104CF10A,0.0
categorical__c_case_number_13015105MM10A,0.0
categorical__c_case_number_13015106CF10A,0.0
categorical__c_case_number_13015108CF10A,0.0
categorical__c_case_number_13015109CF10A,0.0
categorical__c_case_number_13015115CF10A,0.0
categorical__c_case_number_13015117CF10A,0.0
categorical__c_case_number_13015125MM10A,0.0
categorical__c_case_number_13015098CF10A,0.0
categorical__c_case_number_13014898CF10A,0.0
categorical__c_case_number_13014913MM10A,0.0
categorical__c_case_number_13014922CF10A,0.0
categorical__c_case_number_13014926CF10A,0.0
categorical__c_case_number_13014932CF10A,0.0
categorical__c_case_number_13014937CF10A,0.0
categorical__c_case_number_13014955CF10A,0.0
categorical__c_case_number_13014963CF10A,0.0
categorical__c_case_number_13014981CF10A,0.0
categorical__c_case_number_13014982CF10A,0.0
categorical__c_case_number_13015043CF10A,0.0
categorical__c_case_number_13014984CF10A,0.0
categorical__c_case_number_13014985MM10A,0.0
categorical__c_case_number_13014993MM10A,0.0
categorical__c_case_number_13015010CF10A,0.0
categorical__c_case_number_13015011CF10A,0.0
categorical__c_case_number_13015013CF10A,0.0
categorical__c_case_number_13015016CF10A,0.0
categorical__c_case_number_13015018CF10A,0.0
categorical__c_case_number_13015030CF10A,0.0
categorical__c_case_number_13015037CF10A,0.0
categorical__c_case_number_13014983CF10A,0.0
categorical__c_case_number_13015230MM10A,0.0
categorical__c_case_number_13015243CF10A,0.0
categorical__c_case_number_13015249CF10A,0.0
categorical__c_case_number_13015251CF10A,0.0
categorical__c_case_number_13015256CF10A,0.0
categorical__c_case_number_13015262CF10A,0.0
categorical__c_case_number_13015263CF10A,0.0
categorical__c_case_number_13015275CF10A,0.0
categorical__c_case_number_13015277CF10A,0.0
categorical__c_case_number_13015278CF10A,0.0
categorical__c_case_number_13015136CF10A,0.0
categorical__c_case_number_13015289CF10A,0.0
categorical__c_case_number_13015299MM10A,0.0
categorical__c_case_number_13015300CF10A,0.0
categorical__c_case_number_13015312CF10A,0.0
categorical__c_case_number_13015313MM10A,0.0
categorical__c_case_number_13015318CF10A,0.0
categorical__c_case_number_13015324CF10A,0.0
categorical__c_case_number_13015326CF10A,0.0
categorical__c_case_number_13015345CF10A,0.0
categorical__c_case_number_13015353CF10A,0.0
categorical__c_case_number_13015279CF10A,0.0
categorical__c_case_number_13015138CF10A,0.0
categorical__c_case_number_13015140CF10A,0.0
categorical__c_case_number_13015141CF10A,0.0
categorical__c_case_number_13015142CF10A,0.0
categorical__c_case_number_13015142MM10A,0.0
categorical__c_case_number_13015144CF10A,0.0
categorical__c_case_number_13015156MM10A,0.0
categorical__c_case_number_13015158MM10A,0.0
categorical__c_case_number_13015162MM10A,0.0
categorical__c_case_number_13015168MM10A,0.0
categorical__c_case_number_13015229MM10A,0.0
categorical__c_case_number_13015173MM10A,0.0
categorical__c_case_number_13015174MM10A,0.0
categorical__c_case_number_13015178CF10A,0.0
categorical__c_case_number_13015187CF10A,0.0
categorical__c_case_number_13015202CF10A,0.0
categorical__c_case_number_13015202TC10A,0.0
categorical__c_case_number_13015205MM10A,0.0
categorical__c_case_number_13015210MM10A,0.0
categorical__c_case_number_13015219CF10A,0.0
categorical__c_case_number_13015220MM10A,0.0
categorical__c_case_number_13015173CF10A,0.0
categorical__c_case_number_13012444CF10A,0.0
categorical__c_case_number_13012449CF10A,0.0
categorical__c_case_number_13012458CF10A,0.0
categorical__c_case_number_13012474MM10A,0.0
categorical__c_case_number_13012482CF10A,0.0
categorical__c_case_number_13012486CF10A,0.0
categorical__c_case_number_13012489CF10A,0.0
categorical__c_case_number_13012494CF10A,0.0
categorical__c_case_number_13012496CF10A,0.0
categorical__c_case_number_13013834CF10A,0.0
categorical__c_case_number_13012512CF10A,0.0
categorical__c_case_number_13012513CF10A,0.0
categorical__c_case_number_13012529CF10A,0.0
categorical__c_case_number_13012537CF10A,0.0
categorical__c_case_number_13012539CF10A,0.0
categorical__c_case_number_13012540CF10A,0.0
categorical__c_case_number_13012551CF10A,0.0
categorical__c_case_number_13012552CF10A,0.0
categorical__c_case_number_13012553CF10A,0.0
categorical__c_case_number_13012559CF10A,0.0
categorical__c_case_number_13012499CF10A,0.0
categorical__c_case_number_13012257CF10A,0.0
categorical__c_case_number_13012268CF10A,0.0
categorical__c_case_number_13012288CF10A,0.0
categorical__c_case_number_13012293CF10A,0.0
categorical__c_case_number_13012301CF10A,0.0
categorical__c_case_number_13012305CF10A,0.0
categorical__c_case_number_13012310CF10A,0.0
categorical__c_case_number_13012315CF10A,0.0
categorical__c_case_number_13012323CF10A,0.0
categorical__c_case_number_13012330CF10A,0.0
categorical__c_case_number_13012440CF10A,0.0
categorical__c_case_number_13012376CF10A,0.0
categorical__c_case_number_13012397TC10A,0.0
categorical__c_case_number_13012402TC10A,0.0
categorical__c_case_number_13012410TC10A,0.0
categorical__c_case_number_13012413TC10A,0.0
categorical__c_case_number_13012417MM10A,0.0
categorical__c_case_number_13012422CF10A,0.0
categorical__c_case_number_13012424CF10A,0.0
categorical__c_case_number_13012428CF10A,0.0
categorical__c_case_number_13012434CF10A,0.0
categorical__c_case_number_13012358CF10A,0.0
categorical__c_case_number_13012717CF10A,0.0
categorical__c_case_number_13012724CF10A,0.0
categorical__c_case_number_13012730CF10A,0.0
categorical__c_case_number_13012730MM10A,0.0
categorical__c_case_number_13012732CF10A,0.0
categorical__c_case_number_13012733CF10A,0.0
categorical__c_case_number_13012733MM10A,0.0
categorical__c_case_number_13012734CF10A,0.0
categorical__c_case_number_13012748CF10A,0.0
categorical__c_case_number_13012752MO10A,0.0
categorical__c_case_number_13012560CF10A,0.0
categorical__c_case_number_13012757CF10A,0.0
categorical__c_case_number_13012760CF10A,0.0
categorical__c_case_number_13012761CF10A,0.0
categorical__c_case_number_13012779MM10A,0.0
categorical__c_case_number_13012786CF10A,0.0
categorical__c_case_number_13012788CF10A,0.0
categorical__c_case_number_13012793MM10A,0.0
categorical__c_case_number_13012795CF10A,0.0
categorical__c_case_number_13012799CF10A,0.0
categorical__c_case_number_13012804CF10A,0.0
categorical__c_case_number_13012753CF10A,0.0
categorical__c_case_number_13012561CF10A,0.0
categorical__c_case_number_13012594CF10A,0.0
categorical__c_case_number_13012601CF10A,0.0
categorical__c_case_number_13012603CF10A,0.0
categorical__c_case_number_13012605CF10A,0.0
categorical__c_case_number_13012607CF10A,0.0
categorical__c_case_number_13012609CF10A,0.0
categorical__c_case_number_13012618CF10A,0.0
categorical__c_case_number_13012624CF10A,0.0
categorical__c_case_number_13012648CF10A,0.0
categorical__c_case_number_13012709TC10A,0.0
categorical__c_case_number_13012668CF10A,0.0
categorical__c_case_number_13012674CF10A,0.0
categorical__c_case_number_13012676CF10A,0.0
categorical__c_case_number_13012681CF10A,0.0
categorical__c_case_number_13012685CF10A,0.0
categorical__c_case_number_13012686CF10A,0.0
categorical__c_case_number_13012691CF10A,0.0
categorical__c_case_number_13012693CF10A,0.0
categorical__c_case_number_13012699CF10A,0.0
categorical__c_case_number_13012702CF10A,0.0
categorical__c_case_number_13012665CF10A,0.0
categorical__c_case_number_13011842CF10A,0.0
categorical__c_case_number_13011852CF10A,0.0
categorical__c_case_number_13011855CF10A,0.0
categorical__c_case_number_13011858CF10A,0.0
categorical__c_case_number_13011867CF10A,0.0
categorical__c_case_number_13011876CF10A,0.0
categorical__c_case_number_13011893CF10A,0.0
categorical__c_case_number_13011894CF10A,0.0
categorical__c_case_number_13011894MM10A,0.0
categorical__c_case_number_13012254TC10A,0.0
categorical__c_case_number_13011914CF10A,0.0
categorical__c_case_number_13011915CF10A,0.0
categorical__c_case_number_13011917CF10A,0.0
categorical__c_case_number_13011927CF10A,0.0
categorical__c_case_number_13011932CF10A,0.0
categorical__c_case_number_13011936CF10A,0.0
categorical__c_case_number_13011944CF10A,0.0
categorical__c_case_number_13011948CF10A,0.0
categorical__c_case_number_13011948TC10A,0.0
categorical__c_case_number_13011955CF10A,0.0
categorical__c_case_number_13011897CF10A,0.0
categorical__c_case_number_13011707CF10A,0.0
categorical__c_case_number_13011708CF10A,0.0
categorical__c_case_number_13011710CF10A,0.0
categorical__c_case_number_13011711CF10A,0.0
categorical__c_case_number_13011728CF10A,0.0
categorical__c_case_number_13011735CF10A,0.0
categorical__c_case_number_13011736CF10A,0.0
categorical__c_case_number_13011738CF10A,0.0
categorical__c_case_number_13011746CF10A,0.0
categorical__c_case_number_13011749CF10A,0.0
categorical__c_case_number_13011839CF10A,0.0
categorical__c_case_number_13011772CF10A,0.0
categorical__c_case_number_13011782CF10A,0.0
categorical__c_case_number_13011801CF10A,0.0
categorical__c_case_number_13011802CF10A,0.0
categorical__c_case_number_13011806CF10A,0.0
categorical__c_case_number_13011811CF10A,0.0
categorical__c_case_number_13011816CF10A,0.0
categorical__c_case_number_13011820CF10A,0.0
categorical__c_case_number_13011827CF10A,0.0
categorical__c_case_number_13011830CF10A,0.0
categorical__c_case_number_13011767CF10A,0.0
categorical__c_case_number_13012089CF10A,0.0
categorical__c_case_number_13012098CF10A,0.0
categorical__c_case_number_13012104CF10A,0.0
categorical__c_case_number_13012108CF10A,0.0
categorical__c_case_number_13012126CF10A,0.0
categorical__c_case_number_13012142CF10A,0.0
categorical__c_case_number_13012145CF10A,0.0
categorical__c_case_number_13012146CF10A,0.0
categorical__c_case_number_13012154CF10A,0.0
categorical__c_case_number_13012164MM10A,0.0
categorical__c_case_number_13011964CF10A,0.0
categorical__c_case_number_13012170CF10A,0.0
categorical__c_case_number_13012214CF10A,0.0
categorical__c_case_number_13012222CF10A,0.0
categorical__c_case_number_13012223CF10A,0.0
categorical__c_case_number_13012227CF10A,0.0
categorical__c_case_number_13012228MM10A,0.0
categorical__c_case_number_13012234CF10A,0.0
categorical__c_case_number_13012243CF10A,0.0
categorical__c_case_number_13012247CF10A,0.0
categorical__c_case_number_13012254CF10A,0.0
categorical__c_case_number_13012168CF10A,0.0
categorical__c_case_number_13011965CF10A,0.0
categorical__c_case_number_13011974CF10A,0.0
categorical__c_case_number_13011978CF10A,0.0
categorical__c_case_number_13011983MM10A,0.0
categorical__c_case_number_13011986CF10A,0.0
categorical__c_case_number_13011997CF10A,0.0
categorical__c_case_number_13012006CF10A,0.0
categorical__c_case_number_13012008CF10A,0.0
categorical__c_case_number_13012010MM10A,0.0
categorical__c_case_number_13012021CF10A,0.0
categorical__c_case_number_13012088CF10A,0.0
categorical__c_case_number_13012026CF10A,0.0
categorical__c_case_number_13012027MM10A,0.0
categorical__c_case_number_13012032CF10A,0.0
categorical__c_case_number_13012037CF10A,0.0
categorical__c_case_number_13012049CF10A,0.0
categorical__c_case_number_13012050CF10A,0.0
categorical__c_case_number_13012051CF10A,0.0
categorical__c_case_number_13012061CF10A,0.0
categorical__c_case_number_13012077CF10A,0.0
categorical__c_case_number_13012078CF10A,0.0
categorical__c_case_number_13012024CF10A,0.0
categorical__c_case_number_13013448CF10A,0.0
categorical__c_case_number_13013453CF10A,0.0
categorical__c_case_number_13013459CF10A,0.0
categorical__c_case_number_13013468CF10A,0.0
categorical__c_case_number_13013468TC10A,0.0
categorical__c_case_number_13013473CF10A,0.0
categorical__c_case_number_13013476CF10A,0.0
categorical__c_case_number_13013483CF10A,0.0
categorical__c_case_number_13013491CF10A,0.0
categorical__c_case_number_13012812CF10A,0.0
categorical__c_case_number_13013504CF10A,0.0
categorical__c_case_number_13013508CF10A,0.0
categorical__c_case_number_13013514CF10A,0.0
categorical__c_case_number_13013530CF10A,0.0
categorical__c_case_number_13013538CF10A,0.0
categorical__c_case_number_13013546CF10A,0.0
categorical__c_case_number_13013562CF10A,0.0
categorical__c_case_number_13013566CF10A,0.0
categorical__c_case_number_13013572CF10A,0.0
categorical__c_case_number_13013578MM10A,0.0
categorical__c_case_number_13013502CF10A,0.0
categorical__c_case_number_13013345CF10A,0.0
categorical__c_case_number_13013349CF10A,0.0
categorical__c_case_number_13013351CF10A,0.0
categorical__c_case_number_13013357CF10A,0.0
categorical__c_case_number_13013358TC10A,0.0
categorical__c_case_number_13013359CF10A,0.0
categorical__c_case_number_13013360CF10A,0.0
categorical__c_case_number_13013365MM10A,0.0
categorical__c_case_number_13013378CF10A,0.0
categorical__c_case_number_13013381CF10A,0.0
categorical__c_case_number_13013442CF10A,0.0
categorical__c_case_number_13013383CF10A,0.0
categorical__c_case_number_13013387CF10A,0.0
categorical__c_case_number_13013389CF10A,0.0
categorical__c_case_number_13013392CF10A,0.0
categorical__c_case_number_13013400CF10A,0.0
categorical__c_case_number_13013422CF10A,0.0
categorical__c_case_number_13013423CF10A,0.0
categorical__c_case_number_13013426TC20A,0.0
categorical__c_case_number_13013435CF10A,0.0
categorical__c_case_number_13013438CF10A,0.0
categorical__c_case_number_13013382CF10A,0.0
categorical__c_case_number_13013691CF10A,0.0
categorical__c_case_number_13013703CF10A,0.0
categorical__c_case_number_13013705CF10A,0.0
categorical__c_case_number_13013707CF10A,0.0
categorical__c_case_number_13013724CF10A,0.0
categorical__c_case_number_13013750CF10A,0.0
categorical__c_case_number_13013753CF10A,0.0
categorical__c_case_number_13013758CF10A,0.0
categorical__c_case_number_13013765CF10A,0.0
categorical__c_case_number_13013771CF10A,0.0
categorical__c_case_number_13013581CF10A,0.0
categorical__c_case_number_13013783CF10A,0.0
categorical__c_case_number_13013789CF10A,0.0
categorical__c_case_number_13013795CF10A,0.0
categorical__c_case_number_13013799MM10A,0.0
categorical__c_case_number_13013808CF10A,0.0
categorical__c_case_number_13013809CF10A,0.0
categorical__c_case_number_13013818CF10A,0.0
categorical__c_case_number_13013821CF10A,0.0
categorical__c_case_number_13013823CF10A,0.0
categorical__c_case_number_13013830CF10A,0.0
categorical__c_case_number_13013779CF10A,0.0
categorical__c_case_number_13013587CF10A,0.0
categorical__c_case_number_13013588CF10A,0.0
categorical__c_case_number_13013590CF10A,0.0
categorical__c_case_number_13013591MM10A,0.0
categorical__c_case_number_13013603CF10A,0.0
categorical__c_case_number_13013610CF10A,0.0
categorical__c_case_number_13013615CF10A,0.0
categorical__c_case_number_13013621CF10A,0.0
categorical__c_case_number_13013622CF10A,0.0
categorical__c_case_number_13013629CF10A,0.0
categorical__c_case_number_13013687CF10A,0.0
categorical__c_case_number_13013637CF10A,0.0
categorical__c_case_number_13013638CF10A,0.0
categorical__c_case_number_13013656CF10A,0.0
categorical__c_case_number_13013659CF10A,0.0
categorical__c_case_number_13013659MM10A,0.0
categorical__c_case_number_13013661CF10A,0.0
categorical__c_case_number_13013664CF10A,0.0
categorical__c_case_number_13013670CF10A,0.0
categorical__c_case_number_13013673CF10A,0.0
categorical__c_case_number_13013684CF10A,0.0
categorical__c_case_number_13013630CF10A,0.0
categorical__c_case_number_13012957CF10A,0.0
categorical__c_case_number_13012958MM10A,0.0
categorical__c_case_number_13012960CF10A,0.0
categorical__c_case_number_13012966CF10A,0.0
categorical__c_case_number_13012968CF10A,0.0
categorical__c_case_number_13012968MM10A,0.0
categorical__c_case_number_13012973CF10A,0.0
categorical__c_case_number_13012981CF10A,0.0
categorical__c_case_number_13012984CF10A,0.0
categorical__c_case_number_13013341CF10A,0.0
categorical__c_case_number_13012995CF10A,0.0
categorical__c_case_number_13013013CF10A,0.0
categorical__c_case_number_13013025CF10A,0.0
categorical__c_case_number_13013026CF10A,0.0
categorical__c_case_number_13013026TC10A,0.0
categorical__c_case_number_13013027CF10A,0.0
categorical__c_case_number_13013043CF10A,0.0
categorical__c_case_number_13013046CF10A,0.0
categorical__c_case_number_13013067CF10A,0.0
categorical__c_case_number_13013071CF10A,0.0
categorical__c_case_number_13012993CF10A,0.0
categorical__c_case_number_13012819CF10A,0.0
categorical__c_case_number_13012824CF10A,0.0
categorical__c_case_number_13012829MM10A,0.0
categorical__c_case_number_13012845CF10A,0.0
categorical__c_case_number_13012848CF10A,0.0
categorical__c_case_number_13012854CF10A,0.0
categorical__c_case_number_13012859CF10A,0.0
categorical__c_case_number_13012869CF10A,0.0
categorical__c_case_number_13012874MM10A,0.0
categorical__c_case_number_13012876CF10A,0.0
categorical__c_case_number_13012956CF10A,0.0
categorical__c_case_number_13012897MM10A,0.0
categorical__c_case_number_13012898CF10A,0.0
categorical__c_case_number_13012898MM10A,0.0
categorical__c_case_number_13012918CF10A,0.0
categorical__c_case_number_13012923CF10A,0.0
categorical__c_case_number_13012937CF10A,0.0
categorical__c_case_number_13012938CF10A,0.0
categorical__c_case_number_13012946CF10A,0.0
categorical__c_case_number_13012951CF10A,0.0
categorical__c_case_number_13012955CF10A,0.0
categorical__c_case_number_13012896CF10A,0.0
categorical__c_case_number_13013220CF10A,0.0
categorical__c_case_number_13013223CF10A,0.0
categorical__c_case_number_13013224CF10A,0.0
categorical__c_case_number_13013226CF10A,0.0
categorical__c_case_number_13013231CF10A,0.0
categorical__c_case_number_13013235CF10A,0.0
categorical__c_case_number_13013238CF10A,0.0
categorical__c_case_number_13013251CF10A,0.0
categorical__c_case_number_13013261CF10A,0.0
categorical__c_case_number_13013268CF10A,0.0
categorical__c_case_number_13013075CF10A,0.0
categorical__c_case_number_13013282CF10A,0.0
categorical__c_case_number_13013294CF10A,0.0
categorical__c_case_number_13013304CF10A,0.0
categorical__c_case_number_13013310CF10A,0.0
categorical__c_case_number_13013312MM10A,0.0
categorical__c_case_number_13013318CF10A,0.0
categorical__c_case_number_13013319CF10A,0.0
categorical__c_case_number_13013325CF10A,0.0
categorical__c_case_number_13013332CF10A,0.0
categorical__c_case_number_13013338CF10A,0.0
categorical__c_case_number_13013281CF10A,0.0
categorical__c_case_number_13013079CF10A,0.0
categorical__c_case_number_13013088CF10A,0.0
categorical__c_case_number_13013089CF10A,0.0
categorical__c_case_number_13013094CF10A,0.0
categorical__c_case_number_13013096CF10A,0.0
categorical__c_case_number_13013097CF10A,0.0
categorical__c_case_number_13013098CF10A,0.0
categorical__c_case_number_13013101CF10A,0.0
categorical__c_case_number_13013111CF10A,0.0
categorical__c_case_number_13013114CF10A,0.0
categorical__c_case_number_13013217CF10A,0.0
categorical__c_case_number_13013121CF10A,0.0
categorical__c_case_number_13013142CF10A,0.0
categorical__c_case_number_13013150CF10A,0.0
categorical__c_case_number_13013165CF10A,0.0
categorical__c_case_number_13013179CF10A,0.0
categorical__c_case_number_13013180CF10A,0.0
categorical__c_case_number_13013183CF10A,0.0
categorical__c_case_number_13013207CF10A,0.0
categorical__c_case_number_13013211CF10A,0.0
categorical__c_case_number_13013213CF10A,0.0
categorical__c_case_number_13013115CF10A,0.0
categorical__c_case_number_13018920MM10A,0.0
categorical__c_case_number_13018928MM10A,0.0
categorical__c_case_number_13018938MM10A,0.0
categorical__c_case_number_13018953MM10A,0.0
categorical__c_case_number_13018956MM10A,0.0
categorical__c_case_number_13018961MM10A,0.0
categorical__c_case_number_13018987MM10A,0.0
categorical__c_case_number_13018996MM10A,0.0
categorical__c_case_number_13019062MM10A,0.0
categorical__c_case_number_13015785CF10A,0.0
categorical__c_case_number_13019072MM10A,0.0
categorical__c_case_number_13019137MM10A,0.0
categorical__c_case_number_13019140MM10A,0.0
categorical__c_case_number_13019145TC10A,0.0
categorical__c_case_number_13019146MM10A,0.0
categorical__c_case_number_13019192MM10A,0.0
categorical__c_case_number_13019210MM10A,0.0
categorical__c_case_number_13019211MM10A,0.0
categorical__c_case_number_13019214MM10A,0.0
categorical__c_case_number_13019255MM10A,0.0
categorical__c_case_number_13019069MM10A,0.0
categorical__c_case_number_13018478MM10A,0.0
categorical__c_case_number_13018484MM10A,0.0
categorical__c_case_number_13018503MM10A,0.0
categorical__c_case_number_13018508MM10A,0.0
categorical__c_case_number_13018595MM10A,0.0
categorical__c_case_number_13018598MM10A,0.0
categorical__c_case_number_13018600MM10A,0.0
categorical__c_case_number_13018601MM10A,0.0
categorical__c_case_number_13018604MM10A,0.0
categorical__c_case_number_13018613MM10A,0.0
categorical__c_case_number_13018918MM10A,0.0
categorical__c_case_number_13018771MM10A,0.0
categorical__c_case_number_13018778MM10A,0.0
categorical__c_case_number_13018779MM10A,0.0
categorical__c_case_number_13018794MM10A,0.0
categorical__c_case_number_13018830MM10A,0.0
categorical__c_case_number_13018833MM10A,0.0
categorical__c_case_number_13018837MM10A,0.0
categorical__c_case_number_13018838MM10A,0.0
categorical__c_case_number_13018844TC10A,0.0
categorical__c_case_number_13018914MM10A,0.0
categorical__c_case_number_13018695MM10A,0.0
categorical__c_case_number_13019718MM10A,0.0
categorical__c_case_number_13019763MM10A,0.0
categorical__c_case_number_13019783MM10A,0.0
categorical__c_case_number_13019805MM10A,0.0
categorical__c_case_number_13019808MM10A,0.0
categorical__c_case_number_13019809MM10A,0.0
categorical__c_case_number_13019810MM10A,0.0
categorical__c_case_number_13019813MM10A,0.0
categorical__c_case_number_13019815MM10A,0.0
categorical__c_case_number_13019260MM10A,0.0
categorical__c_case_number_13019834MM10A,0.0
categorical__c_case_number_13019856MM10A,0.0
categorical__c_case_number_13019859MM10A,0.0
categorical__c_case_number_13019860MM10A,0.0
categorical__c_case_number_13019861MM10A,0.0
categorical__c_case_number_13019922MM10A,0.0
categorical__c_case_number_13019946MM10A,0.0
categorical__c_case_number_13019968MM10A,0.0
categorical__c_case_number_13019996MM10A,0.0
categorical__c_case_number_13020015MM10A,0.0
categorical__c_case_number_13019829MM10A,0.0
categorical__c_case_number_13019305MM10A,0.0
categorical__c_case_number_13019326MM10A,0.0
categorical__c_case_number_13019327TC10A,0.0
categorical__c_case_number_13019343MM10A,0.0
categorical__c_case_number_13019356MM10A,0.0
categorical__c_case_number_13019373MM10A,0.0
categorical__c_case_number_13019389MM10A,0.0
categorical__c_case_number_13019395MM10A,0.0
categorical__c_case_number_13019398MM10A,0.0
categorical__c_case_number_13019406MM10A,0.0
categorical__c_case_number_13019715MM10A,0.0
categorical__c_case_number_13019417MM10A,0.0
categorical__c_case_number_13019418MM10A,0.0
categorical__c_case_number_13019419MM10A,0.0
categorical__c_case_number_13019421MM10A,0.0
categorical__c_case_number_13019482MM10A,0.0
categorical__c_case_number_13019486MM10A,0.0
categorical__c_case_number_13019495MM10A,0.0
categorical__c_case_number_13019506MM10A,0.0
categorical__c_case_number_13019573MM10A,0.0
categorical__c_case_number_13019626MM10A,0.0
categorical__c_case_number_13019413MM10A,0.0
categorical__c_case_number_13017790CF10A,0.0
categorical__c_case_number_13017791CF10A,0.0
categorical__c_case_number_13017794MM10A,0.0
categorical__c_case_number_13017795MM10A,0.0
categorical__c_case_number_13017805MM10A,0.0
categorical__c_case_number_13017838CF10A,0.0
categorical__c_case_number_13017848CF10A,0.0
categorical__c_case_number_13017868CF10A,0.0
categorical__c_case_number_13017888MM10A,0.0
categorical__c_case_number_13018477MM10A,0.0
categorical__c_case_number_13017896CF10A,0.0
categorical__c_case_number_13017898CF10A,0.0
categorical__c_case_number_13017902CF10A,0.0
categorical__c_case_number_13017906CF10A,0.0
categorical__c_case_number_13017908CF10A,0.0
categorical__c_case_number_13017910CF10A,0.0
categorical__c_case_number_13017918CF10A,0.0
categorical__c_case_number_13017927CF10A,0.0
categorical__c_case_number_13017934CF10A,0.0
categorical__c_case_number_13017942CF10A,0.0
categorical__c_case_number_13017890CF10A,0.0
categorical__c_case_number_13017647CF10A,0.0
categorical__c_case_number_13017666CF10A,0.0
categorical__c_case_number_13017677CF10A,0.0
categorical__c_case_number_13017682CF10A,0.0
categorical__c_case_number_13017686CF10A,0.0
categorical__c_case_number_13017717CF10A,0.0
categorical__c_case_number_13017723MM10A,0.0
categorical__c_case_number_13017732CF10A,0.0
categorical__c_case_number_13017736CF10A,0.0
categorical__c_case_number_13017737CF10A,0.0
categorical__c_case_number_13017785CF10A,0.0
categorical__c_case_number_13017747CF10A,0.0
categorical__c_case_number_13017753CF10A,0.0
categorical__c_case_number_13017762CF10A,0.0
categorical__c_case_number_13017769CF10A,0.0
categorical__c_case_number_13017770CF10A,0.0
categorical__c_case_number_13017774CF10A,0.0
categorical__c_case_number_13017774MM10A,0.0
categorical__c_case_number_13017778MM10A,0.0
categorical__c_case_number_13017779CF10A,0.0
categorical__c_case_number_13017781CF10A,0.0
categorical__c_case_number_13017744CF10A,0.0
categorical__c_case_number_13018028MM10A,0.0
categorical__c_case_number_13018031MM10A,0.0
categorical__c_case_number_13018048MM10A,0.0
categorical__c_case_number_13018051MM10A,0.0
categorical__c_case_number_13018053MM10A,0.0
categorical__c_case_number_13018067MM10A,0.0
categorical__c_case_number_13018070MM10A,0.0
categorical__c_case_number_13018075MM10A,0.0
categorical__c_case_number_13018140MM10A,0.0
categorical__c_case_number_13018143MM10A,0.0
categorical__c_case_number_13017946CF10A,0.0
categorical__c_case_number_13018165MM10A,0.0
categorical__c_case_number_13018225MM10A,0.0
categorical__c_case_number_13018226MM10A,0.0
categorical__c_case_number_13018277TC10A,0.0
categorical__c_case_number_13018314MM10A,0.0
categorical__c_case_number_13018327MM10A,0.0
categorical__c_case_number_13018330TC10A,0.0
categorical__c_case_number_13018331MM10A,0.0
categorical__c_case_number_13018441MM10A,0.0
categorical__c_case_number_13018452MM10A,0.0
categorical__c_case_number_13018159MM10A,0.0
categorical__c_case_number_13017959CF10A,0.0
categorical__c_case_number_13017960CF10A,0.0
categorical__c_case_number_13017967CF10A,0.0
categorical__c_case_number_13017969CF10A,0.0
categorical__c_case_number_13017980CF10A,0.0
categorical__c_case_number_13017982CF10A,0.0
categorical__c_case_number_13017986CF10A,0.0
categorical__c_case_number_13017986MM10A,0.0
categorical__c_case_number_13017986TC10A,0.0
categorical__c_case_number_13017988MM10A,0.0
categorical__c_case_number_13018017MM10A,0.0
categorical__c_case_number_13017991CF10A,0.0
categorical__c_case_number_13017992CF10A,0.0
categorical__c_case_number_13017994CF10A,0.0
categorical__c_case_number_13017997CF10A,0.0
categorical__c_case_number_13018002CF10A,0.0
categorical__c_case_number_13018003MM10A,0.0
categorical__c_case_number_13018009MM10A,0.0
categorical__c_case_number_13018010CF10A,0.0
categorical__c_case_number_13018011MM10A,0.0
categorical__c_case_number_13018015CF10A,0.0
categorical__c_case_number_13017989MM10A,0.0
categorical__c_case_number_13022264MM10A,0.0
categorical__c_case_number_13022280MM10A,0.0
categorical__c_case_number_13022285MM10A,0.0
categorical__c_case_number_13022298MM10A,0.0
categorical__c_case_number_13022316MM10A,0.0
categorical__c_case_number_13022330MM10A,0.0
categorical__c_case_number_13022344MM10A,0.0
categorical__c_case_number_13022352MM10A,0.0
categorical__c_case_number_13022355MM10A,0.0
categorical__c_case_number_13020090MM10A,0.0
categorical__c_case_number_13022371MM10A,0.0
categorical__c_case_number_13022384MM10A,0.0
categorical__c_case_number_13022426MM10A,0.0
categorical__c_case_number_13022428MM10A,0.0
categorical__c_case_number_13022469MM10A,0.0
categorical__c_case_number_13022562MM10A,0.0
categorical__c_case_number_13022569MM10A,0.0
categorical__c_case_number_13022574MM10A,0.0
categorical__c_case_number_13022575MM10A,0.0
categorical__c_case_number_13022581MM10A,0.0
categorical__c_case_number_13022369MM10A,0.0
categorical__c_case_number_13021716MO10A,0.0
categorical__c_case_number_13021760MM10A,0.0
categorical__c_case_number_13021768MM10A,0.0
categorical__c_case_number_13021769MM10A,0.0
categorical__c_case_number_13021823MM10A,0.0
categorical__c_case_number_13021839MM10A,0.0
categorical__c_case_number_13021845MM10A,0.0
categorical__c_case_number_13021919MM10A,0.0
categorical__c_case_number_13021926MM10A,0.0
categorical__c_case_number_13021950MM10A,0.0
categorical__c_case_number_13022238MM10A,0.0
categorical__c_case_number_13022026MM10A,0.0
categorical__c_case_number_13022038MM10A,0.0
categorical__c_case_number_13022078MM10A,0.0
categorical__c_case_number_13022144MM10A,0.0
categorical__c_case_number_13022148MM10A,0.0
categorical__c_case_number_13022149MM10A,0.0
categorical__c_case_number_13022218MM10A,0.0
categorical__c_case_number_13022219MM10A,0.0
categorical__c_case_number_13022233MM10A,0.0
categorical__c_case_number_13022234MM10A,0.0
categorical__c_case_number_13022024MM10A,0.0
categorical__c_case_number_13022861MM10A,0.0
categorical__c_case_number_13022987MM10A,0.0
categorical__c_case_number_13023012MM10A,0.0
categorical__c_case_number_13023013MM10A,0.0
categorical__c_case_number_13023024MM10A,0.0
categorical__c_case_number_13023178MM10A,0.0
categorical__c_case_number_13023182MM10A,0.0
categorical__c_case_number_13023183MM10A,0.0
categorical__c_case_number_13023189MM10A,0.0
categorical__c_case_number_13023191MM10A,0.0
categorical__c_case_number_13022583MM10A,0.0
categorical__c_case_number_13023210MM10A,0.0
categorical__c_case_number_13023224MM10A,0.0
categorical__c_case_number_13023226MM10A,0.0
categorical__c_case_number_13023230MM10A,0.0
categorical__c_case_number_13023231MM10A,0.0
categorical__c_case_number_13023234MM10A,0.0
categorical__c_case_number_13023279MM10A,0.0
categorical__c_case_number_13023292MM10A,0.0
categorical__c_case_number_13023316MM10A,0.0
categorical__c_case_number_13023371MO10A,0.0
categorical__c_case_number_13023200MM10A,0.0
categorical__c_case_number_13022591MM10A,0.0
categorical__c_case_number_13022631MM10A,0.0
categorical__c_case_number_13022640MM10A,0.0
categorical__c_case_number_13022645MM10A,0.0
categorical__c_case_number_13022646MM10A,0.0
categorical__c_case_number_13022647MM10A,0.0
categorical__c_case_number_13022654MM10A,0.0
categorical__c_case_number_13022660MM10A,0.0
categorical__c_case_number_13022663MM10A,0.0
categorical__c_case_number_13022666MM10A,0.0
categorical__c_case_number_13022860MM10A,0.0
categorical__c_case_number_13022696TC10A,0.0
categorical__c_case_number_13022712MM10A,0.0
categorical__c_case_number_13022716MM10A,0.0
categorical__c_case_number_13022791MM10A,0.0
categorical__c_case_number_13022792MM10A,0.0
categorical__c_case_number_13022803MM10A,0.0
categorical__c_case_number_13022837MM10A,0.0
categorical__c_case_number_13022839MM10A,0.0
categorical__c_case_number_13022854MM10A,0.0
categorical__c_case_number_13022856MM10A,0.0
categorical__c_case_number_13022678MM10A,0.0
categorical__c_case_number_13020562MM10A,0.0
categorical__c_case_number_13020571MM10A,0.0
categorical__c_case_number_13020575MM10A,0.0
categorical__c_case_number_13020585MM10A,0.0
categorical__c_case_number_13020650MM10A,0.0
categorical__c_case_number_13020654MM10A,0.0
categorical__c_case_number_13020658MM10A,0.0
categorical__c_case_number_13020661MM10A,0.0
categorical__c_case_number_13020677MM10A,0.0
categorical__c_case_number_13021683MM10A,0.0
categorical__c_case_number_13020683MM10A,0.0
categorical__c_case_number_13020684MM10A,0.0
categorical__c_case_number_13020687MM10A,0.0
categorical__c_case_number_13020688MM10A,0.0
categorical__c_case_number_13020690MM10A,0.0
categorical__c_case_number_13020691MM10A,0.0
categorical__c_case_number_13020735MM10A,0.0
categorical__c_case_number_13020821MM10A,0.0
categorical__c_case_number_13020833MM10A,0.0
categorical__c_case_number_13020835MM10A,0.0
categorical__c_case_number_13020679MM10A,0.0
categorical__c_case_number_13020101MM10A,0.0
categorical__c_case_number_13020104MM10A,0.0
categorical__c_case_number_13020111MM10A,0.0
categorical__c_case_number_13020158MM10A,0.0
categorical__c_case_number_13020162MM10A,0.0
categorical__c_case_number_13020309TC10A,0.0
categorical__c_case_number_13020316MM10A,0.0
categorical__c_case_number_13020322MM10A,0.0
categorical__c_case_number_13020330TC10A,0.0
categorical__c_case_number_13020331MM10A,0.0
categorical__c_case_number_13020561MM10A,0.0
categorical__c_case_number_13020365MM10A,0.0
categorical__c_case_number_13020372MM10A,0.0
categorical__c_case_number_13020378MM10A,0.0
categorical__c_case_number_13020385MM10A,0.0
categorical__c_case_number_13020395MM10A,0.0
categorical__c_case_number_13020396MM10A,0.0
categorical__c_case_number_13020457MM10A,0.0
categorical__c_case_number_13020467MM10A,0.0
categorical__c_case_number_13020469MM10A,0.0
categorical__c_case_number_13020499MM10A,0.0
categorical__c_case_number_13020339MM10A,0.0
categorical__c_case_number_13021226MM10A,0.0
categorical__c_case_number_13021245MM10A,0.0
categorical__c_case_number_13021304MM10A,0.0
categorical__c_case_number_13021308MM10A,0.0
categorical__c_case_number_13021311MM10A,0.0
categorical__c_case_number_13021316MM10A,0.0
categorical__c_case_number_13021320MM10A,0.0
categorical__c_case_number_13021431TC10A,0.0
categorical__c_case_number_13021457MM10A,0.0
categorical__c_case_number_13021485MM10A,0.0
categorical__c_case_number_13020886MM10A,0.0
categorical__c_case_number_13021541MM10A,0.0
categorical__c_case_number_13021578TC10A,0.0
categorical__c_case_number_13021581MM10A,0.0
categorical__c_case_number_13021588MM10A,0.0
categorical__c_case_number_13021590TC10A,0.0
categorical__c_case_number_13021594TC10A,0.0
categorical__c_case_number_13021604MM10A,0.0
categorical__c_case_number_13021606MM10A,0.0
categorical__c_case_number_13021622MM10A,0.0
categorical__c_case_number_13021625MM10A,0.0
categorical__c_case_number_13021490MM10A,0.0
categorical__c_case_number_13020889MM10A,0.0
categorical__c_case_number_13020890MM10A,0.0
categorical__c_case_number_13020894MM10A,0.0
categorical__c_case_number_13020898MM10A,0.0
categorical__c_case_number_13020899MM10A,0.0
categorical__c_case_number_13020960MM10A,0.0
categorical__c_case_number_13020963MM10A,0.0
categorical__c_case_number_13020967TC10A,0.0
categorical__c_case_number_13020969MM10A,0.0
categorical__c_case_number_13021000MM10A,0.0
categorical__c_case_number_13021210MM10A,0.0
categorical__c_case_number_13021013MM10A,0.0
categorical__c_case_number_13021033MM10A,0.0
categorical__c_case_number_13021042MM10A,0.0
categorical__c_case_number_13021131MM10A,0.0
categorical__c_case_number_13021139MM10A,0.0
categorical__c_case_number_13021147MM10A,0.0
categorical__c_case_number_13021148MM10A,0.0
categorical__c_case_number_13021182MM10A,0.0
categorical__c_case_number_13021184MM10A,0.0
categorical__c_case_number_13021208MM10A,0.0
categorical__c_case_number_13021012MM10A,0.0
categorical__c_case_number_13016427CF10A,0.0
categorical__c_case_number_13016444CF10A,0.0
categorical__c_case_number_13016446CF10A,0.0
categorical__c_case_number_13016479CF10A,0.0
categorical__c_case_number_13016486MM10A,0.0
categorical__c_case_number_13016489CF10A,0.0
categorical__c_case_number_13016491CF10A,0.0
categorical__c_case_number_13016492CF10A,0.0
categorical__c_case_number_13016493CF10A,0.0
categorical__c_case_number_13017645CF10A,0.0
categorical__c_case_number_13016495CF10A,0.0
categorical__c_case_number_13016502CF10A,0.0
categorical__c_case_number_13016503MM10A,0.0
categorical__c_case_number_13016504CF10A,0.0
categorical__c_case_number_13016524CF10A,0.0
categorical__c_case_number_13016534CF10A,0.0
categorical__c_case_number_13016540CF10A,0.0
categorical__c_case_number_13016553CF10A,0.0
categorical__c_case_number_13016555CF10A,0.0
categorical__c_case_number_13016563MM10A,0.0
categorical__c_case_number_13016493MM10A,0.0
categorical__c_case_number_13016300MM10A,0.0
categorical__c_case_number_13016305CF10A,0.0
categorical__c_case_number_13016306CF10A,0.0
categorical__c_case_number_13016319CF10A,0.0
categorical__c_case_number_13016323MM10A,0.0
categorical__c_case_number_13016325MM10A,0.0
categorical__c_case_number_13016328MM10A,0.0
categorical__c_case_number_13016330CF10A,0.0
categorical__c_case_number_13016331CF10A,0.0
categorical__c_case_number_13016333CF10A,0.0
categorical__c_case_number_13016424CF10A,0.0
categorical__c_case_number_13016349CF10A,0.0
categorical__c_case_number_13016357CF10A,0.0
categorical__c_case_number_13016368CF10A,0.0
categorical__c_case_number_13016387CF10A,0.0
categorical__c_case_number_13016391CF10A,0.0
categorical__c_case_number_13016402CF10A,0.0
categorical__c_case_number_13016409CF10A,0.0
categorical__c_case_number_13016412MM10A,0.0
categorical__c_case_number_13016417CF10A,0.0
categorical__c_case_number_13016423CF10A,0.0
categorical__c_case_number_13016343CF10A,0.0
categorical__c_case_number_13016724MM10A,0.0
categorical__c_case_number_13016727CF10A,0.0
categorical__c_case_number_13016731CF10A,0.0
categorical__c_case_number_13016732MM10A,0.0
categorical__c_case_number_13016734CF10A,0.0
categorical__c_case_number_13016742CF10A,0.0
categorical__c_case_number_13016753CF10A,0.0
categorical__c_case_number_13016762CF10A,0.0
categorical__c_case_number_13016769CF10A,0.0
categorical__c_case_number_13016770MM10A,0.0
categorical__c_case_number_13016565MM10A,0.0
categorical__c_case_number_13016783CF10A,0.0
categorical__c_case_number_13016786CF10A,0.0
categorical__c_case_number_13016789CF10A,0.0
categorical__c_case_number_13016825CF10A,0.0
categorical__c_case_number_13016826CF10A,0.0
categorical__c_case_number_13016828CF10A,0.0
categorical__c_case_number_13016833CF10A,0.0
categorical__c_case_number_13016839CF10A,0.0
categorical__c_case_number_13016849CF10A,0.0
categorical__c_case_number_13016850CF10A,0.0
categorical__c_case_number_13016777CF10A,0.0
categorical__c_case_number_13016573CF10A,0.0
categorical__c_case_number_13016608CF10A,0.0
categorical__c_case_number_13016610CF10A,0.0
categorical__c_case_number_13016629CF10A,0.0
categorical__c_case_number_13016631CF10A,0.0
categorical__c_case_number_13016632CF10A,0.0
categorical__c_case_number_13016637CF10A,0.0
categorical__c_case_number_13016643CF10A,0.0
categorical__c_case_number_13016648CF10A,0.0
categorical__c_case_number_13016657MM10A,0.0
categorical__c_case_number_13016724CF10A,0.0
categorical__c_case_number_13016662CF10A,0.0
categorical__c_case_number_13016672CF10A,0.0
categorical__c_case_number_13016672MM10A,0.0
categorical__c_case_number_13016679CF10A,0.0
categorical__c_case_number_13016681CF10A,0.0
categorical__c_case_number_13016686CF10A,0.0
categorical__c_case_number_13016692CF10A,0.0
categorical__c_case_number_13016699CF10A,0.0
categorical__c_case_number_13016714CF10A,0.0
categorical__c_case_number_13016720CF10A,0.0
categorical__c_case_number_13016661MM10A,0.0
categorical__c_case_number_13015950CF10A,0.0
categorical__c_case_number_13015953CF10A,0.0
categorical__c_case_number_13015954CF10A,0.0
categorical__c_case_number_13015960MM10A,0.0
categorical__c_case_number_13015965CF10A,0.0
categorical__c_case_number_13015966MM10A,0.0
categorical__c_case_number_13015967MM10A,0.0
categorical__c_case_number_13015972CF10A,0.0
categorical__c_case_number_13015978CF10A,0.0
categorical__c_case_number_13016296CF10A,0.0
categorical__c_case_number_13015997CF10A,0.0
categorical__c_case_number_13016007CF10A,0.0
categorical__c_case_number_13016012CF10A,0.0
categorical__c_case_number_13016013CF10A,0.0
categorical__c_case_number_13016016CF10A,0.0
categorical__c_case_number_13016018CF10A,0.0
categorical__c_case_number_13016023CF10A,0.0
categorical__c_case_number_13016026CF10A,0.0
categorical__c_case_number_13016030MM10A,0.0
categorical__c_case_number_13016031CF10A,0.0
categorical__c_case_number_13015983CF10A,0.0
categorical__c_case_number_13015793CF10A,0.0
categorical__c_case_number_13015797CF10A,0.0
categorical__c_case_number_13015823CF10A,0.0
categorical__c_case_number_13015840MM10A,0.0
categorical__c_case_number_13015850MM10A,0.0
categorical__c_case_number_13015851CF10A,0.0
categorical__c_case_number_13015855CF10A,0.0
categorical__c_case_number_13015855MM10A,0.0
categorical__c_case_number_13015861CF10A,0.0
categorical__c_case_number_13015864CF10A,0.0
categorical__c_case_number_13015946CF10A,0.0
categorical__c_case_number_13015897CF10A,0.0
categorical__c_case_number_13015906CF10A,0.0
categorical__c_case_number_13015916CF10A,0.0
categorical__c_case_number_13015917CF10A,0.0
categorical__c_case_number_13015923CF10A,0.0
categorical__c_case_number_13015927CF10A,0.0
categorical__c_case_number_13015937CF10A,0.0
categorical__c_case_number_13015938TC10A,0.0
categorical__c_case_number_13015943CF10A,0.0
categorical__c_case_number_13015943TC10A,0.0
categorical__c_case_number_13015886CF10A,0.0
categorical__c_case_number_13016182MM10A,0.0
categorical__c_case_number_13016183CF10A,0.0
categorical__c_case_number_13016203MM10A,0.0
categorical__c_case_number_13016205MM10A,0.0
categorical__c_case_number_13016206MM10A,0.0
categorical__c_case_number_13016209MM10A,0.0
categorical__c_case_number_13016215MM10A,0.0
categorical__c_case_number_13016227MM10A,0.0
categorical__c_case_number_13016233CF10A,0.0
categorical__c_case_number_13016241CF10A,0.0
categorical__c_case_number_13016059CF10A,0.0
categorical__c_case_number_13016251CF10A,0.0
categorical__c_case_number_13016257CF10A,0.0
categorical__c_case_number_13016258MM10A,0.0
categorical__c_case_number_13016260MM10A,0.0
categorical__c_case_number_13016270CF10A,0.0
categorical__c_case_number_13016271CF10A,0.0
categorical__c_case_number_13016278MM10A,0.0
categorical__c_case_number_13016283CF10A,0.0
categorical__c_case_number_13016288CF10A,0.0
categorical__c_case_number_13016292MM10A,0.0
categorical__c_case_number_13016249CF10A,0.0
categorical__c_case_number_13016061CF10A,0.0
categorical__c_case_number_13016064CF10A,0.0
categorical__c_case_number_13016071CF10A,0.0
categorical__c_case_number_13016073CF10A,0.0
categorical__c_case_number_13016082CF10A,0.0
categorical__c_case_number_13016096CF10A,0.0
categorical__c_case_number_13016097CF10A,0.0
categorical__c_case_number_13016099CF10A,0.0
categorical__c_case_number_13016119CF10A,0.0
categorical__c_case_number_13016124CF10A,0.0
categorical__c_case_number_13016181MM10A,0.0
categorical__c_case_number_13016141CF10A,0.0
categorical__c_case_number_13016142CF10A,0.0
categorical__c_case_number_13016157CF10A,0.0
categorical__c_case_number_13016158CF10A,0.0
categorical__c_case_number_13016162CF10A,0.0
categorical__c_case_number_13016164CF10A,0.0
categorical__c_case_number_13016165MM10A,0.0
categorical__c_case_number_13016167MM10A,0.0
categorical__c_case_number_13016172CF10A,0.0
categorical__c_case_number_13016179MM10A,0.0
categorical__c_case_number_13016130CF10A,0.0
categorical__c_case_number_13017328MM10A,0.0
categorical__c_case_number_13017330CF10A,0.0
categorical__c_case_number_13017331CF10A,0.0
categorical__c_case_number_13017335CF10A,0.0
categorical__c_case_number_13017336CF10A,0.0
categorical__c_case_number_13017337CF10A,0.0
categorical__c_case_number_13017365CF10A,0.0
categorical__c_case_number_13017366CF10A,0.0
categorical__c_case_number_13017369CF10A,0.0
categorical__c_case_number_13016855MM10A,0.0
categorical__c_case_number_13017379CF10A,0.0
categorical__c_case_number_13017381CF10A,0.0
categorical__c_case_number_13017383CF10A,0.0
categorical__c_case_number_13017387CF10A,0.0
categorical__c_case_number_13017402CF10A,0.0
categorical__c_case_number_13017408CF10A,0.0
categorical__c_case_number_13017414MM10A,0.0
categorical__c_case_number_13017422CF10A,0.0
categorical__c_case_number_13017422MM10A,0.0
categorical__c_case_number_13017424CF10A,0.0
categorical__c_case_number_13017373CF10A,0.0
categorical__c_case_number_13017225CF10A,0.0
categorical__c_case_number_13017237CF10A,0.0
categorical__c_case_number_13017249CF10A,0.0
categorical__c_case_number_13017250CF10A,0.0
categorical__c_case_number_13017253CF10A,0.0
categorical__c_case_number_13017255CF10A,0.0
categorical__c_case_number_13017257CF10A,0.0
categorical__c_case_number_13017261CF10A,0.0
categorical__c_case_number_13017266CF10A,0.0
categorical__c_case_number_13017269CF10A,0.0
categorical__c_case_number_13017326MM10A,0.0
categorical__c_case_number_13017282CF10A,0.0
categorical__c_case_number_13017291CF10A,0.0
categorical__c_case_number_13017295CF10A,0.0
categorical__c_case_number_13017296CF10A,0.0
categorical__c_case_number_13017297CF10A,0.0
categorical__c_case_number_13017298CF10A,0.0
categorical__c_case_number_13017307MM10A,0.0
categorical__c_case_number_13017314CF10A,0.0
categorical__c_case_number_13017316CF10A,0.0
categorical__c_case_number_13017318MM10A,0.0
categorical__c_case_number_13017271CF10A,0.0
categorical__c_case_number_13017552CF10A,0.0
categorical__c_case_number_13017557MM10A,0.0
categorical__c_case_number_13017566CF10A,0.0
categorical__c_case_number_13017567MM10A,0.0
categorical__c_case_number_13017571CF10A,0.0
categorical__c_case_number_13017571MM10A,0.0
categorical__c_case_number_13017572MM10A,0.0
categorical__c_case_number_13017573CF10A,0.0
categorical__c_case_number_13017577CF10A,0.0
categorical__c_case_number_13017585CF10A,0.0
categorical__c_case_number_13017434CF10A,0.0
categorical__c_case_number_13017611CF10A,0.0
categorical__c_case_number_13017614CF10A,0.0
categorical__c_case_number_13017620CF10A,0.0
categorical__c_case_number_13017621CF10A,0.0
categorical__c_case_number_13017624CF10A,0.0
categorical__c_case_number_13017629CF10A,0.0
categorical__c_case_number_13017638CF10A,0.0
categorical__c_case_number_13017638MM10A,0.0
categorical__c_case_number_13017639MM10A,0.0
categorical__c_case_number_13017644CF10A,0.0
categorical__c_case_number_13017598CF10A,0.0
categorical__c_case_number_13017444CF10A,0.0
categorical__c_case_number_13017459CF10A,0.0
categorical__c_case_number_13017460CF10A,0.0
categorical__c_case_number_13017461CF10A,0.0
categorical__c_case_number_13017464CF10A,0.0
categorical__c_case_number_13017465CF10A,0.0
categorical__c_case_number_13017467CF10A,0.0
categorical__c_case_number_13017492CF10A,0.0
categorical__c_case_number_13017497MM10A,0.0
categorical__c_case_number_13017499MM10A,0.0
categorical__c_case_number_13017551MM10A,0.0
categorical__c_case_number_13017503MM10A,0.0
categorical__c_case_number_13017513CF10A,0.0
categorical__c_case_number_13017515MM10A,0.0
categorical__c_case_number_13017517CF10A,0.0
categorical__c_case_number_13017519CF10A,0.0
categorical__c_case_number_13017526CF10A,0.0
categorical__c_case_number_13017532MM10A,0.0
categorical__c_case_number_13017534CF10A,0.0
categorical__c_case_number_13017544MM10A,0.0
categorical__c_case_number_13017545MM10A,0.0
categorical__c_case_number_13017500MM10A,0.0
categorical__c_case_number_13016952MM10A,0.0
categorical__c_case_number_13016953CF10A,0.0
categorical__c_case_number_13016957MM10A,0.0
categorical__c_case_number_13016958CF10A,0.0
categorical__c_case_number_13016970CF10A,0.0
categorical__c_case_number_13016972CF10A,0.0
categorical__c_case_number_13016981MM10A,0.0
categorical__c_case_number_13016989CF10A,0.0
categorical__c_case_number_13016989MM10A,0.0
categorical__c_case_number_13017222CF10A,0.0
categorical__c_case_number_13016991CF10A,0.0
categorical__c_case_number_13016994CF10A,0.0
categorical__c_case_number_13017002CF10A,0.0
categorical__c_case_number_13017014CF10A,0.0
categorical__c_case_number_13017015CF10A,0.0
categorical__c_case_number_13017016CF10A,0.0
categorical__c_case_number_13017018CF10A,0.0
categorical__c_case_number_13017021CF10A,0.0
categorical__c_case_number_13017021MM10A,0.0
categorical__c_case_number_13017027CF10A,0.0
categorical__c_case_number_13016990CF10A,0.0
categorical__c_case_number_13016860MM10A,0.0
categorical__c_case_number_13016861MM10A,0.0
categorical__c_case_number_13016877MM10A,0.0
categorical__c_case_number_13016878MM10A,0.0
categorical__c_case_number_13016886CF10A,0.0
categorical__c_case_number_13016890CF10A,0.0
categorical__c_case_number_13016895CF10A,0.0
categorical__c_case_number_13016897CF10A,0.0
categorical__c_case_number_13016901CF10A,0.0
categorical__c_case_number_13016905CF10A,0.0
categorical__c_case_number_13016946CF10A,0.0
categorical__c_case_number_13016910CF10A,0.0
categorical__c_case_number_13016912CF10A,0.0
categorical__c_case_number_13016913CF10A,0.0
categorical__c_case_number_13016916TC10A,0.0
categorical__c_case_number_13016917CF10A,0.0
categorical__c_case_number_13016921CF10A,0.0
categorical__c_case_number_13016923CF10A,0.0
categorical__c_case_number_13016930MM10A,0.0
categorical__c_case_number_13016933CF10A,0.0
categorical__c_case_number_13016936CF10A,0.0
categorical__c_case_number_13016908CF10A,0.0
categorical__c_case_number_13017122CF10A,0.0
categorical__c_case_number_13017125CF10A,0.0
categorical__c_case_number_13017126CF10A,0.0
categorical__c_case_number_13017134CF10A,0.0
categorical__c_case_number_13017157CF10A,0.0
categorical__c_case_number_13017159CF10A,0.0
categorical__c_case_number_13017167CF10A,0.0
categorical__c_case_number_13017184CF10A,0.0
categorical__c_case_number_13017187MM10A,0.0
categorical__c_case_number_13017188MM10A,0.0
categorical__c_case_number_13017027MM10A,0.0
categorical__c_case_number_13017191CF10A,0.0
categorical__c_case_number_13017194CF10A,0.0
categorical__c_case_number_13017196CF10A,0.0
categorical__c_case_number_13017198MM10A,0.0
categorical__c_case_number_13017204CF10A,0.0
categorical__c_case_number_13017204MM10A,0.0
categorical__c_case_number_13017206CF10A,0.0
categorical__c_case_number_13017207CF10A,0.0
categorical__c_case_number_13017208CF10A,0.0
categorical__c_case_number_13017212MM10A,0.0
categorical__c_case_number_13017189CF10A,0.0
categorical__c_case_number_13017033CF10A,0.0
categorical__c_case_number_13017038CF10A,0.0
categorical__c_case_number_13017038MM10A,0.0
categorical__c_case_number_13017043CF10A,0.0
categorical__c_case_number_13017046MM10A,0.0
categorical__c_case_number_13017051MM10A,0.0
categorical__c_case_number_13017059MM10A,0.0
categorical__c_case_number_13017061MM10A,0.0
categorical__c_case_number_13017062CF10A,0.0
categorical__c_case_number_13017063CF10A,0.0
categorical__c_case_number_13017104CF10A,0.0
categorical__c_case_number_13017070CF10A,0.0
categorical__c_case_number_13017071MM10A,0.0
categorical__c_case_number_13017072CF10A,0.0
categorical__c_case_number_13017074CF10A,0.0
categorical__c_case_number_13017074MM10A,0.0
categorical__c_case_number_13017077CF10A,0.0
categorical__c_case_number_13017081TC10A,0.0
categorical__c_case_number_13017089MM10A,0.0
categorical__c_case_number_13017093MM10A,0.0
categorical__c_case_number_13017101CF10A,0.0
categorical__c_case_number_13017065MM10A,0.0
